snapshot_ts,underlying_price,expiration,days_to_expiration,T,strike,moneyness,forward,log_moneyness,is_otm,option_type,bid,ask,mid_price,bid_ask_spread,rel_spread,volume,openInterest,impliedVolatility,implied_volatility_bs,iv_method,delta_forward,vega
2026-02-25 10:43:14,690.6,2026-03-04,7,0.0197807584982242,680.0,0.9846510280915146,691.1350961687234,-0.016242514691931,False,call,13.7,13.89,13.795,0.1900000000000012,0.0137731061978978,54.0,159.0,0.1831746722412109,0.1779351433819718,newton,0.7453394350459183,31.135144266504984
2026-02-25 10:43:14,690.6,2026-03-04,7,0.0197807584982242,681.0,0.9860990443092962,691.1350961687234,-0.014773006712571,False,call,12.9,13.12,13.01,0.2199999999999988,0.0169100691775556,18.0,291.0,0.1812826013183593,0.1761549919164816,newton,0.7281099360725727,32.198565342121675
2026-02-25 10:43:14,690.6,2026-03-04,7,0.0197807584982242,682.0,0.987547060527078,691.1350961687234,-0.0133056550186213,False,call,12.08,12.3,12.19,0.2200000000000006,0.0180475799835931,27.0,269.0,0.1775594940185547,0.17283784582400316,newton,0.711588949364307,33.13637764137282
2026-02-25 10:43:14,690.6,2026-03-04,7,0.0197807584982242,683.0,0.9889950767448596,691.1350961687234,-0.0118404532912933,False,call,11.25,11.4,11.325,0.1500000000000003,0.0132450331125828,10.0,496.0,0.1712729357910156,0.16778408401010017,newton,0.6957242141044233,33.96363696038316
2026-02-25 10:43:14,690.6,2026-03-04,7,0.0197807584982242,684.0,0.9904430929626412,691.1350961687234,-0.0103773952395329,False,call,10.53,10.74,10.635,0.2100000000000008,0.0197461212976023,10.0,511.0,0.1710898321533203,0.16739417382517166,newton,0.6740856495156987,34.9793642380996
2026-02-25 10:43:14,690.6,2026-03-04,7,0.0197807584982242,685.0,0.9918911091804228,691.1350961687234,-0.0089164745998581,False,call,9.87,10.02,9.945,0.1500000000000003,0.0150829562594268,25.0,867.0,0.1688315539550781,0.16639636410496594,newton,0.6522662468046555,35.87546739051163
2026-02-25 10:43:14,690.6,2026-03-04,7,0.0197807584982242,687.0,0.994787141615986,691.1350961687234,-0.0060010206397341,False,call,8.37,8.49,8.43,0.120000000000001,0.0142348754448399,53.0,1040.0,0.1605613729858398,0.15903180315067858,newton,0.6096285640882116,37.266937730357505
2026-02-25 10:43:14,690.6,2026-03-04,7,0.0197807584982242,688.0,0.9962351578337676,691.1350961687234,-0.0045464749287397,False,call,7.67,7.84,7.755,0.1699999999999999,0.0219213410702772,138.0,584.0,0.1585777502441406,0.15674481949799018,newton,0.5855786498371142,37.847376481623236
2026-02-25 10:43:14,690.6,2026-03-04,7,0.0197807584982242,689.0,0.9976831740515494,691.1350961687234,-0.0030940418484248,False,call,7.02,7.24,7.13,0.2200000000000006,0.0308555399719496,74.0,307.0,0.1572960247802734,0.15515333159500924,newton,0.5602834644252266,38.302042228326485
2026-02-25 10:43:14,690.6,2026-03-04,7,0.0197807584982242,690.0,0.999131190269331,691.1350961687234,-0.0016437152707783,False,call,6.39,6.42,6.404999999999999,0.0300000000000002,0.0046838407494145,393.0,1425.0,0.1499718792724609,0.15032221056278924,newton,0.5348069249188977,38.600370079024486
2026-02-25 10:43:14,690.6,2026-03-04,7,0.0197807584982242,691.0,1.0005792064871126,691.1350961687234,-0.0001954890944135,False,call,5.82,5.83,5.825,0.0099999999999997,0.0017167381974248,611.0,387.0,0.1477136010742187,0.14858674788047405,newton,0.5075383596059133,38.74360775329257
2026-02-25 10:43:14,690.6,2026-03-04,7,0.0197807584982242,692.0,1.0020272227048943,691.1350961687234,0.0012506427555861,True,call,5.12,5.14,5.13,0.0199999999999995,0.0038986354775827,491.0,1090.0,0.1423425610351562,0.1431713570284642,newton,0.47890683440799336,38.69876676816258
2026-02-25 10:43:14,690.6,2026-03-04,7,0.0197807584982242,693.0,1.003475238922676,691.1350961687234,0.0026946863278197,True,call,4.63,4.64,4.635,0.0099999999999997,0.0021574973031283,245.0,445.0,0.1409692837524414,0.14217442416586606,newton,0.4500348727738657,38.45077780997444
2026-02-25 10:43:14,690.6,2026-03-04,7,0.0197807584982242,694.0,1.0049232551404574,691.1350961687234,0.004136647644721,True,call,4.06,4.08,4.07,0.0200000000000004,0.004914004914005,169.0,580.0,0.1373377282714844,0.13856689564338784,newton,0.4194581024612516,37.96465609735177
2026-02-25 10:43:14,690.6,2026-03-04,7,0.0197807584982242,695.0,1.0063712713582391,691.1350961687234,0.0055765327027086,True,call,3.52,3.54,3.53,0.02,0.0056657223796034,113.0,1629.0,0.1334315173339843,0.13474397644197028,newton,0.38762791296711596,37.21122012423339
2026-02-25 10:43:14,690.6,2026-03-04,7,0.0197807584982242,696.0,1.0078192875760208,691.1350961687234,0.0070143474723361,True,call,2.98,3.0,2.99,0.02,0.0066889632107023,69.0,306.0,0.1285792709350585,0.1299417365552306,newton,0.35369988072975084,36.124523131431765
2026-02-25 10:43:14,690.6,2026-03-04,7,0.0197807584982242,697.0,1.0092673037938025,691.1350961687234,0.0084500978984404,True,call,2.51,2.52,2.5149999999999997,0.0100000000000002,0.0039761431411531,227.0,413.0,0.1242763354492187,0.12585500929768925,newton,0.31947318893231846,34.7228861203108
2026-02-25 10:43:14,690.6,2026-03-04,7,0.0197807584982242,698.0,1.0107153200115842,691.1350961687234,0.009883789900289,True,call,2.1,2.12,2.1100000000000003,0.02,0.0094786729857819,712.0,639.0,0.1211635736083984,0.12266152851878934,newton,0.28607332367301697,33.04757337929614
2026-02-25 10:43:14,690.6,2026-03-04,7,0.0197807584982242,699.0,1.0121633362293658,691.1350961687234,0.0113154293717267,True,call,1.75,1.76,1.755,0.01,0.0056980056980057,169.0,274.0,0.1180508117675781,0.11983102453134574,newton,0.2534937837272604,31.10585855852846
2026-02-25 10:43:14,690.6,2026-03-04,7,0.0197807584982242,700.0,1.0136113524471473,691.1350961687234,0.0127450221813212,True,call,1.37,1.39,1.38,0.0199999999999997,0.0144927536231882,702.0,1682.0,0.1134121862792968,0.11499403254805035,newton,0.21755654977071476,28.588499244254432
2026-02-25 10:43:14,690.6,2026-03-04,7,0.0197807584982242,701.0,1.015059368664929,691.1350961687234,0.0141725741725066,True,call,1.09,1.1,1.0950000000000002,0.01,0.0091324200913242,78.0,411.0,0.1099332171630859,0.11177293547005546,newton,0.18561125263133146,25.992800060391126
2026-02-25 10:43:14,690.6,2026-03-04,7,0.0197807584982242,702.0,1.0165073848827106,691.1350961687234,0.0155980911637276,True,call,0.84,0.85,0.845,0.01,0.0118343195266272,307.0,657.0,0.1065152825927734,0.10836134052173756,newton,0.15473994629960094,23.131267177702313
2026-02-25 10:43:14,690.6,2026-03-04,7,0.0197807584982242,703.0,1.0179554011004923,691.1350961687234,0.0170215789485814,True,call,0.6,0.61,0.605,0.01,0.0165289256198347,573.0,3958.0,0.1016935534667968,0.10347201915748898,newton,0.12245489190077097,19.719482848404358
2026-02-25 10:43:14,690.6,2026-03-04,7,0.0197807584982242,704.0,1.019403417318274,691.1350961687234,0.0184430432959589,True,call,0.45,0.46,0.455,0.01,0.0219780219780219,235.0,1719.0,0.0993742407226562,0.10115557953377032,newton,0.09858822176995487,16.879507207790567
2026-02-25 10:43:14,690.6,2026-03-04,7,0.0197807584982242,705.0,1.0208514335360557,691.1350961687234,0.0198624899501851,True,call,0.3,0.31,0.305,0.01,0.0327868852459016,583.0,2037.0,0.0949797534179687,0.09676915023901812,newton,0.07311558964893489,13.492596355939906
2026-02-25 10:43:14,690.6,2026-03-04,7,0.0197807584982242,706.0,1.0222994497538371,691.1350961687234,0.0212799246311586,True,call,0.2,0.21,0.205,0.0099999999999999,0.0487804878048779,233.0,1029.0,0.09180595703125,0.09356196282648274,newton,0.05359891058876326,10.593061727452637
2026-02-25 10:43:14,690.6,2026-03-04,7,0.0197807584982242,707.0,1.0237474659716188,691.1350961687234,0.0226953530344892,True,call,0.14,0.15,0.145,0.0099999999999999,0.0689655172413791,215.0,1002.0,0.0903411279296875,0.09203045025411072,newton,0.04029516558460918,8.42549416075032
2026-02-25 10:43:14,690.6,2026-03-04,7,0.0197807584982242,625.0,0.9050101361135244,691.1350961687234,-0.1005836631256819,True,put,0.1,0.11,0.105,0.0099999999999999,0.0952380952380951,60.0,731.0,0.2949289257812499,0.31088494604546135,newton,-0.01010180131483519,2.6134608245569413
2026-02-25 10:43:14,690.6,2026-03-04,7,0.0197807584982242,630.0,0.9122502172024326,691.1350961687234,-0.092615493476505,True,put,0.12,0.13,0.125,0.01,0.08,70.0,781.0,0.2807689111328124,0.2960009282890644,newton,-0.01235911501568578,3.114346234013751
2026-02-25 10:43:14,690.6,2026-03-04,7,0.0197807584982242,635.0,0.9194902982913408,691.1350961687234,-0.0847103139693918,True,put,0.15,0.16,0.155,0.01,0.0645161290322581,49.0,673.0,0.2670971728515625,0.2823344601949179,newton,-0.015642325787245503,3.8157439876399097
2026-02-25 10:43:14,690.6,2026-03-04,7,0.0197807584982242,640.0,0.926730379380249,691.1350961687234,-0.0768671365083659,True,put,0.2,0.21,0.205,0.0099999999999999,0.0487804878048779,54.0,342.0,0.2561109545898438,0.2708786954837709,newton,-0.020825622329630953,4.870052367916262
2026-02-25 10:43:14,690.6,2026-03-04,7,0.0197807584982242,645.0,0.9339704604691572,691.1350961687234,-0.0690849960663109,True,put,0.25,0.26,0.255,0.01,0.0392156862745098,254.0,722.0,0.242195078125,0.2563616510281009,newton,-0.026532233938023536,5.970394713364723
2026-02-25 10:43:14,690.6,2026-03-04,7,0.0197807584982242,650.0,0.9412105415580654,691.1350961687234,-0.0613629499724006,True,put,0.35,0.36,0.355,0.01,0.028169014084507,114.0,3533.0,0.2321854125976562,0.24620229868382465,newton,-0.036746496149181615,7.81565891914582
2026-02-25 10:43:14,690.6,2026-03-04,7,0.0197807584982242,651.0,0.9426585577758472,691.1350961687234,-0.0598256706535142,True,put,0.36,0.37,0.365,0.01,0.0273972602739726,36.0,257.0,0.22852333984375,0.24237963488526884,newton,-0.03816877988029198,8.061840870091542
2026-02-25 10:43:14,690.6,2026-03-04,7,0.0197807584982242,653.0,0.9455545902114104,691.1350961687234,-0.0567581835856524,True,put,0.41,0.42,0.415,0.01,0.0240963855421686,135.0,319.0,0.2241288525390624,0.2379657312363891,newton,-0.043361782939601454,8.941067270551885
2026-02-25 10:43:14,690.6,2026-03-04,7,0.0197807584982242,654.0,0.947002606429192,691.1350961687234,-0.0552279614048847,True,put,0.43,0.44,0.435,0.01,0.0229885057471264,34.0,320.0,0.2211991943359375,0.23492994704999193,newton,-0.04567375320877784,9.323161042805026
2026-02-25 10:43:14,690.6,2026-03-04,7,0.0197807584982242,655.0,0.9484506226469736,691.1350961687234,-0.0537000772268315,True,put,0.47,0.48,0.475,0.01,0.0210526315789473,95.0,3533.0,0.2199785034179687,0.23379683056890058,newton,-0.0494823831467118,9.94088780272887
2026-02-25 10:43:14,690.6,2026-03-04,7,0.0197807584982242,656.0,0.9498986388647552,691.1350961687234,-0.0521745239179944,True,put,0.49,0.5,0.495,0.01,0.0202020202020202,13.0,210.0,0.21680470703125,0.23042342655482134,newton,-0.051922264700575864,10.329312494325183
2026-02-25 10:43:14,690.6,2026-03-04,7,0.0197807584982242,657.0,0.9513466550825368,691.1350961687234,-0.0506512943774729,True,put,0.54,0.55,0.545,0.01,0.018348623853211,14.0,136.0,0.2160722924804687,0.2296882579368593,newton,-0.05654574781770489,11.050581764620917
2026-02-25 10:43:14,690.6,2026-03-04,7,0.0197807584982242,658.0,0.9527946713003186,691.1350961687234,-0.0491303815367662,True,put,0.57,0.58,0.575,0.01,0.0173913043478261,46.0,205.0,0.2132647033691406,0.22685636023004238,newton,-0.0598351474682278,11.552528124722896
2026-02-25 10:43:14,690.6,2026-03-04,7,0.0197807584982242,659.0,0.9542426875181002,691.1350961687234,-0.0476117783595762,True,put,0.62,0.63,0.625,0.01,0.016,67.0,13702.0,0.2119219433593749,0.22549804391170472,newton,-0.06457502458193742,12.260336094086954
2026-02-25 10:43:14,690.6,2026-03-04,7,0.0197807584982242,660.0,0.9556907037358818,691.1350961687234,-0.0460954778416122,True,put,0.65,0.66,0.655,0.01,0.015267175572519,93.0,889.0,0.2087481469726562,0.22226603419875063,newton,-0.06803806750364683,12.766465685896588
2026-02-25 10:43:14,690.6,2026-03-04,7,0.0197807584982242,663.0,0.9600347523892268,691.1350961687234,-0.0415603226762209,True,put,0.81,0.83,0.8200000000000001,0.0199999999999999,0.0243902439024389,91.0,215.0,0.2037433142089843,0.21679943990707987,newton,-0.08400220819178136,14.989745346363417
2026-02-25 10:43:14,690.6,2026-03-04,7,0.0197807584982242,665.0,0.96293078482479,691.1350961687234,-0.0385482722062293,True,put,0.92,0.94,0.93,0.0199999999999999,0.0215053763440859,126.0,671.0,0.1987384814453124,0.21177876054706096,newton,-0.0951838452260987,16.449603442968773
2026-02-25 10:43:14,690.6,2026-03-04,7,0.0197807584982242,666.0,0.9643788010425716,691.1350961687234,-0.0370456423216943,True,put,1.0,1.01,1.005,0.01,0.0099502487562189,42.0,100.0,0.1967853759765624,0.21006680698842597,newton,-0.1022085782009488,17.32956957295304
2026-02-25 10:43:14,690.6,2026-03-04,7,0.0197807584982242,667.0,0.9658268172603532,691.1350961687234,-0.0355452669464597,True,put,1.07,1.08,1.0750000000000002,0.01,0.0093023255813953,46.0,255.0,0.1945270977783203,0.20775273847004957,newton,-0.10906249259414287,18.162181369412046
2026-02-25 10:43:14,690.6,2026-03-04,7,0.0197807584982242,669.0,0.9687228496959166,691.1350961687234,-0.032551252733855,True,put,1.25,1.26,1.255,0.01,0.0079681274900398,36.0,204.0,0.1911091632080078,0.20430596896020492,newton,-0.12556038018332596,20.068066686899474
2026-02-25 10:43:14,690.6,2026-03-04,7,0.0197807584982242,670.0,0.9701708659136982,691.1350961687234,-0.0310576004770717,True,put,1.33,1.35,1.34,0.02,0.0149253731343283,352.0,1083.0,0.188911919555664,0.2018324361998529,newton,-0.1337731398719861,20.968246386959624
2026-02-25 10:43:14,690.6,2026-03-04,7,0.0197807584982242,671.0,0.9716188821314798,691.1350961687234,-0.0295661758904016,True,put,1.44,1.46,1.45,0.02,0.0137931034482758,383.0,190.0,0.1872639868164062,0.20020550353582064,newton,-0.14353965034329036,21.999251119517023
2026-02-25 10:43:14,690.6,2026-03-04,7,0.0197807584982242,672.0,0.9730668983492616,691.1350961687234,-0.0280769723389339,True,put,1.55,1.56,1.5550000000000002,0.01,0.0064308681672025,198.0,240.0,0.1848226049804687,0.19798639490573805,newton,-0.1532265502853919,22.981358330886888
2026-02-25 10:43:14,690.6,2026-03-04,7,0.0197807584982242,673.0,0.9745149145670432,691.1350961687234,-0.0265899832173556,True,put,1.65,1.66,1.6549999999999998,0.01,0.0060422960725075,166.0,240.0,0.1821370849609375,0.19522430608319055,newton,-0.1628978615084066,23.923380607072378
2026-02-25 10:43:14,690.6,2026-03-04,7,0.0197807584982242,674.0,0.9759629307848248,691.1350961687234,-0.0251052019497764,True,put,1.78,1.79,1.785,0.01,0.0056022408963585,151.0,692.0,0.1803060485839843,0.19336305504323628,newton,-0.1743219276818212,24.988626308015917
2026-02-25 10:43:14,690.6,2026-03-04,7,0.0197807584982242,675.0,0.9774109470026064,691.1350961687234,-0.0236226219895536,True,put,1.87,1.89,1.88,0.0199999999999997,0.0106382978723403,448.0,1033.0,0.1769491485595703,0.18976888228805075,newton,-0.18434868803450286,25.88283036806656
2026-02-25 10:43:14,690.6,2026-03-04,7,0.0197807584982242,676.0,0.978858963220388,691.1350961687234,-0.0221422368191193,True,put,1.99,2.01,2.0,0.0199999999999997,0.0099999999999998,148.0,510.0,0.1740805249023437,0.18683651091476408,newton,-0.19592256376531234,26.869439509631995
2026-02-25 10:43:14,690.6,2026-03-04,7,0.0197807584982242,677.0,0.9803069794381696,691.1350961687234,-0.0206640399498084,True,put,2.13,2.15,2.1399999999999997,0.02,0.0093457943925233,156.0,586.0,0.1715781085205078,0.1842913399317929,newton,-0.20876410669527268,27.909033626873423
2026-02-25 10:43:14,690.6,2026-03-04,7,0.0197807584982242,678.0,0.9817549956559514,691.1350961687234,-0.0191880249216878,True,put,2.36,2.37,2.365,0.0100000000000002,0.0042283298097252,556.0,382.0,0.1712729357910156,0.18429973098989313,newton,-0.22549821767117262,29.180237014425746
2026-02-25 10:43:14,690.6,2026-03-04,7,0.0197807584982242,679.0,0.9832030118737328,691.1350961687234,-0.0177141853033873,True,put,2.51,2.52,2.5149999999999997,0.0100000000000002,0.0039761431411531,175.0,258.0,0.1682212084960938,0.18125652360259176,newton,-0.2394199767455255,30.168507992303315
2026-02-25 10:43:14,690.6,2026-03-04,7,0.0197807584982242,680.0,0.9846510280915146,691.1350961687234,-0.016242514691931,True,put,2.67,2.68,2.675,0.0100000000000002,0.0037383177570094,546.0,1427.0,0.1651694812011719,0.1781653545419485,newton,-0.25421221816685186,31.15207866099499
2026-02-25 10:43:14,690.6,2026-03-04,7,0.0197807584982242,681.0,0.9860990443092962,691.1350961687234,-0.014773006712571,True,put,2.86,2.88,2.87,0.02,0.0069686411149825,498.0,267.0,0.1629112030029297,0.17577847975533914,newton,-0.27076406284366733,32.174037039676435
2026-02-25 10:43:14,690.6,2026-03-04,7,0.0197807584982242,682.0,0.987547060527078,691.1350961687234,-0.0133056550186213,True,put,3.05,3.07,3.0599999999999996,0.02,0.0065359477124183,137.0,378.0,0.1599510275268554,0.17279539290046164,newton,-0.28765437327540855,33.13393951817604
2026-02-25 10:43:14,690.6,2026-03-04,7,0.0197807584982242,683.0,0.9889950767448596,691.1350961687234,-0.0118404532912933,True,put,3.25,3.27,3.26,0.02,0.0061349693251533,125.0,497.0,0.1568077484130859,0.1696747843812435,newton,-0.3054737221211082,34.05846685461132
2026-02-25 10:43:14,690.6,2026-03-04,7,0.0197807584982242,684.0,0.9904430929626412,691.1350961687234,-0.0103773952395329,True,put,3.5,3.52,3.51,0.02,0.0056980056980057,102.0,504.0,0.1546105047607422,0.16753758999308663,newton,-0.3253346596725801,34.98517577007865
2026-02-25 10:43:14,690.6,2026-03-04,7,0.0197807584982242,685.0,0.9918911091804228,691.1350961687234,-0.0089164745998581,True,put,3.78,3.8,3.79,0.02,0.0052770448548812,701.0,1506.0,0.1526879165649414,0.16571962558415143,newton,-0.3464653957233596,35.85418351278317
2026-02-25 10:43:14,690.6,2026-03-04,7,0.0197807584982242,686.0,0.9933391253982043,691.1350961687234,-0.0074576851361982,True,put,4.06,4.07,4.0649999999999995,0.0100000000000006,0.0024600246002461,162.0,464.0,0.1499718792724609,0.16321377025754272,newton,-0.36803767234286205,36.61994260823813
2026-02-25 10:43:14,690.6,2026-03-04,7,0.0197807584982242,687.0,0.994787141615986,691.1350961687234,-0.0060010206397341,True,put,4.32,4.34,4.33,0.0199999999999995,0.0046189376443417,165.0,535.0,0.1467370483398437,0.15989440026538795,newton,-0.3901913530172211,37.281348436227525
2026-02-25 10:43:14,690.6,2026-03-04,7,0.0197807584982242,688.0,0.9962351578337676,691.1350961687234,-0.0045464749287397,True,put,4.61,4.63,4.62,0.0199999999999995,0.0043290043290042,148.0,330.0,0.1434411828613281,0.15668839345317992,newton,-0.4136821244632734,37.84679834268562
2026-02-25 10:43:14,690.6,2026-03-04,7,0.0197807584982242,689.0,0.9976831740515494,691.1350961687234,-0.0030940418484248,True,put,4.91,4.93,4.92,0.0199999999999995,0.0040650406504064,606.0,297.0,0.1397791101074219,0.15315778110256695,newton,-0.4383321100862858,38.292003403567136
2026-02-25 10:43:14,690.6,2026-03-04,7,0.0197807584982242,690.0,0.999131190269331,691.1350961687234,-0.0016437152707783,True,put,5.25,5.27,5.26,0.0199999999999995,0.0038022813688212,1593.0,282.0,0.1365137619018555,0.1500447025345536,newton,-0.4644318700167423,38.59994610858328
2026-02-25 10:43:14,690.6,2026-03-05,8,0.0225204845256215,680.0,0.9846510280915146,691.1351094939342,-0.0162425339721135,False,call,14.07,14.26,14.165,0.1899999999999995,0.0134133427462054,11.0,966.0,0.1820150158691406,0.17779468447129373,newton,0.7324681000334132,34.069972568988426
2026-02-25 10:43:14,690.6,2026-03-05,8,0.0225204845256215,683.0,0.9889950767448596,691.1351094939342,-0.0118404725714758,False,call,11.88,12.02,11.95,0.1399999999999988,0.011715481171548,64.0,244.0,0.1765219067382812,0.17431413057337752,newton,0.6787393575777568,37.09478333126123
2026-02-25 10:43:14,690.6,2026-03-05,8,0.0225204845256215,684.0,0.9904430929626412,691.1351094939342,-0.0103774145197154,False,call,11.04,11.24,11.14,0.200000000000001,0.0179533213644525,15.0,235.0,0.1731039721679687,0.17033788692440874,newton,0.6617625911041811,37.87331343357811
2026-02-25 10:43:14,690.6,2026-03-05,8,0.0225204845256215,685.0,0.9918911091804228,691.1351094939342,-0.0089164938800405,False,call,10.3,10.5,10.4,0.1999999999999993,0.0192307692307691,21.0,420.0,0.1702963830566406,0.16779875561948757,newton,0.6425510894439532,38.655647542563734
2026-02-25 10:43:14,690.6,2026-03-05,8,0.0225204845256215,689.0,0.9976831740515494,691.1351094939342,-0.0030940611286073,False,call,7.55,7.69,7.62,0.1400000000000005,0.0183727034120735,19.0,275.0,0.1582420602416992,0.15740853953894832,newton,0.5563219725234646,40.9243873797478
2026-02-25 10:43:14,690.6,2026-03-05,8,0.0225204845256215,690.0,0.999131190269331,691.1351094939342,-0.0016437345509607,False,call,6.95,6.97,6.96,0.0199999999999995,0.0028735632183907,179.0,958.0,0.1536339520263672,0.15437025481816974,newton,0.5324584580158198,41.20315654736566
2026-02-25 10:43:14,690.6,2026-03-05,8,0.0225204845256215,691.0,1.0005792064871126,691.1351094939342,-0.000195508374596,False,call,6.24,6.27,6.255,0.0299999999999993,0.0047961630695442,231.0,250.0,0.1489953265380859,0.14967199733798037,newton,0.5075406789516206,41.335528403531576
2026-02-25 10:43:14,690.6,2026-03-05,8,0.0225204845256215,692.0,1.0020272227048943,691.1351094939342,0.0012506234754036,True,call,5.61,5.64,5.625,0.0299999999999993,0.0053333333333332,160.0,445.0,0.1453942883300781,0.14617956650278455,newton,0.4812482450372606,41.29994504570002
2026-02-25 10:43:14,690.6,2026-03-05,8,0.0225204845256215,693.0,1.003475238922676,691.1351094939342,0.0026946670476374,True,call,5.03,5.05,5.04,0.0199999999999995,0.0039682539682538,109.0,416.0,0.1420984228515625,0.14312327007269418,newton,0.4539649086325824,41.072574785857846
2026-02-25 10:43:14,690.6,2026-03-05,8,0.0225204845256215,694.0,1.0049232551404574,691.1351094939342,0.0041366283645385,True,call,4.47,4.49,4.48,0.0200000000000004,0.0044642857142858,13.0,245.0,0.1388025573730469,0.13998062999945718,newton,0.4257137496709658,40.63157622670828
2026-02-25 10:43:14,690.6,2026-03-05,8,0.0225204845256215,695.0,1.0063712713582391,691.1351094939342,0.0055765134225261,True,call,4.01,4.03,4.02,0.0200000000000004,0.0049751243781095,229.0,1328.0,0.1372766937255859,0.1385857734850094,newton,0.3979819983931854,39.99309428314482
2026-02-25 10:43:14,690.6,2026-03-05,8,0.0225204845256215,696.0,1.0078192875760208,691.1351094939342,0.0070143281921537,True,call,3.41,3.43,3.42,0.02,0.0058479532163742,42.0,638.0,0.1315394464111328,0.13287738889603185,newton,0.3659578774486097,38.99802813047497
2026-02-25 10:43:14,690.6,2026-03-05,8,0.0225204845256215,697.0,1.0092673037938025,691.1351094939342,0.008450078618258,True,call,2.93,2.95,2.9400000000000004,0.02,0.0068027210884353,65.0,481.0,0.127938408203125,0.12931572432283342,newton,0.33488101221324856,37.76181634410696
2026-02-25 10:43:14,690.6,2026-03-05,8,0.0225204845256215,698.0,1.0107153200115842,691.1351094939342,0.0098837706201066,True,call,2.53,2.55,2.54,0.02,0.0078740157480315,137.0,332.0,0.1254970263671875,0.12697150614772593,newton,0.30506340716445157,36.316992820099244
2026-02-25 10:43:14,690.6,2026-03-05,8,0.0225204845256215,699.0,1.0121633362293658,691.1351094939342,0.0113154100915442,True,call,2.08,2.09,2.085,0.0099999999999997,0.0047961630695442,178.0,249.0,0.1204616763305664,0.12207619363631123,newton,0.27120748594805266,34.356252960115455
2026-02-25 10:43:14,690.6,2026-03-05,8,0.0225204845256215,700.0,1.0136113524471473,691.1351094939342,0.0127450029011387,True,call,1.74,1.76,1.75,0.02,0.0114285714285714,258.0,459.0,0.1179897772216796,0.11954061828475156,newton,0.24130487540868045,32.32630720553643
2026-02-25 10:43:14,690.6,2026-03-05,8,0.0225204845256215,701.0,1.015059368664929,691.1351094939342,0.0141725548923242,True,call,1.38,1.39,1.3849999999999998,0.01,0.0072202166064982,304.0,697.0,0.1131680480957031,0.11484586208168916,newton,0.20773750221529536,29.69148623930364
2026-02-25 10:43:14,690.6,2026-03-05,8,0.0225204845256215,702.0,1.0165073848827106,691.1351094939342,0.0155980718835453,True,call,1.09,1.1,1.0950000000000002,0.01,0.0091324200913242,138.0,559.0,0.1095670098876953,0.11123528476149167,newton,0.17706174675356395,26.926750445136523
2026-02-25 10:43:14,690.6,2026-03-05,8,0.0225204845256215,703.0,1.0179554011004923,691.1351094939342,0.0170215596683989,True,call,0.86,0.87,0.865,0.01,0.0115606936416185,303.0,490.0,0.1067594207763672,0.1084621032013044,newton,0.14960153680019855,24.13325225481701
2026-02-25 10:43:14,690.6,2026-03-05,8,0.0225204845256215,704.0,1.019403417318274,691.1351094939342,0.0184430240157764,True,call,0.66,0.67,0.665,0.01,0.0150375939849624,233.0,321.0,0.1037687280273437,0.10550218441143877,newton,0.12354304386585888,21.17109051386317
2026-02-25 10:43:14,690.6,2026-03-05,8,0.0225204845256215,705.0,1.0208514335360557,691.1351094939342,0.0198624706700027,True,call,0.48,0.49,0.485,0.01,0.0206185567010309,137.0,1196.0,0.1001066552734375,0.10180367198621665,newton,0.09801705313674165,17.93361311713316
2026-02-25 10:43:14,690.6,2026-03-05,8,0.0225204845256215,706.0,1.0222994497538371,691.1351094939342,0.0212799053509762,True,call,0.35,0.36,0.355,0.01,0.028169014084507,36.0,253.0,0.0974211352539062,0.09907064285381081,newton,0.07717752161621644,15.002234394786782
2026-02-25 10:43:14,690.6,2026-03-05,8,0.0225204845256215,707.0,1.0237474659716188,691.1351094939342,0.0226953337543069,True,call,0.23,0.24,0.235,0.0099999999999999,0.0425531914893616,3859.0,139.0,0.0933928552246093,0.09492626428343433,newton,0.05631894616024237,11.753519638316
2026-02-25 10:43:14,690.6,2026-03-05,8,0.0225204845256215,708.0,1.0251954821894005,691.1351094939342,0.0241087615514538,True,call,0.17,0.18,0.175,0.0099999999999999,0.057142857142857,33.0,163.0,0.0922942333984375,0.09385928425039573,newton,0.04410033922373632,9.670880847495205
2026-02-25 10:43:14,690.6,2026-03-05,8,0.0225204845256215,709.0,1.0266434984071822,691.1351094939342,0.0255201943898615,True,call,0.12,0.13,0.125,0.01,0.08,14.0,276.0,0.0910735424804687,0.09240403405855516,newton,0.033342099386544075,7.699718644329075
2026-02-25 10:43:14,690.6,2026-03-05,8,0.0225204845256215,630.0,0.9122502172024326,691.1351094939342,-0.0926155127566874,True,put,0.19,0.2,0.195,0.01,0.0512820512820513,2585.0,2041.0,0.2817454638671874,0.2954626274065571,newton,-0.017374302222716864,4.454302592534102
2026-02-25 10:43:14,690.6,2026-03-05,8,0.0225204845256215,635.0,0.9194902982913408,691.1351094939342,-0.0847103332495742,True,put,0.23,0.24,0.235,0.0099999999999999,0.0425531914893616,365.0,490.0,0.2680737255859374,0.2816762917079894,newton,-0.021409485389452917,5.319285887255826
2026-02-25 10:43:14,690.6,2026-03-05,8,0.0225204845256215,640.0,0.926730379380249,691.1351094939342,-0.0768671557885483,True,put,0.28,0.29,0.285,0.0099999999999999,0.0350877192982454,283.0,658.0,0.2546461254882813,0.2677063372457823,newton,-0.026569941870237382,6.377914342880591
2026-02-25 10:43:14,690.6,2026-03-05,8,0.0225204845256215,645.0,0.9339704604691572,691.1351094939342,-0.0690850153464933,True,put,0.37,0.38,0.375,0.01,0.0266666666666666,14.0,304.0,0.24414818359375,0.25695070821828286,newton,-0.035049965099174435,8.022475002157115
2026-02-25 10:43:14,690.6,2026-03-05,8,0.0225204845256215,650.0,0.9412105415580654,691.1351094939342,-0.061362969252583,True,put,0.48,0.49,0.485,0.01,0.0206185567010309,32.0,397.0,0.23242955078125,0.24495871098429514,newton,-0.0457028532169378,9.952782753596937
2026-02-25 10:43:14,690.6,2026-03-05,8,0.0225204845256215,651.0,0.9426585577758472,691.1351094939342,-0.0598256899336966,True,put,0.5,0.51,0.505,0.01,0.0198019801980198,150.0,280.0,0.229499892578125,0.24195570089038596,newton,-0.04783808149807888,10.324095129524727
2026-02-25 10:43:14,690.6,2026-03-05,8,0.0225204845256215,653.0,0.9455545902114104,691.1351094939342,-0.0567582028658348,True,put,0.56,0.58,0.5700000000000001,0.0199999999999999,0.0350877192982454,76.0,210.0,0.2258378198242187,0.23786154407493706,newton,-0.05388317910508409,11.350088263065066
2026-02-25 10:43:14,690.6,2026-03-05,8,0.0225204845256215,655.0,0.9484506226469736,691.1351094939342,-0.053700096507014,True,put,0.65,0.66,0.655,0.01,0.015267175572519,3512.0,516.0,0.2222978161621093,0.23463843456541691,newton,-0.061406076032077594,12.578781844325018
2026-02-25 10:43:14,690.6,2026-03-05,8,0.0225204845256215,656.0,0.9498986388647552,691.1351094939342,-0.0521745431981768,True,put,0.68,0.69,0.685,0.0099999999999998,0.0145985401459852,28.0,123.0,0.2194902270507812,0.23172354839418938,newton,-0.06448496690961113,13.067406989244253
2026-02-25 10:43:14,690.6,2026-03-05,8,0.0225204845256215,658.0,0.9527946713003186,691.1351094939342,-0.0491304008169486,True,put,0.77,0.78,0.775,0.01,0.0129032258064516,31.0,353.0,0.2154619470214843,0.22760743998978566,newton,-0.07271161604960985,14.335444281160193
2026-02-25 10:43:14,690.6,2026-03-05,8,0.0225204845256215,660.0,0.9556907037358818,691.1351094939342,-0.0460954971217946,True,put,0.85,0.86,0.855,0.01,0.0116959064327485,3560.0,503.0,0.2099688378906249,0.22203217327600486,newton,-0.08067940010443375,15.515050068767763
2026-02-25 10:43:14,690.6,2026-03-05,8,0.0225204845256215,662.0,0.9585867361714452,691.1351094939342,-0.0430697762052577,True,put,1.0,1.01,1.005,0.01,0.0099502487562189,14.0,108.0,0.207893663330078,0.21994164219170448,newton,-0.09310844712389488,17.26828728277728
2026-02-25 10:43:14,690.6,2026-03-05,8,0.0225204845256215,663.0,0.9600347523892268,691.1351094939342,-0.0415603419564033,True,put,1.04,1.06,1.05,0.02,0.019047619047619,45.0,220.0,0.2050860742187499,0.2167517029079535,newton,-0.09776026899796962,17.89917087862917
2026-02-25 10:43:14,690.6,2026-03-05,8,0.0225204845256215,665.0,0.96293078482479,691.1351094939342,-0.0385482914864117,True,put,1.2,1.21,1.205,0.01,0.0082987551867219,32.0,486.0,0.2013019323730468,0.21326227864607897,newton,-0.11104966307796461,19.631277403211815
2026-02-25 10:43:14,690.6,2026-03-05,8,0.0225204845256215,667.0,0.9658268172603532,691.1351094939342,-0.0355452862266421,True,put,1.37,1.38,1.375,0.0099999999999997,0.0072727272727271,23.0,926.0,0.1975177905273437,0.2094037853567184,newton,-0.12562358397786588,21.41965469236832
2026-02-25 10:43:14,690.6,2026-03-05,8,0.0225204845256215,670.0,0.9701708659136982,691.1351094939342,-0.0310576197572541,True,put,1.64,1.66,1.65,0.02,0.0121212121212121,89.0,1074.0,0.1909260595703125,0.20248215167020572,newton,-0.14967870340832043,24.141555565604417
2026-02-25 10:43:14,690.6,2026-03-05,8,0.0225204845256215,673.0,0.9745149145670432,691.1351094939342,-0.0265900024975381,True,put,2.0,2.02,2.01,0.02,0.0099502487562189,50.0,151.0,0.1848836395263671,0.19643691631263452,newton,-0.17949407846390922,27.159196053983013
2026-02-25 10:43:14,690.6,2026-03-05,8,0.0225204845256215,674.0,0.9759629307848248,691.1351094939342,-0.0251052212299588,True,put,2.13,2.14,2.135,0.0100000000000002,0.0046838407494146,27.0,185.0,0.1823201885986328,0.19398998832545888,newton,-0.1901080583094535,28.146350607745553
2026-02-25 10:43:14,690.6,2026-03-05,8,0.0225204845256215,675.0,0.9774109470026064,691.1351094939342,-0.023622641269736,True,put,2.26,2.28,2.2699999999999996,0.02,0.0088105726872246,102.0,702.0,0.180122944946289,0.19158850758385892,newton,-0.2014157672033373,29.150674920927344
2026-02-25 10:43:14,690.6,2026-03-05,8,0.0225204845256215,678.0,0.9817549956559514,691.1351094939342,-0.0191880442018703,True,put,2.73,2.75,2.74,0.02,0.0072992700729927,25.0,159.0,0.1731039721679687,0.18456820020879974,newton,-0.23970928051511398,32.2097938236076
2026-02-25 10:43:14,690.6,2026-03-05,8,0.0225204845256215,680.0,0.9846510280915146,691.1351094939342,-0.0162425339721135,True,put,3.06,3.08,3.0700000000000003,0.02,0.006514657980456,217.0,552.0,0.1673056903076172,0.17870622454916504,newton,-0.2677199696628289,34.13423981019212
2026-02-25 10:43:14,690.6,2026-03-05,8,0.0225204845256215,681.0,0.9860990443092962,691.1351094939342,-0.0147730259927534,True,put,3.23,3.25,3.24,0.02,0.0061728395061728,20.0,131.0,0.1640098248291016,0.1754102329145587,newton,-0.28262878210856857,35.05679371417134
2026-02-25 10:43:14,690.6,2026-03-05,8,0.0225204845256215,682.0,0.987547060527078,691.1351094939342,-0.0133056742988038,True,put,3.51,3.54,3.525,0.0300000000000002,0.0085106382978724,28.0,207.0,0.1635825830078125,0.17496041597693202,newton,-0.30132402840195865,36.11743591765622
2026-02-25 10:43:14,690.6,2026-03-05,8,0.0225204845256215,683.0,0.9889950767448596,691.1351094939342,-0.0118404725714758,True,put,3.71,3.73,3.72,0.02,0.0053763440860215,13.0,233.0,0.1600730966186523,0.1715738730236076,newton,-0.3179423703959993,36.97273392744877
2026-02-25 10:43:14,690.6,2026-03-05,8,0.0225204845256215,684.0,0.9904430929626412,691.1351094939342,-0.0103774145197154,True,put,3.91,3.93,3.92,0.02,0.0051020408163265,25.0,276.0,0.1564415411376953,0.1679409632766631,newton,-0.3353793246716438,37.78378423601824
2026-02-25 10:43:14,690.6,2026-03-05,8,0.0225204845256215,685.0,0.9918911091804228,691.1351094939342,-0.0089164938800405,True,put,4.22,4.24,4.23,0.0200000000000004,0.0047281323877069,192.0,423.0,0.1551598156738281,0.1667671367683097,newton,-0.3558512879436647,38.625622436213725
2026-02-25 10:43:14,690.6,2026-03-05,8,0.0225204845256215,686.0,0.9933391253982043,691.1351094939342,-0.0074577044163806,True,put,4.42,4.44,4.43,0.0200000000000004,0.0045146726862303,136.0,252.0,0.1507042938232422,0.16228839035637577,newton,-0.3747891217789585,39.30036312522259
2026-02-25 10:43:14,690.6,2026-03-05,8,0.0225204845256215,687.0,0.994787141615986,691.1351094939342,-0.0060010399199165,True,put,4.76,4.79,4.775,0.0300000000000002,0.006282722513089,298.0,601.0,0.149422568359375,0.16102420739046358,newton,-0.39694710998211763,39.965285714201435
2026-02-25 10:43:14,690.6,2026-03-05,8,0.0225204845256215,688.0,0.9962351578337676,691.1351094939342,-0.0045464942089221,True,put,5.02,5.04,5.029999999999999,0.0200000000000004,0.0039761431411531,55.0,381.0,0.1452722192382812,0.15699979354348859,newton,-0.41854431656554175,40.486145525394775
2026-02-25 10:43:14,690.6,2026-03-05,8,0.0225204845256215,689.0,0.9976831740515494,691.1351094939342,-0.0030940611286073,True,put,5.34,5.36,5.35,0.0200000000000004,0.0037383177570094,18.0,144.0,0.1422204919433593,0.15406955205848108,newton,-0.4418466077685202,40.909129049227964
2026-02-25 10:43:14,690.6,2026-03-05,8,0.0225204845256215,690.0,0.999131190269331,691.1351094939342,-0.0016437345509607,True,put,5.7,5.72,5.71,0.0199999999999995,0.0035026269702275,136.0,395.0,0.1395654891967773,0.15155941009808563,newton,-0.4662921683811449,41.19937360459635
2026-02-25 10:43:14,690.6,2026-03-06,9,0.0252602105530187,668.0,0.9672748334781348,691.3603275212248,-0.0343729723815688,False,call,25.18,25.35,25.265,0.1700000000000017,0.0067286760340392,20.0,176.0,0.2298050653076171,0.2155681549051909,newton,0.8454594727343049,26.022228996663852
2026-02-25 10:43:14,690.6,2026-03-06,9,0.0252602105530187,675.0,0.9774109470026064,691.3603275212248,-0.0239484550456847,False,call,19.03,19.19,19.11,0.1600000000000001,0.0083725798011512,10.0,570.0,0.2077105596923827,0.19802390898593303,newton,0.7806103005199202,32.39324706415582
2026-02-25 10:43:14,690.6,2026-03-06,9,0.0252602105530187,680.0,0.9846510280915146,691.3603275212248,-0.0165683477480622,False,call,14.88,15.03,14.955,0.1499999999999985,0.0100300902708123,217.0,1913.0,0.1920857159423828,0.18504417390817757,newton,0.7177365770359609,37.0575389236131
2026-02-25 10:43:14,690.6,2026-03-06,9,0.0252602105530187,681.0,0.9860990443092962,691.3603275212248,-0.0150988397687022,False,call,14.1,14.27,14.185,0.1699999999999999,0.0119844906591469,28.0,1151.0,0.1899800241088867,0.18318030344059064,newton,0.7024041659432531,37.993455860337974
2026-02-25 10:43:14,690.6,2026-03-06,9,0.0252602105530187,682.0,0.987547060527078,691.3603275212248,-0.0136314880747525,False,call,13.35,13.51,13.43,0.1600000000000001,0.0119136262099776,492.0,1764.0,0.1875691595458984,0.18133978788244612,newton,0.6863804807278485,38.891741618510245
2026-02-25 10:43:14,690.6,2026-03-06,9,0.0252602105530187,683.0,0.9889950767448596,691.3603275212248,-0.0121662863474245,False,call,12.69,12.7,12.695,0.0099999999999997,0.0007877116975186,124.0,1418.0,0.1836019140624999,0.17962839292835112,newton,0.6695767571332126,39.74813923991613
2026-02-25 10:43:14,690.6,2026-03-06,9,0.0252602105530187,684.0,0.9904430929626412,691.3603275212248,-0.0107032282956641,False,call,11.78,11.92,11.85,0.1400000000000005,0.0118143459915612,79.0,1751.0,0.1800924276733398,0.17480989315550108,newton,0.6545060976401232,40.443185708525334
2026-02-25 10:43:14,690.6,2026-03-06,9,0.0252602105530187,685.0,0.9918911091804228,691.3603275212248,-0.0092423076559893,False,call,11.12,11.25,11.185,0.1300000000000007,0.0116227089852481,213.0,2684.0,0.1787801849365234,0.17406729064803633,newton,0.6354673256384665,41.22441799511497
2026-02-25 10:43:14,690.6,2026-03-06,9,0.0252602105530187,686.0,0.9933391253982043,691.3603275212248,-0.0077835181923294,False,call,10.3,10.43,10.365,0.129999999999999,0.0125422093584176,67.0,1949.0,0.1736532830810547,0.1691725115862886,newton,0.6184656321876582,41.83225175621845
2026-02-25 10:43:14,690.6,2026-03-06,9,0.0252602105530187,687.0,0.994787141615986,691.3603275212248,-0.0063268536958653,False,call,9.67,9.79,9.73,0.1199999999999992,0.0123329907502568,92.0,1386.0,0.1722494885253906,0.16829498459042894,newton,0.5981275270095171,42.44984323466195
2026-02-25 10:43:14,690.6,2026-03-06,9,0.0252602105530187,688.0,0.9962351578337676,691.3603275212248,-0.0048723079848708,False,call,8.93,9.02,8.975,0.0899999999999998,0.0100278551532033,105.0,2270.0,0.1675498284912109,0.16415398006314322,newton,0.5786537566512517,42.93088397603273
2026-02-25 10:43:14,690.6,2026-03-06,9,0.0252602105530187,689.0,0.9976831740515494,691.3603275212248,-0.0034198749045559,False,call,8.23,8.33,8.280000000000001,0.0999999999999996,0.0120772946859902,140.0,1752.0,0.1642234457397461,0.16098047959221956,newton,0.557712656745491,43.32916081254437
2026-02-25 10:43:14,690.6,2026-03-06,9,0.0252602105530187,690.0,0.999131190269331,691.3603275212248,-0.0019695483269094,False,call,7.59,7.62,7.605,0.0300000000000002,0.0039447731755424,1458.0,3553.0,0.1600425793457031,0.15780208653373057,newton,0.5357940889762697,43.61512320067805
2026-02-25 10:43:14,690.6,2026-03-06,9,0.0252602105530187,691.0,1.0005792064871126,691.3603275212248,-0.0005213221505446,False,call,7.0,7.01,7.005,0.0099999999999997,0.0014275517487508,3062.0,2349.0,0.1575706802368164,0.15584493852203285,newton,0.5128682803570732,43.77189693022871
2026-02-25 10:43:14,690.6,2026-03-06,9,0.0252602105530187,692.0,1.0020272227048943,691.3603275212248,0.0009248096994549,True,call,6.35,6.37,6.359999999999999,0.0200000000000004,0.0031446540880503,485.0,2090.0,0.1539696420288085,0.1523357833562719,newton,0.48914715196342173,43.78146034551883
2026-02-25 10:43:14,690.6,2026-03-06,9,0.0252602105530187,693.0,1.003475238922676,691.3603275212248,0.0023688532716885,True,call,5.8,5.82,5.8100000000000005,0.0200000000000004,0.0034423407917384,147.0,2469.0,0.151802915649414,0.15044835331140927,newton,0.46486831069702195,43.63050582453387
2026-02-25 10:43:14,690.6,2026-03-06,9,0.0252602105530187,694.0,1.0049232551404574,691.3603275212248,0.0038108145885899,True,call,5.21,5.23,5.220000000000001,0.0200000000000004,0.0038314176245211,171.0,2069.0,0.1482629119873047,0.14706505510753626,newton,0.4394494145623912,43.297599356599655
2026-02-25 10:43:14,690.6,2026-03-06,9,0.0252602105530187,695.0,1.0063712713582391,691.3603275212248,0.0052506996465774,True,call,4.7,4.72,4.71,0.0199999999999995,0.0042462845010614,909.0,12437.0,0.1458825646972656,0.14492034776469725,newton,0.4139422224138573,42.782353198657276
2026-02-25 10:43:14,690.6,2026-03-06,9,0.0252602105530187,696.0,1.0078192875760208,691.3603275212248,0.006688514416205,True,call,4.07,4.1,4.085,0.0299999999999993,0.0073439412484698,118.0,9462.0,0.1403894555664062,0.13940315827124589,newton,0.3852497578739861,41.98309651032729
2026-02-25 10:43:14,690.6,2026-03-06,9,0.0252602105530187,697.0,1.0092673037938025,691.3603275212248,0.0081242648423091,True,call,3.57,3.6,3.585,0.0300000000000002,0.0083682008368201,103.0,2595.0,0.1369104864501953,0.1361044079107027,newton,0.35732157397949615,40.977668475527885
2026-02-25 10:43:14,690.6,2026-03-06,9,0.0252602105530187,698.0,1.0107153200115842,691.3603275212248,0.0095579568441578,True,call,3.11,3.13,3.12,0.02,0.0064102564102564,234.0,1583.0,0.1334315173339843,0.1328930846823929,newton,0.3289576124620657,39.721152068073145
2026-02-25 10:43:14,690.6,2026-03-06,9,0.0252602105530187,699.0,1.0121633362293658,691.3603275212248,0.0109895963155957,True,call,2.7,2.71,2.705,0.0099999999999997,0.0036968576709795,145.0,3442.0,0.1304103073120117,0.13013826661412417,newton,0.30091630500260536,38.238403367559584
2026-02-25 10:43:14,690.6,2026-03-06,9,0.0252602105530187,700.0,1.0136113524471473,691.3603275212248,0.01241918912519,True,call,2.3,2.32,2.3099999999999996,0.02,0.0086580086580086,1633.0,6507.0,0.1273280627441406,0.12705431000951503,newton,0.27236899919704854,36.47357540904151
2026-02-25 10:43:14,690.6,2026-03-06,9,0.0252602105530187,701.0,1.015059368664929,691.3603275212248,0.0138467411163755,True,call,1.89,1.9,1.895,0.01,0.0052770448548812,238.0,2209.0,0.1224452990722656,0.12240278411707474,newton,0.2411077883213074,34.230629013954385
2026-02-25 10:43:14,690.6,2026-03-06,9,0.0252602105530187,702.0,1.0165073848827106,691.3603275212248,0.0152722581075964,True,call,1.59,1.6,1.5950000000000002,0.01,0.006269592476489,119.0,1654.0,0.1199428826904296,0.12004579719766666,newton,0.2143012683495871,32.033301730399174
2026-02-25 10:43:14,690.6,2026-03-06,9,0.0252602105530187,703.0,1.0179554011004923,691.3603275212248,0.0166957458924503,True,call,1.3,1.32,1.31,0.02,0.015267175572519,81.0,1674.0,0.1171352935791015,0.11713880073715975,newton,0.18724189352619916,29.54005031960314
2026-02-25 10:43:14,690.6,2026-03-06,9,0.0252602105530187,704.0,1.019403417318274,691.3603275212248,0.0181172102398277,True,call,1.03,1.04,1.035,0.01,0.0096618357487922,245.0,1182.0,0.1131070135498047,0.11335254520537608,newton,0.15932713540078772,26.653360256950005
2026-02-25 10:43:14,690.6,2026-03-06,9,0.0252602105530187,705.0,1.0208514335360557,691.3603275212248,0.0195366568940541,True,call,0.8,0.81,0.805,0.01,0.0124223602484472,549.0,9369.0,0.1095059753417968,0.10986285359610284,newton,0.1333474430075529,23.64950948513981
2026-02-25 10:43:14,690.6,2026-03-06,9,0.0252602105530187,706.0,1.0222994497538371,691.3603275212248,0.0209540915750274,True,call,0.63,0.64,0.635,0.01,0.015748031496063,421.0,2042.0,0.1071866625976562,0.10756787611058288,newton,0.11168043164498427,20.8817989295209
2026-02-25 10:43:14,690.6,2026-03-06,9,0.0252602105530187,707.0,1.0237474659716188,691.3603275212248,0.0223695199783582,True,call,0.46,0.47,0.4649999999999999,0.0099999999999999,0.0215053763440859,137.0,2363.0,0.1034025207519531,0.10378623535738636,newton,0.08876880358806796,17.657658095388935
2026-02-25 10:43:14,690.6,2026-03-06,9,0.0252602105530187,708.0,1.0251954821894005,691.3603275212248,0.0237829477755051,True,call,0.36,0.37,0.365,0.01,0.0273972602739726,114.0,2008.0,0.1019376916503906,0.10247194979706194,newton,0.07316238648923544,15.25901605794783
2026-02-25 10:43:14,690.6,2026-03-06,9,0.0252602105530187,709.0,1.0266434984071822,691.3603275212248,0.0251943806139129,True,call,0.26,0.27,0.265,0.01,0.0377358490566038,70.0,2180.0,0.0993742407226562,0.09979898354725228,newton,0.05694824413644404,12.561215145779967
2026-02-25 10:43:14,690.6,2026-03-06,9,0.0252602105530187,710.0,1.0280915146249638,691.3603275212248,0.0266038241171464,True,call,0.2,0.21,0.205,0.0099999999999999,0.0487804878048779,294.0,6806.0,0.0983976879882812,0.09890784651487675,newton,0.04599989903423886,10.599076858657584
2026-02-25 10:43:14,690.6,2026-03-06,9,0.0252602105530187,711.0,1.0295395308427453,691.3603275212248,0.0280112838850263,True,call,0.14,0.15,0.145,0.0099999999999999,0.0689655172413791,50.0,1781.0,0.0962004443359375,0.0966811657077109,newton,0.03471054226930262,8.431457925822146
2026-02-25 10:43:14,690.6,2026-03-06,9,0.0252602105530187,712.0,1.030987547060527,691.3603275212248,0.029416765493761,True,call,0.11,0.12,0.1149999999999999,0.0099999999999999,0.0869565217391304,66.0,1465.0,0.0962004443359375,0.09672607409219472,newton,0.028310191007287898,7.12387192345855
2026-02-25 10:43:14,690.6,2026-03-06,9,0.0252602105530187,600.0,0.8688097306689835,691.3603275212248,-0.1417314907020682,True,put,0.1,0.11,0.105,0.0099999999999999,0.0952380952380951,123.0,6384.0,0.35742830078125,0.3722872933805354,newton,-0.007648533533993132,2.314949066524456
2026-02-25 10:43:14,690.6,2026-03-06,9,0.0252602105530187,605.0,0.8760498117578916,691.3603275212248,-0.1334326878873732,True,put,0.11,0.12,0.1149999999999999,0.0099999999999999,0.0869565217391304,21.0,3377.0,0.3422917333984374,0.3569131592740834,newton,-0.008634366347379177,2.5751849495057177
2026-02-25 10:43:14,690.6,2026-03-06,9,0.0252602105530187,611.0,0.8847379090645815,691.3603275212248,-0.1235641867466192,True,put,0.13,0.14,0.135,0.01,0.0740740740740741,1662.0,1419.0,0.32617861328125,0.34047439513060546,newton,-0.010420847811463154,3.035428939951059
2026-02-25 10:43:14,690.6,2026-03-06,9,0.0252602105530187,612.0,0.8861859252823632,691.3603275212248,-0.1219288634058885,True,put,0.14,0.15,0.145,0.0099999999999999,0.0689655172413791,448.0,582.0,0.3252020605468749,0.339702872982393,newton,-0.011136533151316092,3.216128071314875
2026-02-25 10:43:14,690.6,2026-03-06,9,0.0252602105530187,613.0,0.8876339415001447,691.3603275212248,-0.1202962099820031,True,put,0.14,0.15,0.145,0.0099999999999999,0.0689655172413791,280.0,1138.0,0.3212958496093749,0.33571831193395696,newton,-0.011257440031361006,3.2464622278538595
2026-02-25 10:43:14,690.6,2026-03-06,9,0.0252602105530187,615.0,0.8905299739357081,691.3603275212248,-0.1170388781116967,True,put,0.15,0.16,0.155,0.01,0.0645161290322581,42.0,3975.0,0.3164130859374999,0.33070843749205625,newton,-0.012118406991270963,3.46092590400133
2026-02-25 10:43:14,690.6,2026-03-06,9,0.0252602105530187,616.0,0.8919779901534897,691.3603275212248,-0.1154141823846948,True,put,0.15,0.16,0.155,0.01,0.0645161290322581,158.0,293.0,0.3125068749999999,0.3267000571811598,newton,-0.012254123677967537,3.4944922520617427
2026-02-25 10:43:14,690.6,2026-03-06,9,0.0252602105530187,617.0,0.8934260063712713,691.3603275212248,-0.1137921220128267,True,put,0.16,0.17,0.165,0.01,0.0606060606060606,177.0,1102.0,0.3115303222656249,0.3254678063920533,newton,-0.013006092774311813,3.679337313739566
2026-02-25 10:43:14,690.6,2026-03-06,9,0.0252602105530187,618.0,0.894874022589053,691.3603275212248,-0.1121726884605238,True,put,0.16,0.17,0.165,0.01,0.0606060606060606,263.0,309.0,0.3076241113281249,0.32143477390002917,newton,-0.013154790184603372,3.7156665566883915
2026-02-25 10:43:14,690.6,2026-03-06,9,0.0252602105530187,619.0,0.8963220388068346,691.3603275212248,-0.1105558732336185,True,put,0.17,0.18,0.175,0.0099999999999999,0.057142857142857,141.0,223.0,0.3061592822265625,0.3200156182430913,newton,-0.013922969653507575,3.902216289516469
2026-02-25 10:43:14,690.6,2026-03-06,9,0.0252602105530187,621.0,0.8992180712423978,691.3603275212248,-0.1073300639847358,True,put,0.18,0.19,0.185,0.01,0.0540540540540541,11.0,420.0,0.3002999658203125,0.31436801261125136,newton,-0.014871671737502454,4.130093520658762
2026-02-25 10:43:14,690.6,2026-03-06,9,0.0252602105530187,623.0,0.9021141036779612,691.3603275212248,-0.1041146271307615,True,put,0.19,0.2,0.195,0.01,0.0512820512820513,228.0,493.0,0.2949289257812499,0.308538648059662,newton,-0.01585502996495223,4.363518298668079
2026-02-25 10:43:14,690.6,2026-03-06,9,0.0252602105530187,624.0,0.9035621198957428,691.3603275212248,-0.1025107775487869,True,put,0.2,0.21,0.205,0.0099999999999999,0.0487804878048779,331.0,843.0,0.2929758203124999,0.30666601679408556,newton,-0.016670244477738832,4.554994352787205
2026-02-25 10:43:14,690.6,2026-03-06,9,0.0252602105530187,625.0,0.9050101361135244,691.3603275212248,-0.1009094961818131,True,put,0.21,0.22,0.215,0.01,0.0465116279069767,47.0,3113.0,0.2910227148437499,0.3046781979899799,newton,-0.01749571080396901,4.747083112846144
2026-02-25 10:43:14,690.6,2026-03-06,9,0.0252602105530187,626.0,0.906458152331306,691.3603275212248,-0.0993107748181161,True,put,0.21,0.22,0.215,0.01,0.0465116279069767,51.0,572.0,0.2871165039062499,0.30052884399490903,newton,-0.017714125469593844,4.79761604782869
2026-02-25 10:43:14,690.6,2026-03-06,9,0.0252602105530187,627.0,0.9079061685490876,691.3603275212248,-0.0977146052852938,True,put,0.22,0.23,0.225,0.01,0.0444444444444444,829.0,506.0,0.2849192602539062,0.29841147909471005,newton,-0.018563636453785434,4.993030647098227
2026-02-25 10:43:14,690.6,2026-03-06,9,0.0252602105530187,629.0,0.910802200984651,691.3603275212248,-0.094529889217774,True,put,0.25,0.26,0.255,0.01,0.0392156862745098,1518.0,926.0,0.282233740234375,0.29571405121033034,newton,-0.020916060208524954,5.525251039936626
2026-02-25 10:43:14,690.6,2026-03-06,9,0.0252602105530187,630.0,0.9122502172024326,691.3603275212248,-0.0929413265326361,True,put,0.26,0.27,0.265,0.01,0.0377358490566038,45.0,3218.0,0.2797923583984374,0.2932479109430042,newton,-0.021804826922943863,5.7231147464852485
2026-02-25 10:43:14,690.6,2026-03-06,9,0.0252602105530187,632.0,0.915146249637996,691.3603275212248,-0.0897717517713571,True,put,0.28,0.29,0.285,0.0099999999999999,0.0350877192982454,169.0,4715.0,0.2746654565429687,0.28807680302225314,newton,-0.023628687510628243,6.123996606693068
2026-02-25 10:43:14,690.6,2026-03-06,9,0.0252602105530187,633.0,0.9165942658557776,691.3603275212248,-0.0881907237740384,True,put,0.28,0.29,0.285,0.0099999999999999,0.0350877192982454,110.0,1257.0,0.270515107421875,0.2837816854236316,newton,-0.023949258107457357,6.193767316081799
2026-02-25 10:43:14,690.6,2026-03-06,9,0.0252602105530187,634.0,0.9180422820735592,691.3603275212248,-0.0866121914809886,True,put,0.31,0.32,0.315,0.01,0.0317460317460317,114.0,815.0,0.2707592456054687,0.2841261606315654,newton,-0.02613073154167644,6.663345923153526
2026-02-25 10:43:14,690.6,2026-03-06,9,0.0252602105530187,635.0,0.9194902982913408,691.3603275212248,-0.0850361470255229,True,put,0.31,0.32,0.315,0.01,0.0317460317460317,58.0,2590.0,0.266608896484375,0.27977426256801824,newton,-0.026493955289011745,6.740678233125026
2026-02-25 10:43:14,690.6,2026-03-06,9,0.0252602105530187,636.0,0.9209383145091224,691.3603275212248,-0.0834625825780924,True,put,0.32,0.33,0.325,0.01,0.0307692307692307,26.0,531.0,0.26367923828125,0.2768726114184346,newton,-0.027487468272752315,6.951003171236118
2026-02-25 10:43:14,690.6,2026-03-06,9,0.0252602105530187,637.0,0.922386330726904,691.3603275212248,-0.0818914903460512,True,put,0.34,0.35,0.345,0.0099999999999999,0.0289855072463766,211.0,541.0,0.2622144091796875,0.275291382941569,newton,-0.029116574093987158,7.292193879882801
2026-02-25 10:43:14,690.6,2026-03-06,9,0.0252602105530187,638.0,0.9238343469446858,691.3603275212248,-0.0803228625734247,True,put,0.35,0.36,0.355,0.01,0.028169014084507,83.0,370.0,0.2592847509765625,0.2722255972979477,newton,-0.03015499047304583,7.507367134843219
2026-02-25 10:43:14,690.6,2026-03-06,9,0.0252602105530187,639.0,0.9252823631624674,691.3603275212248,-0.0787566915406798,True,put,0.37,0.38,0.375,0.01,0.0266666666666666,340.0,2790.0,0.2573316455078125,0.2703864198259897,newton,-0.031829451603637544,7.850704381861183
2026-02-25 10:43:14,690.6,2026-03-06,9,0.0252602105530187,640.0,0.926730379380249,691.3603275212248,-0.077192969564497,True,put,0.38,0.39,0.385,0.01,0.0259740259740259,98.0,2674.0,0.2541578491210938,0.2671719488110253,newton,-0.03291846674757597,8.07167322150137
2026-02-25 10:43:14,690.6,2026-03-06,9,0.0252602105530187,641.0,0.9281783955980306,691.3603275212248,-0.0756316889975445,True,put,0.42,0.43,0.425,0.01,0.0235294117647059,16.0,1952.0,0.2544019873046875,0.26744339819394575,newton,-0.03585268775506683,8.658347427010739
2026-02-25 10:43:14,690.6,2026-03-06,9,0.0252602105530187,643.0,0.931074428033594,691.3603275212248,-0.0725164216805952,True,put,0.46,0.47,0.4649999999999999,0.0099999999999999,0.0215053763440859,97.0,408.0,0.2497633618164062,0.2627385959802003,newton,-0.03938422829369356,9.348585702027817
2026-02-25 10:43:14,690.6,2026-03-06,9,0.0252602105530187,644.0,0.9325224442513756,691.3603275212248,-0.070962419813861,True,put,0.47,0.48,0.475,0.01,0.0210526315789473,21.0,253.0,0.2463454272460937,0.2591788286015744,newton,-0.04060373800247387,9.583134222116719
2026-02-25 10:43:14,690.6,2026-03-06,9,0.0252602105530187,645.0,0.9339704604691572,691.3603275212248,-0.0694108291224421,True,put,0.49,0.5,0.495,0.01,0.0202020202020202,52.0,7293.0,0.2439040454101562,0.2565869091506176,newton,-0.042455583661219536,9.935731427512538
2026-02-25 10:43:14,690.6,2026-03-06,9,0.0252602105530187,646.0,0.9354184766869388,691.3603275212248,-0.0678616421356128,True,put,0.54,0.55,0.545,0.01,0.018348623853211,23.0,421.0,0.2439040454101562,0.25676074391925957,newton,-0.04611204807323026,10.619827991828808
2026-02-25 10:43:14,690.6,2026-03-06,9,0.0252602105530187,647.0,0.9368664929047203,691.3603275212248,-0.0663148514173139,True,put,0.56,0.57,0.565,0.0099999999999998,0.0176991150442476,120.0,895.0,0.2410964562988281,0.25387147962647755,newton,-0.04804175210690528,10.974667864890108
2026-02-25 10:43:14,690.6,2026-03-06,9,0.0252602105530187,648.0,0.938314509122502,691.3603275212248,-0.0647704495659398,True,put,0.58,0.59,0.585,0.01,0.0170940170940171,33.0,759.0,0.2382888671874999,0.2508921118711554,newton,-0.05001605155931409,11.333468424743206
2026-02-25 10:43:14,690.6,2026-03-06,9,0.0252602105530187,649.0,0.9397625253402838,691.3603275212248,-0.0632284292141245,True,put,0.61,0.62,0.615,0.01,0.016260162601626,154.0,523.0,0.2360916235351562,0.24867679636620416,newton,-0.052618152959002885,11.800039295152594
2026-02-25 10:43:14,690.6,2026-03-06,9,0.0252602105530187,650.0,0.9412105415580654,691.3603275212248,-0.0616887830285317,True,put,0.65,0.66,0.655,0.01,0.015267175572519,377.0,12988.0,0.2345047253417968,0.24713029989042873,newton,-0.05584126953632811,12.368382265195889
2026-02-25 10:43:14,690.6,2026-03-06,9,0.0252602105530187,651.0,0.9426585577758472,691.3603275212248,-0.0601515037096453,True,put,0.68,0.69,0.685,0.0099999999999998,0.0145985401459852,39.0,1383.0,0.2320633435058593,0.24460669682093036,newton,-0.05854087691536414,12.836586896513696
2026-02-25 10:43:14,690.6,2026-03-06,9,0.0252602105530187,653.0,0.9455545902114104,691.3603275212248,-0.0570840166417835,True,put,0.77,0.78,0.775,0.01,0.0129032258064516,17.0,2124.0,0.2287674780273437,0.2413386121860404,newton,-0.06579349132817033,14.061138478291767
2026-02-25 10:43:14,690.6,2026-03-06,9,0.0252602105530187,655.0,0.9484506226469736,691.3603275212248,-0.0540259102829626,True,put,0.85,0.86,0.855,0.01,0.0116959064327485,70.0,6581.0,0.2241288525390624,0.23663331506651422,newton,-0.07272535380729936,15.189205428780795
2026-02-25 10:43:14,690.6,2026-03-06,9,0.0252602105530187,656.0,0.9498986388647552,691.3603275212248,-0.0525003569741255,True,put,0.9,0.91,0.905,0.01,0.011049723756906,79.0,751.0,0.2222978161621093,0.23468688329882526,newton,-0.07683956252831553,15.840480638842223
2026-02-25 10:43:14,690.6,2026-03-06,9,0.0252602105530187,657.0,0.9513466550825368,691.3603275212248,-0.050977127433604,True,put,0.96,0.98,0.97,0.02,0.0206185567010309,124.0,1087.0,0.2213212634277343,0.23345753033152425,newton,-0.08182124418612549,16.611848933040978
2026-02-25 10:43:14,690.6,2026-03-06,9,0.0252602105530187,658.0,0.9527946713003186,691.3603275212248,-0.0494562145928974,True,put,1.0,1.02,1.01,0.02,0.0198019801980198,74.0,3329.0,0.2183916052246093,0.23052826101426582,newton,-0.08555523119464738,17.178146474478236
2026-02-25 10:43:14,690.6,2026-03-06,9,0.0252602105530187,659.0,0.9542426875181002,691.3603275212248,-0.0479376114157074,True,put,1.07,1.09,1.08,0.02,0.0185185185185185,17.0,685.0,0.2170488452148437,0.22915064686284312,newton,-0.09094461300619737,17.97829924306803
2026-02-25 10:43:14,690.6,2026-03-06,9,0.0252602105530187,660.0,0.9556907037358818,691.3603275212248,-0.0464213108977433,True,put,1.14,1.15,1.145,0.01,0.0087336244541484,335.0,5722.0,0.2148516015625,0.2272584912421289,newton,-0.09615151323274619,18.732815873968242
2026-02-25 10:43:14,690.6,2026-03-06,9,0.0252602105530187,661.0,0.9571387199536634,691.3603275212248,-0.0449073060665283,True,put,1.21,1.23,1.22,0.02,0.0163934426229508,61.0,1930.0,0.2135088415527344,0.22566818546234904,newton,-0.10194920521587014,19.55240459844181
2026-02-25 10:43:14,690.6,2026-03-06,9,0.0252602105530187,662.0,0.9585867361714452,691.3603275212248,-0.0433955899812064,True,put,1.27,1.28,1.275,0.01,0.0078431372549019,41.0,613.0,0.2105181488037109,0.22285382491146172,newton,-0.10685334457228168,20.229432254055137
2026-02-25 10:43:14,690.6,2026-03-06,9,0.0252602105530187,663.0,0.9600347523892268,691.3603275212248,-0.0418861557323521,True,put,1.33,1.34,1.335,0.01,0.0074906367041198,130.0,632.0,0.2078326287841796,0.2201233109131254,newton,-0.11212952679371732,20.94180125914581
2026-02-25 10:43:14,690.6,2026-03-06,9,0.0252602105530187,664.0,0.9614827686070084,691.3603275212248,-0.0403789964417807,True,put,1.43,1.45,1.44,0.02,0.0138888888888889,38.0,792.0,0.2071612487792968,0.21929140859213672,newton,-0.11969289895467215,21.935108160679633
2026-02-25 10:43:14,690.6,2026-03-06,9,0.0252602105530187,665.0,0.96293078482479,691.3603275212248,-0.0388741052623605,True,put,1.52,1.54,1.53,0.02,0.0130718954248366,210.0,9122.0,0.2053302124023437,0.21748844094507785,newton,-0.12663194962217644,22.818680609004694
2026-02-25 10:43:14,690.6,2026-03-06,9,0.0252602105530187,666.0,0.9643788010425716,691.3603275212248,-0.0373714753778255,True,put,1.61,1.63,1.62,0.0199999999999997,0.0123456790123455,91.0,2210.0,0.2033160723876952,0.21544345659386788,newton,-0.1336944251587101,23.691804933054552
2026-02-25 10:43:14,690.6,2026-03-06,9,0.0252602105530187,667.0,0.9658268172603532,691.3603275212248,-0.0358711000025909,True,put,1.69,1.7,1.6949999999999998,0.01,0.0058997050147492,24.0,2693.0,0.2002643450927734,0.2125565418845363,newton,-0.14023019063618938,24.47713952483224
2026-02-25 10:43:14,690.6,2026-03-06,9,0.0252602105530187,668.0,0.9672748334781348,691.3603275212248,-0.0343729723815688,True,put,1.79,1.8,1.795,0.01,0.0055710306406685,118.0,561.0,0.1981891705322265,0.21047613443119664,newton,-0.14804812069723505,25.388911154234012
2026-02-25 10:43:14,690.6,2026-03-06,9,0.0252602105530187,669.0,0.9687228496959166,691.3603275212248,-0.0328770857899861,True,put,1.91,1.93,1.92,0.02,0.0104166666666666,145.0,545.0,0.1969684796142577,0.20910435042004039,newton,-0.1570937393928005,26.40764606141941
2026-02-25 10:43:14,690.6,2026-03-06,9,0.0252602105530187,670.0,0.9701708659136982,691.3603275212248,-0.0313834335332028,True,put,2.02,2.03,2.025,0.0099999999999997,0.0049382716049381,706.0,7018.0,0.1944050286865234,0.2067051773391818,newton,-0.1654478551767123,27.315229515554766
2026-02-25 10:43:14,690.6,2026-03-06,9,0.0252602105530187,671.0,0.9716188821314798,691.3603275212248,-0.0298920089465327,True,put,2.14,2.15,2.145,0.0099999999999997,0.0046620046620045,24.0,3566.0,0.1922688195800781,0.2046045458217229,newton,-0.17461077375200051,28.275233711155547
2026-02-25 10:43:14,690.6,2026-03-06,9,0.0252602105530187,672.0,0.9730668983492616,691.3603275212248,-0.028402805395065,True,put,2.27,2.29,2.28,0.02,0.0087719298245614,32.0,5440.0,0.1905598522949219,0.20275764054594086,newton,-0.18455888736829482,29.276937569662348
2026-02-25 10:43:14,690.6,2026-03-06,9,0.0252602105530187,673.0,0.9745149145670432,691.3603275212248,-0.0269158162734867,True,put,2.38,2.4,2.3899999999999997,0.02,0.00836820083682,394.0,1362.0,0.1876301940917968,0.19980044599513155,newton,-0.19376028872518156,30.16707901100926
2026-02-25 10:43:14,690.6,2026-03-06,9,0.0252602105530187,674.0,0.9759629307848248,691.3603275212248,-0.0254310350059075,True,put,2.49,2.51,2.5,0.0199999999999995,0.0079999999999998,186.0,1261.0,0.1845174322509765,0.19661984118595796,newton,-0.20324683370238117,31.049329815971458
2026-02-25 10:43:14,690.6,2026-03-06,9,0.0252602105530187,675.0,0.9774109470026064,691.3603275212248,-0.0239484550456847,True,put,2.64,2.66,2.6500000000000004,0.02,0.0075471698113207,875.0,9813.0,0.1823201885986328,0.19446914876798202,newton,-0.21448486976873263,32.04925159221285
2026-02-25 10:43:14,690.6,2026-03-06,9,0.0252602105530187,676.0,0.978858963220388,691.3603275212248,-0.0224680698752505,True,put,2.86,2.87,2.865,0.0100000000000002,0.0034904013961606,1265.0,4730.0,0.1815877740478515,0.19399206072469358,newton,-0.2281881533050878,33.204264818615435
2026-02-25 10:43:14,690.6,2026-03-06,9,0.0252602105530187,677.0,0.9803069794381696,691.3603275212248,-0.0209898730059396,True,put,2.99,3.01,3.0,0.0199999999999995,0.0066666666666665,77.0,8587.0,0.1785360467529297,0.1907760754466449,newton,-0.23943568013938116,34.10114736053586
2026-02-25 10:43:14,690.6,2026-03-06,9,0.0252602105530187,678.0,0.9817549956559514,691.3603275212248,-0.019513857977819,True,put,3.16,3.17,3.165,0.0099999999999997,0.0031595576619272,110.0,10476.0,0.1757284576416015,0.1881661888458306,newton,-0.2520108926574173,35.050906596427446
2026-02-25 10:43:14,690.6,2026-03-06,9,0.0252602105530187,679.0,0.9832030118737328,691.3603275212248,-0.0180400183595184,True,put,3.36,3.38,3.37,0.02,0.0059347181008902,786.0,855.0,0.1740194903564453,0.1863734830074626,newton,-0.2661260080715451,36.05213411922724
2026-02-25 10:43:14,690.6,2026-03-06,9,0.0252602105530187,680.0,0.9846510280915146,691.3603275212248,-0.0165683477480622,True,put,3.58,3.59,3.585,0.0099999999999997,0.0027894002789399,2273.0,7406.0,0.1719443157958984,0.18450426276497667,newton,-0.2808132156158176,37.02311170415567
2026-02-25 10:43:14,690.6,2026-03-06,9,0.0252602105530187,681.0,0.9860990443092962,691.3603275212248,-0.0150988397687022,True,put,3.74,3.76,3.75,0.0199999999999995,0.0053333333333332,52.0,2616.0,0.168526381225586,0.18096339412708196,newton,-0.2945545273077598,37.867807297797334
2026-02-25 10:43:14,690.6,2026-03-06,9,0.0252602105530187,682.0,0.987547060527078,691.3603275212248,-0.0136314880747525,True,put,3.99,4.01,4.0,0.0199999999999995,0.0049999999999998,135.0,2311.0,0.1667563793945313,0.17932705505494295,newton,-0.31089055754716316,38.79375892369649
2026-02-25 10:43:14,690.6,2026-03-06,9,0.0252602105530187,683.0,0.9889950767448596,691.3603275212248,-0.0121662863474245,True,put,4.18,4.2,4.1899999999999995,0.0200000000000004,0.0047732696897375,533.0,2209.0,0.1632163757324219,0.1757898882669632,newton,-0.3262650228250917,39.58928683639683
2026-02-25 10:43:14,690.6,2026-03-06,9,0.0252602105530187,684.0,0.9904430929626412,691.3603275212248,-0.0107032282956641,True,put,4.48,4.5,4.49,0.0199999999999995,0.0044543429844097,137.0,3813.0,0.1619346502685547,0.1746525587545956,newton,-0.34446182571147765,40.43778367608116
2026-02-25 10:43:14,690.6,2026-03-06,9,0.0252602105530187,685.0,0.9918911091804228,691.3603275212248,-0.0092423076559893,True,put,4.71,4.73,4.720000000000001,0.0200000000000004,0.0042372881355933,3781.0,6571.0,0.1585777502441406,0.1713856267160953,newton,-0.3617441892735273,41.15204865564076
2026-02-25 10:43:14,690.6,2026-03-06,9,0.0252602105530187,686.0,0.9933391253982043,691.3603275212248,-0.0077835181923294,True,put,4.95,4.97,4.96,0.0199999999999995,0.004032258064516,244.0,1519.0,0.1550987811279297,0.16798779453543014,newton,-0.3798842386774575,41.80750153103268
2026-02-25 10:43:14,690.6,2026-03-06,9,0.0252602105530187,687.0,0.994787141615986,691.3603275212248,-0.0063268536958653,True,put,5.3,5.32,5.3100000000000005,0.0200000000000004,0.0037664783427496,269.0,2334.0,0.1536949865722656,0.16679552625439295,newton,-0.40018825933141977,42.428468789615344
2026-02-25 10:43:14,690.6,2026-03-06,9,0.0252602105530187,688.0,0.9962351578337676,691.3603275212248,-0.0048723079848708,True,put,5.58,5.61,5.595000000000001,0.0300000000000002,0.0053619302949062,1033.0,2493.0,0.1504906729125977,0.16362456774580827,newton,-0.42021765977970577,42.926055477214526
2026-02-25 10:43:14,690.6,2026-03-06,9,0.0252602105530187,689.0,0.9976831740515494,691.3603275212248,-0.0034198749045559,True,put,5.92,5.95,5.9350000000000005,0.0300000000000002,0.0050547598989048,224.0,2167.0,0.1479577392578125,0.16128470591945585,newton,-0.44146827854470266,43.330606274961525
2026-02-25 10:43:14,690.6,2026-03-06,9,0.0252602105530187,690.0,0.999131190269331,691.3603275212248,-0.0019695483269094,True,put,6.28,6.3,6.29,0.0199999999999995,0.0031796502384737,2161.0,17686.0,0.1451501501464843,0.15881297907302205,newton,-0.46346348570691787,43.616785796865805
2026-02-25 10:43:14,690.6,2026-03-06,9,0.0252602105530187,691.0,1.0005792064871126,691.3603275212248,-0.0005213221505446,True,put,6.63,6.66,6.645,0.0300000000000002,0.0045146726862302,601.0,882.0,0.142037388305664,0.15584493852203224,newton,-0.48622276541241083,43.77189693022871
2026-02-25 10:43:14,690.6,2026-03-06,9,0.0252602105530187,692.0,1.0020272227048943,691.3603275212248,0.0009248096994549,False,put,6.93,6.95,6.9399999999999995,0.0200000000000004,0.0028818443804035,497.0,1117.0,0.1368494519042969,0.15098609350125888,newton,-0.5101226776480283,43.780943371095695
2026-02-25 10:43:14,690.6,2026-03-06,9,0.0252602105530187,693.0,1.003475238922676,691.3603275212248,0.0023688532716885,False,put,7.36,7.39,7.375,0.0299999999999993,0.0040677966101694,95.0,1086.0,0.1343775527954102,0.1487709470737624,newton,-0.534719163556502,43.62571992978472
2026-02-25 10:43:14,690.6,2026-03-06,9,0.0252602105530187,694.0,1.0049232551404574,691.3603275212248,0.0038108145885899,False,put,7.81,7.95,7.88,0.1400000000000005,0.017766497461929,62.0,586.0,0.1339808282470703,0.14758992933579734,newton,-0.5593967141034812,43.30166412849322
2026-02-25 10:43:14,690.6,2026-03-06,9,0.0252602105530187,695.0,1.0063712713582391,691.3603275212248,0.0052506996465774,False,put,8.13,8.33,8.23,0.1999999999999993,0.0243013365735114,63.0,20748.0,0.1288844436645507,0.1421990876452923,newton,-0.5869307050365139,42.7395253318617
2026-02-25 10:43:14,690.6,2026-03-06,9,0.0252602105530187,696.0,1.0078192875760208,691.3603275212248,0.006688514416205,False,put,8.71,8.88,8.795000000000002,0.1699999999999999,0.0193291642978965,54.0,734.0,0.12696185546875,0.1411777329798973,newton,-0.6123367164375527,42.03084814274109
2026-02-25 10:43:14,690.6,2026-03-06,9,0.0252602105530187,697.0,1.0092673037938025,691.3603275212248,0.0081242648423091,False,put,9.18,9.44,9.31,0.2599999999999998,0.0279269602577873,15.0,554.0,0.1245509909057617,0.1383093198244174,newton,-0.639468718228481,41.069102999028374
2026-02-25 10:43:14,690.6,2026-03-06,9,0.0252602105530187,699.0,1.0121633362293658,691.3603275212248,0.0109895963155957,False,put,10.29,10.53,10.41,0.2400000000000002,0.0230547550432276,54.0,304.0,0.1164639135742187,0.13202448669272274,newton,-0.6954755305032495,38.39177348177649
2026-02-25 10:43:14,690.6,2026-03-06,9,0.0252602105530187,700.0,1.0136113524471473,691.3603275212248,0.01241918912519,False,put,10.96,11.13,11.045000000000002,0.1699999999999999,0.0153915799004074,96.0,1010.0,0.1122830471801757,0.12987163669699808,newton,-0.7222007723235903,36.7707258709014
2026-02-25 10:43:14,690.6,2026-03-06,9,0.0252602105530187,704.0,1.019403417318274,691.3603275212248,0.0181172102398277,False,put,13.83,14.01,13.92,0.1799999999999997,0.0129310344827586,150.0,211.0,0.0976652734375,0.12262446948528741,newton,-0.8204291829469078,28.688166045600536
2026-02-25 10:43:14,690.6,2026-03-06,9,0.0252602105530187,706.0,1.0222994497538371,691.3603275212248,0.0209540915750274,False,put,15.46,15.68,15.57,0.2199999999999988,0.0141297366730892,46.0,146.0,0.0899749206542968,0.12114085822295413,newton,-0.8588581129950698,24.477464549146337
2026-02-25 10:43:14,690.6,2026-03-13,16,0.044324137493658,650.0,0.9412105415580654,691.9749600764324,-0.062577407212652,False,call,43.42,43.82,43.620000000000005,0.3999999999999986,0.0091701054562127,144.0,3670.0,0.2750316638183593,0.23843043413211712,newton,0.8968321106595337,25.84875332805867
2026-02-25 10:43:14,690.6,2026-03-13,16,0.044324137493658,665.0,0.96293078482479,691.9749600764324,-0.0397627294464806,False,call,29.78,30.09,29.935,0.3099999999999987,0.010355770836813,24.0,1926.0,0.2329178271484375,0.20980884899666657,newton,0.8204963078110464,37.924979213956185
2026-02-25 10:43:14,690.6,2026-03-13,16,0.044324137493658,682.0,0.987547060527078,691.9749600764324,-0.0145201122588726,False,call,15.58,15.86,15.72,0.2799999999999993,0.0178117048346055,14.0,1103.0,0.1862263995361328,0.1728733730383011,newton,0.6606608933497033,53.19132112594083
2026-02-25 10:43:14,690.6,2026-03-13,16,0.044324137493658,683.0,0.9889950767448596,691.9749600764324,-0.0130549105315447,False,call,14.91,15.11,15.01,0.1999999999999993,0.0133244503664223,16.0,994.0,0.1837239831542968,0.17157349605844943,newton,0.6467990554679385,53.99559440404824
2026-02-25 10:43:14,690.6,2026-03-13,16,0.044324137493658,684.0,0.9904430929626412,691.9749600764324,-0.0115918524797843,False,call,14.17,14.38,14.275,0.2100000000000008,0.0147110332749562,16.0,1109.0,0.181374153137207,0.16957694110007707,newton,0.6330162784294896,54.720384867963034
2026-02-25 10:43:14,690.6,2026-03-13,16,0.044324137493658,685.0,0.9918911091804228,691.9749600764324,-0.0101309318401094,False,call,13.46,13.59,13.525,0.129999999999999,0.009611829944547,38.0,3227.0,0.1778036322021484,0.16708148265183337,newton,0.6190543881775272,55.37946610360212
2026-02-25 10:43:14,690.6,2026-03-13,16,0.044324137493658,687.0,0.994787141615986,691.9749600764324,-0.0072154778799854,False,call,12.01,12.17,12.09,0.1600000000000001,0.0132340777502067,22.0,1334.0,0.1727682821655273,0.16255919582464007,newton,0.5892135974499356,56.53860777021392
2026-02-25 10:43:14,690.6,2026-03-13,16,0.044324137493658,688.0,0.9962351578337676,691.9749600764324,-0.0057609321689911,False,call,11.3,11.53,11.415,0.2299999999999986,0.020148926850635,107.0,883.0,0.1710898321533203,0.16067506737167533,newton,0.573339325104409,57.01859509854972
2026-02-25 10:43:14,690.6,2026-03-13,16,0.044324137493658,689.0,0.9976831740515494,691.9749600764324,-0.0043084990886762,False,call,10.62,10.77,10.695,0.1500000000000003,0.0140252454417952,126.0,1127.0,0.1671531039428711,0.15774197965167766,newton,0.5572836998634452,57.408643371812495
2026-02-25 10:43:14,690.6,2026-03-13,16,0.044324137493658,690.0,0.999131190269331,691.9749600764324,-0.0028581725110297,False,call,10.04,10.06,10.05,0.0200000000000013,0.0019900497512439,452.0,2635.0,0.163796203918457,0.15584504604614696,newton,0.5403606352439208,57.7165966611667
2026-02-25 10:43:14,690.6,2026-03-13,16,0.044324137493658,691.0,1.0005792064871126,691.9749600764324,-0.0014099463346649,False,call,9.37,9.39,9.38,0.0200000000000013,0.002132196162047,124.0,1113.0,0.160866545715332,0.15323063615206392,newton,0.5230214891249472,57.92288019332544
2026-02-25 10:43:14,690.6,2026-03-13,16,0.044324137493658,692.0,1.0020272227048943,691.9749600764324,3.6185515334764465e-05,True,call,8.74,8.77,8.754999999999999,0.0299999999999993,0.003426613363792,56.0,1299.0,0.158486198425293,0.15109787125389296,newton,0.5050847860088611,58.02033645593617
2026-02-25 10:43:14,690.6,2026-03-13,16,0.044324137493658,693.0,1.003475238922676,691.9749600764324,0.0014802290875684,True,call,8.1,8.13,8.115,0.0300000000000011,0.0036968576709798,30.0,2406.0,0.1554955056762695,0.14839740865137724,newton,0.48655577701872477,57.99741034277984
2026-02-25 10:43:14,690.6,2026-03-13,16,0.044324137493658,694.0,1.0049232551404574,691.9749600764324,0.0029221904044696,True,call,7.51,7.53,7.52,0.0200000000000004,0.0026595744680851,99.0,3036.0,0.1528405029296875,0.14614942816100365,newton,0.4675364718743218,57.84318409682713
2026-02-25 10:43:14,690.6,2026-03-13,16,0.044324137493658,695.0,1.0063712713582391,691.9749600764324,0.0043620754624573,True,call,6.9,6.92,6.91,0.0199999999999995,0.0028943560057886,289.0,4654.0,0.1497277410888672,0.14330146086938314,newton,0.44776600259031574,57.542138064064034
2026-02-25 10:43:14,690.6,2026-03-13,16,0.044324137493658,696.0,1.0078192875760208,691.9749600764324,0.0057998902320848,True,call,6.33,6.35,6.34,0.0199999999999995,0.003154574132492,253.0,2495.0,0.146920151977539,0.140788994584672,newton,0.42755883331122363,57.08542245788659
2026-02-25 10:43:14,690.6,2026-03-13,16,0.044324137493658,697.0,1.0092673037938025,691.9749600764324,0.007235640658189,True,call,5.78,5.8,5.79,0.0199999999999995,0.0034542314335059,190.0,6646.0,0.1441125628662109,0.138250036181326,newton,0.40682672237141315,56.45901212344237
2026-02-25 10:43:14,690.6,2026-03-13,16,0.044324137493658,698.0,1.0107153200115842,691.9749600764324,0.0086693326600376,True,call,5.22,5.24,5.23,0.0200000000000004,0.0038240917782027,361.0,7699.0,0.1407251455688477,0.1351281587482311,newton,0.3850985846208215,55.62901877523787
2026-02-25 10:43:14,690.6,2026-03-13,16,0.044324137493658,699.0,1.0121633362293658,691.9749600764324,0.0101009721314754,True,call,4.73,4.76,4.745,0.0299999999999993,0.0063224446786089,68.0,1077.0,0.1383447982788085,0.13293066350344723,newton,0.3637401075480026,54.637557505073026
2026-02-25 10:43:14,690.6,2026-03-13,16,0.044324137493658,700.0,1.0136113524471473,691.9749600764324,0.0115305649410698,True,call,4.31,4.33,4.32,0.0200000000000004,0.0046296296296297,572.0,4310.0,0.1364832446289062,0.13141585206904666,newton,0.3429547180192756,53.502539019565
2026-02-25 10:43:14,690.6,2026-03-13,16,0.044324137493658,701.0,1.015059368664929,691.9749600764324,0.0129581169322552,True,call,3.79,3.82,3.805,0.0299999999999998,0.0078843626806832,218.0,1539.0,0.1326685855102539,0.1277460362729592,newton,0.3192534098594082,51.99885133855696
2026-02-25 10:43:14,690.6,2026-03-13,16,0.044324137493658,702.0,1.0165073848827106,691.9749600764324,0.0143836339234762,True,call,3.36,3.39,3.375,0.0300000000000002,0.0088888888888889,857.0,4431.0,0.129891513671875,0.12518110049872738,newton,0.2966839953185883,50.35385295788784
2026-02-25 10:43:14,690.6,2026-03-13,16,0.044324137493658,703.0,1.0179554011004923,691.9749600764324,0.01580712170833,True,call,3.01,3.03,3.0199999999999996,0.02,0.0066225165562913,478.0,4145.0,0.1279994427490234,0.12361227722751891,newton,0.2756878866213689,48.630812280166005
2026-02-25 10:43:14,690.6,2026-03-13,16,0.044324137493658,704.0,1.019403417318274,691.9749600764324,0.0172285860557075,True,call,2.59,2.61,2.5999999999999996,0.02,0.0076923076923077,218.0,2566.0,0.1243068527221679,0.12014837248070795,newton,0.25152040500028805,46.40872897521833
2026-02-25 10:43:14,690.6,2026-03-13,16,0.044324137493658,705.0,1.0208514335360557,691.9749600764324,0.0186480327099338,True,call,2.28,2.3,2.29,0.02,0.0087336244541484,426.0,5153.0,0.1224147817993164,0.11845818381599596,newton,0.23072046376659436,44.28273871991575
2026-02-25 10:43:14,690.6,2026-03-13,16,0.044324137493658,706.0,1.0222994497538371,691.9749600764324,0.0200654673909072,True,call,1.96,1.98,1.97,0.02,0.0101522842639594,192.0,1934.0,0.1197292617797851,0.11596107110938585,newton,0.20872606771129232,41.80869208341474
2026-02-25 10:43:14,690.6,2026-03-13,16,0.044324137493658,707.0,1.0237474659716188,691.9749600764324,0.0214808957942379,True,call,1.69,1.71,1.7,0.02,0.0117647058823529,284.0,1601.0,0.117623569946289,0.11403426143559858,newton,0.1883885948342822,39.30261782851262
2026-02-25 10:43:14,690.6,2026-03-13,16,0.044324137493658,708.0,1.0251954821894005,691.9749600764324,0.0228943235913849,True,call,1.44,1.45,1.4449999999999998,0.01,0.0069204152249135,612.0,2342.0,0.1151211535644531,0.11184959625623693,newton,0.16814199057398896,36.58563498971376
2026-02-25 10:43:14,690.6,2026-03-13,16,0.044324137493658,709.0,1.0266434984071822,691.9749600764324,0.0243057564297926,True,call,1.21,1.23,1.22,0.02,0.0163934426229508,374.0,1233.0,0.1130459790039062,0.10980142799851025,newton,0.14896153763807768,33.79235345653333
2026-02-25 10:43:14,690.6,2026-03-13,16,0.044324137493658,710.0,1.0280915146249638,691.9749600764324,0.0257151999330262,True,call,1.03,1.04,1.035,0.01,0.0096618357487922,520.0,2217.0,0.1112149426269531,0.1082690013030714,newton,0.13184013232977018,31.1040377473736
2026-02-25 10:43:14,690.6,2026-03-13,16,0.044324137493658,711.0,1.0295395308427453,691.9749600764324,0.027122659700906,True,call,0.88,0.89,0.885,0.01,0.0112994350282485,12.0,1819.0,0.1100552862548828,0.10725310583669485,newton,0.11686140031738773,28.588454036047555
2026-02-25 10:43:14,690.6,2026-03-13,16,0.044324137493658,712.0,1.030987547060527,691.9749600764324,0.0285281413096409,True,call,0.71,0.73,0.72,0.02,0.0277777777777778,65.0,949.0,0.107858042602539,0.10501489585122092,newton,0.10023910890610617,25.600799768879774
2026-02-25 10:43:14,690.6,2026-03-13,16,0.044324137493658,713.0,1.0324355632783089,691.9749600764324,0.029931650311961,True,call,0.59,0.61,0.6,0.02,0.0333333333333333,362.0,1132.0,0.1065152825927734,0.10377606825773707,newton,0.086926090254064,23.04364837732327
2026-02-25 10:43:14,690.6,2026-03-13,16,0.044324137493658,714.0,1.0338835794960903,691.9749600764324,0.0313331922372495,True,call,0.5,0.51,0.505,0.01,0.0198019801980198,43.0,1192.0,0.1053556262207031,0.1029985935451757,newton,0.07564977549946694,20.75045868991098
2026-02-25 10:43:14,690.6,2026-03-13,16,0.044324137493658,715.0,1.035331595713872,691.9749600764324,0.0327327725916727,True,call,0.4,0.41,0.405,0.0099999999999999,0.0246913580246912,60.0,4415.0,0.1035856243896484,0.10128622659606522,newton,0.0636088658856379,18.157408304938283
2026-02-25 10:43:14,690.6,2026-03-13,16,0.044324137493658,717.0,1.0382276281494351,691.9749600764324,0.0355260704972854,True,call,0.27,0.28,0.275,0.01,0.0363636363636363,25.0,1494.0,0.1018156225585937,0.09970662896697031,newton,0.0462199041397497,14.104612243190168
2026-02-25 10:43:14,690.6,2026-03-13,16,0.044324137493658,718.0,1.0396756443672168,691.9749600764324,0.0369197989458893,True,call,0.22,0.23,0.225,0.01,0.0444444444444444,49.0,1303.0,0.1010832080078125,0.09900259075795254,newton,0.03906693824941724,12.31173378060254
2026-02-25 10:43:14,690.6,2026-03-13,16,0.044324137493658,719.0,1.0411236605849985,691.9749600764324,0.0383115876187118,True,call,0.19,0.2,0.195,0.01,0.0512820512820513,372.0,1391.0,0.1014494152832031,0.09943191871896634,newton,0.03434958480313824,11.08173699984559
2026-02-25 10:43:14,690.6,2026-03-13,16,0.044324137493658,722.0,1.0454677092383435,691.9749600764324,0.0424753687904913,True,call,0.11,0.12,0.1149999999999999,0.0099999999999999,0.0869565217391304,10.0,1150.0,0.1013273461914062,0.0992998179240592,newton,0.021590446713981287,7.52399984029658
2026-02-25 10:43:14,690.6,2026-03-13,16,0.044324137493658,540.0,0.7819287576020851,691.9749600764324,-0.2479806305440147,True,put,0.1,0.11,0.105,0.0099999999999999,0.0952380952380951,62.0,493.0,0.45117736328125,0.4635716503423806,newton,-0.0047958989424999945,2.0293930748402484
2026-02-25 10:43:14,690.6,2026-03-13,16,0.044324137493658,550.0,0.7964089197799015,691.9749600764324,-0.2296314918758182,True,put,0.12,0.13,0.125,0.01,0.08,415.0,485.0,0.4292049267578125,0.4412658744434289,newton,-0.005887793593530865,2.435479774307193
2026-02-25 10:43:14,690.6,2026-03-13,16,0.044324137493658,565.0,0.8181291630466261,691.9749600764324,-0.2027240389558938,True,put,0.15,0.16,0.155,0.01,0.0645161290322581,17.0,727.0,0.393560751953125,0.4050667628193502,newton,-0.0077521345204452875,3.10553387998611
2026-02-25 10:43:14,690.6,2026-03-13,16,0.044324137493658,570.0,0.8253692441355343,691.9749600764324,-0.1939134092737389,True,put,0.17,0.18,0.175,0.0099999999999999,0.057142857142857,12.0,988.0,0.383795224609375,0.3953574951947676,newton,-0.008848552137872421,3.4881006334572664
2026-02-25 10:43:14,690.6,2026-03-13,16,0.044324137493658,575.0,0.8326093252244425,691.9749600764324,-0.1851797293049843,True,put,0.19,0.2,0.195,0.01,0.0512820512820513,117.0,1428.0,0.37305314453125,0.384902804036743,newton,-0.010001125231458484,3.882372228690477
2026-02-25 10:43:14,690.6,2026-03-13,16,0.044324137493658,590.0,0.854329568491167,691.9749600764324,-0.1594272332025697,True,put,0.26,0.27,0.265,0.01,0.0377358490566038,20.0,908.0,0.340826904296875,0.3520058492554897,newton,-0.01430059204754974,5.293857433209528
2026-02-25 10:43:14,690.6,2026-03-13,16,0.044324137493658,605.0,0.8760498117578916,691.9749600764324,-0.1343213120714933,True,put,0.38,0.39,0.385,0.01,0.0259740259740259,26.0,945.0,0.3103096313476562,0.3212588369728869,newton,-0.02166880713250394,7.547065869397756
2026-02-25 10:43:14,690.6,2026-03-13,16,0.044324137493658,610.0,0.8832898928467998,691.9749600764324,-0.1260908129349778,True,put,0.43,0.44,0.435,0.01,0.0229885057471264,23.0,1474.0,0.2995675512695312,0.31055308152455985,newton,-0.024886617911133963,8.479910111313687
2026-02-25 10:43:14,690.6,2026-03-13,16,0.044324137493658,611.0,0.8847379090645815,691.9749600764324,-0.1244528109307394,True,put,0.44,0.45,0.445,0.01,0.0224719101123595,56.0,266.0,0.2973703076171874,0.30830160894074443,newton,-0.025556998514226725,8.670891904308906
2026-02-25 10:43:14,690.6,2026-03-13,16,0.044324137493658,614.0,0.8890819577179264,691.9749600764324,-0.1195548419551923,True,put,0.48,0.49,0.485,0.01,0.0206185567010309,59.0,670.0,0.2915109912109374,0.30241885521802675,newton,-0.02804846188956583,9.37121548495542
2026-02-25 10:43:14,690.6,2026-03-13,16,0.044324137493658,616.0,0.8919779901534897,691.9749600764324,-0.116302806568815,True,put,0.51,0.52,0.515,0.01,0.0194174757281553,231.0,476.0,0.2878489184570311,0.29859491221777007,newton,-0.02990422311124371,9.883649233079957
2026-02-25 10:43:14,690.6,2026-03-13,16,0.044324137493658,618.0,0.894874022589053,691.9749600764324,-0.113061312644644,True,put,0.53,0.54,0.535,0.01,0.0186915887850467,19.0,538.0,0.2828440856933593,0.29359458252039894,newton,-0.03138973477822907,10.288495764805539
2026-02-25 10:43:14,690.6,2026-03-13,16,0.044324137493658,619.0,0.8963220388068346,691.9749600764324,-0.1114444974177387,True,put,0.55,0.56,0.555,0.01,0.018018018018018,503.0,408.0,0.2812571874999999,0.2920002252986442,newton,-0.03257160101193341,10.607328764608932
2026-02-25 10:43:14,690.6,2026-03-13,16,0.044324137493658,620.0,0.8977700550246163,691.9749600764324,-0.1098302920631975,True,put,0.57,0.58,0.575,0.01,0.0173913043478261,425.0,6287.0,0.2795482202148437,0.29033233559929816,newton,-0.03376660849614485,10.926865121009731
2026-02-25 10:43:14,690.6,2026-03-13,16,0.044324137493658,621.0,0.8992180712423978,691.9749600764324,-0.108218688168856,True,put,0.58,0.59,0.585,0.01,0.0170940170940171,125.0,980.0,0.2769847692871093,0.2877008029056791,newton,-0.03455783535464725,11.136902004595902
2026-02-25 10:43:14,690.6,2026-03-13,16,0.044324137493658,622.0,0.9006660874601795,691.9749600764324,-0.1066096773631553,True,put,0.61,0.62,0.615,0.01,0.016260162601626,149.0,368.0,0.2760082165527343,0.28678915412766987,newton,-0.03619927612904091,11.56885430126946
2026-02-25 10:43:14,690.6,2026-03-13,16,0.044324137493658,623.0,0.9021141036779612,691.9749600764324,-0.1050032513148816,True,put,0.64,0.65,0.645,0.01,0.0155038759689922,31.0,333.0,0.2749095947265625,0.2857568708645922,newton,-0.03785183516994161,11.998738276186607
2026-02-25 10:43:14,690.6,2026-03-13,16,0.044324137493658,625.0,0.9050101361135244,691.9749600764324,-0.1017981203659333,True,put,0.68,0.69,0.685,0.0099999999999998,0.0145985401459852,639.0,5298.0,0.2710033837890625,0.2817918828623844,newton,-0.04037924249246985,12.646909860780768
2026-02-25 10:43:14,690.6,2026-03-13,16,0.044324137493658,626.0,0.906458152331306,691.9749600764324,-0.1001993990022363,True,put,0.7,0.71,0.705,0.01,0.0141843971631205,69.0,154.0,0.2690502783203125,0.27972382439800436,newton,-0.04166993903196315,12.97374726168647
2026-02-25 10:43:14,690.6,2026-03-13,16,0.044324137493658,627.0,0.9079061685490876,691.9749600764324,-0.0986032294694141,True,put,0.72,0.73,0.725,0.01,0.0137931034482758,108.0,197.0,0.2668530346679688,0.277601281597623,newton,-0.04297982404432195,13.302657366381728
2026-02-25 10:43:14,690.6,2026-03-13,16,0.044324137493658,630.0,0.9122502172024326,691.9749600764324,-0.0938299507167564,True,put,0.78,0.79,0.785,0.01,0.0127388535031847,71.0,3318.0,0.2602613037109375,0.2709232941297289,newton,-0.047034073052290536,14.303608218919129
2026-02-25 10:43:14,690.6,2026-03-13,16,0.044324137493658,632.0,0.915146249637996,691.9749600764324,-0.0906603759554774,True,put,0.85,0.86,0.855,0.01,0.0116959064327485,11.0,573.0,0.2575757836914062,0.26820974285795346,newton,-0.051070996084585187,15.276023370254398
2026-02-25 10:43:14,690.6,2026-03-13,16,0.044324137493658,635.0,0.9194902982913408,691.9749600764324,-0.0859247712096432,True,put,0.94,0.95,0.945,0.01,0.0105820105820105,119.0,2291.0,0.2518385363769531,0.2625178846605475,newton,-0.05669905163539651,16.594191995623923
2026-02-25 10:43:14,690.6,2026-03-13,16,0.044324137493658,636.0,0.9209383145091224,691.9749600764324,-0.0843512067622127,True,put,0.97,0.98,0.975,0.01,0.0102564102564102,23.0,552.0,0.2497633618164062,0.2604784212231194,newton,-0.05863077428966806,17.037120273715196
2026-02-25 10:43:14,690.6,2026-03-13,16,0.044324137493658,638.0,0.9238343469446858,691.9749600764324,-0.081211486757545,True,put,1.03,1.05,1.04,0.02,0.0192307692307692,29.0,235.0,0.2461012890625,0.2564789750468648,newton,-0.06278557964506604,17.974181219567516
2026-02-25 10:43:14,690.6,2026-03-13,16,0.044324137493658,639.0,0.9252823631624674,691.9749600764324,-0.0796453157247999,True,put,1.07,1.09,1.08,0.02,0.0185185185185185,10.0,201.0,0.2443923217773437,0.2547791467096467,newton,-0.06520759346302717,18.5109583221223
2026-02-25 10:43:14,690.6,2026-03-13,16,0.044324137493658,640.0,0.926730379380249,691.9749600764324,-0.0780815937486172,True,put,1.11,1.12,1.1150000000000002,0.01,0.0089686098654708,75.0,9828.0,0.2420730090332031,0.25272721551277616,newton,-0.06746722261641287,19.0056776341852
2026-02-25 10:43:14,690.6,2026-03-13,16,0.044324137493658,641.0,0.9281783955980306,691.9749600764324,-0.0765203131816647,True,put,1.14,1.15,1.145,0.01,0.0087336244541484,14.0,456.0,0.2397536962890624,0.25034676920388765,newton,-0.06956880829453163,19.46067388470417
2026-02-25 10:43:14,690.6,2026-03-13,16,0.044324137493658,642.0,0.9296264118158124,691.9749600764324,-0.0749614664123736,True,put,1.2,1.21,1.205,0.01,0.0082987551867219,11.0,518.0,0.2387771435546875,0.249405721888942,newton,-0.07287474095131306,20.16670601801676
2026-02-25 10:43:14,690.6,2026-03-13,16,0.044324137493658,644.0,0.9325224442513756,691.9749600764324,-0.0718510439979811,True,put,1.3,1.32,1.31,0.02,0.015267175572519,511.0,958.0,0.2359695544433593,0.24641236614284068,newton,-0.07900482747595786,21.445723532834943
2026-02-25 10:43:14,690.6,2026-03-13,16,0.044324137493658,645.0,0.9339704604691572,691.9749600764324,-0.0702994533065622,True,put,1.35,1.37,1.36,0.02,0.0147058823529411,386.0,1828.0,0.2341385180664062,0.2446420499524734,newton,-0.08203445965414383,22.063968543675344
2026-02-25 10:43:14,690.6,2026-03-13,16,0.044324137493658,647.0,0.9368664929047203,691.9749600764324,-0.0672034756014342,True,put,1.44,1.45,1.4449999999999998,0.01,0.0069204152249135,24.0,226.0,0.229499892578125,0.24017561064987877,newton,-0.08767449305981284,23.191568508200703
2026-02-25 10:43:14,690.6,2026-03-13,16,0.044324137493658,648.0,0.938314509122502,691.9749600764324,-0.0656590737500601,True,put,1.49,1.51,1.5,0.02,0.0133333333333333,10.0,325.0,0.2278519598388672,0.23835775662583625,newton,-0.09103760618617618,23.84999918216395
2026-02-25 10:43:14,690.6,2026-03-13,16,0.044324137493658,649.0,0.9397625253402838,691.9749600764324,-0.0641170533982447,True,put,1.54,1.56,1.55,0.02,0.0129032258064516,502.0,674.0,0.2257157507324218,0.23623840129129023,newton,-0.09426980129909193,24.473308917964033
2026-02-25 10:43:14,690.6,2026-03-13,16,0.044324137493658,650.0,0.9412105415580654,691.9749600764324,-0.062577407212652,True,put,1.63,1.64,1.6349999999999998,0.01,0.0061162079510703,503.0,11696.0,0.2246781634521484,0.23542329645695204,newton,-0.09883174260708431,25.33768493351353
2026-02-25 10:43:14,690.6,2026-03-13,16,0.044324137493658,653.0,0.9455545902114104,691.9749600764324,-0.0579726408259037,True,put,1.82,1.84,1.83,0.02,0.0109289617486338,30.0,340.0,0.2192460888671875,0.2298813279365162,newton,-0.11066952067975623,27.500708400619267
2026-02-25 10:43:14,690.6,2026-03-13,16,0.044324137493658,655.0,0.9484506226469736,691.9749600764324,-0.0549145344670828,True,put,1.98,1.99,1.985,0.01,0.0050377833753148,179.0,2463.0,0.2157060852050781,0.22654062043352932,newton,-0.11975941069404132,29.087710312419535
2026-02-25 10:43:14,690.6,2026-03-13,16,0.044324137493658,656.0,0.9498986388647552,691.9749600764324,-0.0533889811582457,True,put,2.06,2.08,2.0700000000000003,0.02,0.0096618357487922,82.0,1463.0,0.2142412561035156,0.2249445820783119,newton,-0.12466255326880701,29.91850021608614
2026-02-25 10:43:14,690.6,2026-03-13,16,0.044324137493658,657.0,0.9513466550825368,691.9749600764324,-0.0518657516177243,True,put,2.13,2.15,2.1399999999999997,0.02,0.0093457943925233,30.0,980.0,0.2119829779052734,0.22273429989103913,newton,-0.1291387193892022,30.662037688773534
2026-02-25 10:43:14,690.6,2026-03-13,16,0.044324137493658,658.0,0.9527946713003186,691.9749600764324,-0.0503448387770176,True,put,2.2,2.21,2.205,0.0099999999999997,0.0045351473922901,10.0,865.0,0.2093584924316406,0.2202676879511275,newton,-0.1335401784007491,31.379638622799085
2026-02-25 10:43:14,690.6,2026-03-13,16,0.044324137493658,659.0,0.9542426875181002,691.9749600764324,-0.0488262355998276,True,put,2.31,2.33,2.3200000000000003,0.02,0.0086206896551724,45.0,558.0,0.208442974243164,0.21926463450776507,newton,-0.13967308775105033,32.35774269908112
2026-02-25 10:43:14,690.6,2026-03-13,16,0.044324137493658,660.0,0.9556907037358818,691.9749600764324,-0.0473099350818635,True,put,2.39,2.41,2.4000000000000004,0.02,0.0083333333333333,161.0,4372.0,0.2061846960449218,0.21704266712346013,newton,-0.14475164063813192,33.14898484403198
2026-02-25 10:43:14,690.6,2026-03-13,16,0.044324137493658,661.0,0.9571387199536634,691.9749600764324,-0.0457959302506485,True,put,2.48,2.5,2.49,0.02,0.0080321285140562,33.0,444.0,0.2041705560302734,0.2150105534354042,newton,-0.15025282365307127,33.98745087753785
2026-02-25 10:43:14,690.6,2026-03-13,16,0.044324137493658,663.0,0.9600347523892268,691.9749600764324,-0.0427747799164723,True,put,2.72,2.74,2.7300000000000004,0.02,0.0073260073260073,85.0,726.0,0.2013019323730468,0.21227611017664721,newton,-0.16341396770938912,35.91754743450996
2026-02-25 10:43:14,690.6,2026-03-13,16,0.044324137493658,664.0,0.9614827686070084,691.9749600764324,-0.0412676206259009,True,put,2.77,2.79,2.78,0.02,0.0071942446043165,37.0,721.0,0.1978229632568359,0.20877275580002366,newton,-0.16804082233408285,36.57147615369769
2026-02-25 10:43:14,690.6,2026-03-13,16,0.044324137493658,665.0,0.96293078482479,691.9749600764324,-0.0397627294464806,True,put,2.91,2.93,2.92,0.02,0.0068493150684931,1011.0,1733.0,0.1965717550659179,0.20760962712251788,newton,-0.17549757698843158,37.59930893461877
2026-02-25 10:43:14,690.6,2026-03-13,16,0.044324137493658,668.0,0.9672748334781348,691.9749600764324,-0.0352615965656891,True,put,3.27,3.29,3.28,0.02,0.0060975609756097,48.0,489.0,0.190437783203125,0.20163014109213187,newton,-0.19682304305635254,40.368253722861006
2026-02-25 10:43:14,690.6,2026-03-13,16,0.044324137493658,669.0,0.9687228496959166,691.9749600764324,-0.0337657099741064,True,put,3.45,3.47,3.46,0.02,0.0057803468208092,15.0,1763.0,0.1895222650146484,0.2008135557493201,newton,-0.20583625092671126,41.46568843034661
2026-02-25 10:43:14,690.6,2026-03-13,16,0.044324137493658,670.0,0.9701708659136982,691.9749600764324,-0.0322720577173231,True,put,3.55,3.57,3.5599999999999996,0.02,0.0056179775280898,567.0,8043.0,0.1865926068115234,0.1979101163009819,newton,-0.21286103144967652,42.29212275872373
2026-02-25 10:43:14,690.6,2026-03-13,16,0.044324137493658,671.0,0.9716188821314798,691.9749600764324,-0.030780633130653,True,put,3.71,3.73,3.72,0.02,0.0053763440860215,42.0,540.0,0.1848836395263671,0.19628358089099052,newton,-0.2216270592385333,43.288724648415226
2026-02-25 10:43:14,690.6,2026-03-13,16,0.044324137493658,672.0,0.9730668983492616,691.9749600764324,-0.0292914295791853,True,put,3.88,3.9,3.89,0.02,0.0051413881748072,77.0,858.0,0.1832051895141601,0.19471376967892515,newton,-0.23079136714527942,44.29033240787623
2026-02-25 10:43:14,690.6,2026-03-13,16,0.044324137493658,673.0,0.9745149145670432,691.9749600764324,-0.027804440457607,True,put,4.01,4.03,4.02,0.0200000000000004,0.0049751243781095,31.0,415.0,0.1805196694946289,0.1920839955153703,newton,-0.23916283265356486,45.17008638542763
2026-02-25 10:43:14,690.6,2026-03-13,16,0.044324137493658,674.0,0.9759629307848248,691.9749600764324,-0.0263196591900278,True,put,4.17,4.2,4.1850000000000005,0.0300000000000002,0.007168458781362,40.0,601.0,0.1785360467529297,0.19007683118500945,newton,-0.24857974655846632,46.12037832985065
2026-02-25 10:43:14,690.6,2026-03-13,16,0.044324137493658,675.0,0.9774109470026064,691.9749600764324,-0.024837079229805,True,put,4.39,4.41,4.4,0.0200000000000004,0.0045454545454546,284.0,2442.0,0.177193286743164,0.18896497351472058,newton,-0.2593088010535116,47.15338781907801
2026-02-25 10:43:14,690.6,2026-03-13,16,0.044324137493658,676.0,0.978858963220388,691.9749600764324,-0.0233566940593707,True,put,4.54,4.57,4.555,0.0300000000000002,0.0065861690450055,120.0,525.0,0.1746603530883789,0.18639861881795036,newton,-0.2689133671528447,48.034139190720516
2026-02-25 10:43:14,690.6,2026-03-13,16,0.044324137493658,677.0,0.9803069794381696,691.9749600764324,-0.0218784971900598,True,put,4.72,4.74,4.73,0.0200000000000004,0.0042283298097252,137.0,2438.0,0.1721274194335937,0.18408549652682335,newton,-0.27919927708509396,48.932184794129036
2026-02-25 10:43:14,690.6,2026-03-13,16,0.044324137493658,678.0,0.9817549956559514,691.9749600764324,-0.0204024821619391,True,put,4.9,4.93,4.915,0.0299999999999993,0.0061037639877923,36.0,6497.0,0.1698691412353515,0.1818024523130634,newton,-0.28994887472541553,49.82168162624617
2026-02-25 10:43:14,690.6,2026-03-13,16,0.044324137493658,679.0,0.9832030118737328,691.9749600764324,-0.0189286425436386,True,put,5.11,5.13,5.12,0.0199999999999995,0.0039062499999999,17.0,6428.0,0.1675803457641602,0.17973602665273586,newton,-0.3013489991010572,50.71123516114719
2026-02-25 10:43:14,690.6,2026-03-13,16,0.044324137493658,680.0,0.9846510280915146,691.9749600764324,-0.0174569719321823,True,put,5.35,5.37,5.359999999999999,0.0200000000000004,0.0037313432835821,1567.0,2794.0,0.1658408612060547,0.17815658656477165,newton,-0.31362967339292286,51.608659457515486
2026-02-25 10:43:14,690.6,2026-03-13,16,0.044324137493658,681.0,0.9860990443092962,691.9749600764324,-0.0159874639528224,True,put,5.5,5.52,5.51,0.0199999999999995,0.0036297640653356,25.0,501.0,0.1622398229980468,0.1746465664959776,newton,-0.324685918062377,52.36351624776507
2026-02-25 10:43:14,690.6,2026-03-13,16,0.044324137493658,682.0,0.987547060527078,691.9749600764324,-0.0145201122588726,True,put,5.77,5.79,5.779999999999999,0.0200000000000004,0.0034602076124568,71.0,851.0,0.1606529248046875,0.1732315687947875,newton,-0.33803218356864817,53.2087749795068
2026-02-25 10:43:14,690.6,2026-03-13,16,0.044324137493658,683.0,0.9889950767448596,691.9749600764324,-0.0130549105315447,True,put,6.07,6.09,6.08,0.0199999999999995,0.0032894736842104,124.0,1343.0,0.1593711993408203,0.1721410210369608,newton,-0.35202611895833147,54.01875498963077
2026-02-25 10:43:14,690.6,2026-03-13,16,0.044324137493658,684.0,0.9904430929626412,691.9749600764324,-0.0115918524797843,True,put,6.28,6.3,6.29,0.0199999999999995,0.0031796502384737,95.0,4389.0,0.1562279202270508,0.1691610428454952,newton,-0.3651059648168682,54.70622898971148
2026-02-25 10:43:14,690.6,2026-03-13,16,0.044324137493658,685.0,0.9918911091804228,691.9749600764324,-0.0101309318401094,True,put,6.54,6.56,6.55,0.0199999999999995,0.0030534351145037,326.0,6032.0,0.153756021118164,0.16687993984973185,newton,-0.3792270647382729,55.3739359714371
2026-02-25 10:43:14,690.6,2026-03-13,16,0.044324137493658,686.0,0.9933391253982043,691.9749600764324,-0.0086721423764495,True,put,6.85,6.88,6.865,0.0300000000000002,0.0043699927166788,143.0,1283.0,0.152077571105957,0.1653509126737806,newton,-0.39428942014018464,56.00191917338561
2026-02-25 10:43:14,690.6,2026-03-13,16,0.044324137493658,687.0,0.994787141615986,691.9749600764324,-0.0072154778799854,True,put,7.17,7.18,7.175,0.0099999999999997,0.0013937282229964,38.0,818.0,0.1497887756347656,0.16347930254026322,newton,-0.4096149838808206,56.55262022096244
2026-02-25 10:43:14,690.6,2026-03-13,16,0.044324137493658,688.0,0.9962351578337676,691.9749600764324,-0.0057609321689911,True,put,7.4,7.43,7.415,0.0299999999999993,0.0040458530006742,240.0,812.0,0.1464013583374023,0.1601247357704584,newton,-0.4248598774263839,57.01295768801276
2026-02-25 10:43:14,690.6,2026-03-13,16,0.044324137493658,689.0,0.9976831740515494,691.9749600764324,-0.0043084990886762,True,put,7.79,7.81,7.8,0.0199999999999995,0.0025641025641025,56.0,370.0,0.1449060119628906,0.15905209043682084,newton,-0.44148869131056706,57.41643819335502
2026-02-25 10:43:14,690.6,2026-03-13,16,0.044324137493658,690.0,0.999131190269331,691.9749600764324,-0.0028581725110297,True,put,8.12,8.15,8.135,0.0300000000000011,0.0036877688998157,635.0,2777.0,0.1424646301269531,0.15682933662693022,newton,-0.458220524647922,57.71923850576366
2026-02-25 10:43:14,690.6,2026-03-13,16,0.044324137493658,691.0,1.0005792064871126,691.9749600764324,-0.0014099463346649,True,put,8.4,8.43,8.415,0.0299999999999993,0.0035650623885917,661.0,275.0,0.1387110055541992,0.15337575319155755,newton,-0.47539448208405577,57.92297055005158
2026-02-25 10:43:14,690.6,2026-03-13,16,0.044324137493658,692.0,1.0020272227048943,691.9749600764324,3.6185515334764465e-05,False,put,8.76,8.8,8.780000000000001,0.0400000000000009,0.0045558086560365,101.0,353.0,0.1361475546264648,0.15109787125317561,newton,-0.49332081744423023,58.02033645593624
2026-02-25 10:43:14,690.6,2026-03-13,16,0.044324137493658,694.0,1.0049232551404574,691.9749600764324,0.0029221904044696,False,put,9.6,9.64,9.62,0.0400000000000009,0.0041580041580042,38.0,343.0,0.1316615155029297,0.1475011111450109,newton,-0.5304670696364886,57.847816120424014
2026-02-25 10:43:14,690.6,2026-03-13,16,0.044324137493658,695.0,1.0063712713582391,691.9749600764324,0.0043620754624573,False,put,10.0,10.15,10.075,0.1500000000000003,0.0148883374689826,315.0,1245.0,0.1304103073120117,0.14581713683493805,newton,-0.5495495657630508,57.5624835734056
2026-02-25 10:43:14,690.6,2026-03-13,16,0.044324137493658,697.0,1.0092673037938025,691.9749600764324,0.007235640658189,False,put,10.85,11.09,10.97,0.2400000000000002,0.0218778486782133,11.0,404.0,0.1253139227294922,0.14113477383080525,newton,-0.589490705616281,56.52939129378118
2026-02-25 10:43:14,690.6,2026-03-13,16,0.044324137493658,698.0,1.0107153200115842,691.9749600764324,0.0086693326600376,False,put,11.34,11.58,11.46,0.2400000000000002,0.0209424083769633,37.0,190.0,0.1224758163452148,0.13898030271800502,newton,-0.6099226498860186,55.77007005634052
2026-02-25 10:43:14,690.6,2026-03-13,16,0.044324137493658,700.0,1.0136113524471473,691.9749600764324,0.0115305649410698,False,put,12.31,12.53,12.42,0.2199999999999988,0.0177133655394524,14.0,560.0,0.1146023599243164,0.1330543063775937,newton,-0.653500727597346,53.61625807475351
2026-02-25 10:43:14,690.6,2026-03-13,16,0.044324137493658,705.0,1.0208514335360557,691.9749600764324,0.0186480327099338,False,put,15.4,15.68,15.54,0.2799999999999993,0.0180180180180179,40.0,125.0,0.0987638952636718,0.12393894438700455,newton,-0.7573333083744928,45.36611594465502
2026-02-25 10:43:14,690.6,2026-03-20,23,0.0635022196854388,650.0,0.9412105415580654,691.4209612518923,-0.0617764812512351,False,call,44.46,44.81,44.635000000000005,0.3500000000000014,0.0078413800828946,21.0,17386.0,0.2546461254882813,0.24186552106387732,newton,0.8498231851364508,40.212061229571994
2026-02-25 10:43:14,690.6,2026-03-20,23,0.0635022196854388,655.0,0.9484506226469736,691.4209612518923,-0.0541136085056659,False,call,39.99,40.3,40.145,0.3099999999999951,0.0077220077220076,54.0,3280.0,0.2440871490478515,0.23307771461332194,newton,0.8272256115226896,44.1361500852
2026-02-25 10:43:14,690.6,2026-03-20,23,0.0635022196854388,664.0,0.9614827686070084,691.4209612518923,-0.040466694664484,False,call,31.93,32.3,32.114999999999995,0.3699999999999974,0.0115210960610305,637.0,654.0,0.2232133343505859,0.21359160424943915,newton,0.7801483917451673,51.21154951262973
2026-02-25 10:43:14,690.6,2026-03-20,23,0.0635022196854388,665.0,0.96293078482479,691.4209612518923,-0.0389618034850636,False,call,31.12,31.39,31.255000000000003,0.2699999999999996,0.0086386178211486,16.0,8857.0,0.220161607055664,0.21166977397579145,newton,0.7737377806414673,52.06925704204384
2026-02-25 10:43:14,690.6,2026-03-20,23,0.0635022196854388,670.0,0.9701708659136982,691.4209612518923,-0.0314711317559061,False,call,26.83,27.16,26.994999999999997,0.3300000000000018,0.0122244860159289,22.0,20996.0,0.2093890097045898,0.20137117302970045,newton,0.7390252831371499,56.30663814778332
2026-02-25 10:43:14,690.6,2026-03-20,23,0.0635022196854388,675.0,0.9774109470026064,691.4209612518923,-0.024036153268388,False,call,22.77,22.99,22.88,0.2199999999999988,0.0096153846153845,33.0,7178.0,0.19727365234375,0.19103802876755732,newton,0.6980398069049094,60.475132885642324
2026-02-25 10:43:14,690.6,2026-03-20,23,0.0635022196854388,680.0,0.9846510280915146,691.4209612518923,-0.0166560459707654,False,call,18.82,19.02,18.92,0.1999999999999993,0.0105708245243128,68.0,14278.0,0.1856160540771484,0.18028523226742635,newton,0.649998765771975,64.28925634597722
2026-02-25 10:43:14,690.6,2026-03-20,23,0.0635022196854388,681.0,0.9860990443092962,691.4209612518923,-0.0151865379914055,False,call,18.04,18.26,18.15,0.2200000000000024,0.0121212121212122,14.0,1736.0,0.1834188104248046,0.17808610461285013,newton,0.6394276153959544,64.9800753894371
2026-02-25 10:43:14,690.6,2026-03-20,23,0.0635022196854388,682.0,0.987547060527078,691.4209612518923,-0.0137191862974557,False,call,17.27,17.51,17.39,0.240000000000002,0.0138010350776309,24.0,3726.0,0.1812368254089355,0.1758988895450951,newton,0.6284924134279696,65.63975062250086
2026-02-25 10:43:14,690.6,2026-03-20,23,0.0635022196854388,683.0,0.9889950767448596,691.4209612518923,-0.0122539845701278,False,call,16.66,16.91,16.785,0.25,0.0148942508191837,19.0,2316.0,0.1811300149536132,0.175904049534762,newton,0.6159704668196183,66.3272482842064
2026-02-25 10:43:14,690.6,2026-03-20,23,0.0635022196854388,684.0,0.9904430929626412,691.4209612518923,-0.0107909265183674,False,call,15.8,16.0,15.9,0.1999999999999993,0.0125786163522012,95.0,4029.0,0.1763082858276367,0.17153335542738735,newton,0.605516230498068,66.84621725519088
2026-02-25 10:43:14,690.6,2026-03-20,23,0.0635022196854388,685.0,0.9918911091804228,691.4209612518923,-0.0093300058786926,False,call,15.1,15.22,15.16,0.120000000000001,0.0079155672823219,128.0,38060.0,0.1732565585327148,0.1691931912442121,newton,0.5935333929169238,67.38003492579752
2026-02-25 10:43:14,690.6,2026-03-20,23,0.0635022196854388,686.0,0.9933391253982043,691.4209612518923,-0.0078712164150326,False,call,14.36,14.55,14.455,0.1900000000000012,0.0131442407471464,16.0,2797.0,0.1716696603393555,0.16720846861262628,newton,0.581006283577874,67.86893230352989
2026-02-25 10:43:14,690.6,2026-03-20,23,0.0635022196854388,687.0,0.994787141615986,691.4209612518923,-0.0064145519185685,False,call,13.66,13.92,13.79,0.2599999999999998,0.0188542422044959,88.0,3016.0,0.1704489694213867,0.16563807295315397,newton,0.5679826967327678,68.30278224854729
2026-02-25 10:43:14,690.6,2026-03-20,23,0.0635022196854388,688.0,0.9962351578337676,691.4209612518923,-0.0049600062075742,False,call,12.97,13.22,13.095,0.25,0.0190912562046582,114.0,2878.0,0.1680686221313477,0.16344908714021322,newton,0.5548016318513996,68.66511249697963
2026-02-25 10:43:14,690.6,2026-03-20,23,0.0635022196854388,689.0,0.9976831740515494,691.4209612518923,-0.0035075731272592,False,call,12.35,12.39,12.37,0.0400000000000009,0.0032336297493937,182.0,2009.0,0.1636741348266602,0.16064363193447787,newton,0.5413217122445226,68.9562069508893
2026-02-25 10:43:14,690.6,2026-03-20,23,0.0635022196854388,690.0,0.999131190269331,691.4209612518923,-0.0020572465496128,False,call,11.66,11.7,11.68,0.0399999999999991,0.0034246575342465,484.0,34645.0,0.1610801666259765,0.1581593481573161,newton,0.527311261099946,69.17397144405454
2026-02-25 10:43:14,690.6,2026-03-20,23,0.0635022196854388,691.0,1.0005792064871126,691.4209612518923,-0.0006090203732479,False,call,11.0,11.05,11.025,0.0500000000000007,0.0045351473922903,193.0,1680.0,0.1588829229736328,0.15598411159774483,newton,0.5128451867673477,69.30841649929432
2026-02-25 10:43:14,690.6,2026-03-20,23,0.0635022196854388,692.0,1.0020272227048943,691.4209612518923,0.0008371114767516,True,call,10.37,10.41,10.39,0.0400000000000009,0.0038498556304139,230.0,2510.0,0.1565941275024414,0.1538915731639113,newton,0.4979841797508026,69.35107243638713
2026-02-25 10:43:14,690.6,2026-03-20,23,0.0635022196854388,693.0,1.003475238922676,691.4209612518923,0.0022811550489852,True,call,9.82,9.86,9.84,0.0399999999999991,0.0040650406504064,40.0,3477.0,0.1554039538574219,0.1528114537193476,newton,0.48294739058807407,69.29582358792639
2026-02-25 10:43:14,690.6,2026-03-20,23,0.0635022196854388,694.0,1.0049232551404574,691.4209612518923,0.0037231163658866,True,call,9.12,9.16,9.14,0.0400000000000009,0.0043763676148797,52.0,2990.0,0.1518639501953125,0.14934330878428376,newton,0.4670050038366216,69.1290470293556
2026-02-25 10:43:14,690.6,2026-03-20,23,0.0635022196854388,695.0,1.0063712713582391,691.4209612518923,0.0051630014238742,True,call,8.51,8.55,8.530000000000001,0.0400000000000009,0.0046893317702228,486.0,19911.0,0.1493615338134765,0.14694046429995447,newton,0.450845739355488,68.84608199034324
2026-02-25 10:43:14,690.6,2026-03-20,23,0.0635022196854388,696.0,1.0078192875760208,691.4209612518923,0.0066008161935017,True,call,7.93,7.97,7.949999999999999,0.04,0.0050314465408805,16.0,3470.0,0.1470727383422851,0.14472929624777683,newton,0.4343630828627894,68.43881007573015
2026-02-25 10:43:14,690.6,2026-03-20,23,0.0635022196854388,697.0,1.0092673037938025,691.4209612518923,0.0080365666196061,True,call,7.38,7.42,7.4,0.04,0.0054054054054054,48.0,5188.0,0.1449365292358398,0.1427038734437214,newton,0.41763474474007534,67.90222547556333
2026-02-25 10:43:14,690.6,2026-03-20,23,0.0635022196854388,699.0,1.0121633362293658,691.4209612518923,0.0109018980928923,True,call,6.36,6.4,6.380000000000001,0.04,0.006269592476489,42.0,4550.0,0.1410913528442383,0.1390463110567114,newton,0.3836480307369625,66.42537647545176
2026-02-25 10:43:14,690.6,2026-03-20,23,0.0635022196854388,700.0,1.0136113524471473,691.4209612518923,0.0123314909024867,True,call,5.81,5.85,5.83,0.04,0.006861063464837,2730.0,42101.0,0.1381616946411132,0.13618656430761672,newton,0.3652772530519569,65.40805965328967
2026-02-25 10:43:14,690.6,2026-03-20,23,0.0635022196854388,701.0,1.015059368664929,691.4209612518923,0.0137590428936722,True,call,5.36,5.4,5.380000000000001,0.04,0.0074349442379182,105.0,3011.0,0.136452727355957,0.13455212830034516,newton,0.34790160313631757,64.30171924006186
2026-02-25 10:43:14,690.6,2026-03-20,23,0.0635022196854388,702.0,1.0165073848827106,691.4209612518923,0.0151845598848932,True,call,4.87,4.9,4.885,0.0300000000000002,0.0061412487205732,18.0,3976.0,0.1336451382446289,0.1319024044917702,newton,0.32913885590250785,62.94687829311113
2026-02-25 10:43:14,690.6,2026-03-20,23,0.0635022196854388,704.0,1.019403417318274,691.4209612518923,0.0180295120171244,True,call,4.03,4.06,4.045,0.0299999999999993,0.0074165636588379,14.0,3037.0,0.1295863409423828,0.1279839377536983,newton,0.2929279135220431,59.84825366177587
2026-02-25 10:43:14,690.6,2026-03-20,23,0.0635022196854388,705.0,1.0208514335360557,691.4209612518923,0.0194489586713508,True,call,3.65,3.69,3.67,0.04,0.0108991825613079,281.0,29386.0,0.1278773736572265,0.12625961983525852,newton,0.2751691038811795,58.087629273640594
2026-02-25 10:43:14,690.6,2026-03-20,23,0.0635022196854388,706.0,1.0222994497538371,691.4209612518923,0.0208663933523241,True,call,3.29,3.32,3.3049999999999997,0.0299999999999998,0.0090771558245082,63.0,11004.0,0.1258021990966797,0.12435011530413577,newton,0.25718366204627396,56.13645314393212
2026-02-25 10:43:14,690.6,2026-03-20,23,0.0635022196854388,707.0,1.0237474659716188,691.4209612518923,0.0222818217556548,True,call,2.96,2.98,2.97,0.02,0.0067340067340067,218.0,4222.0,0.1239101281738281,0.12260182698365062,newton,0.23962079917735077,54.06227418264828
2026-02-25 10:43:14,690.6,2026-03-20,23,0.0635022196854388,708.0,1.0251954821894005,691.4209612518923,0.0236952495528019,True,call,2.64,2.66,2.6500000000000004,0.02,0.0075471698113207,296.0,3172.0,0.1219875399780273,0.12074367046639885,newton,0.22206116607173873,51.81522347172872
2026-02-25 10:43:14,690.6,2026-03-20,23,0.0635022196854388,709.0,1.0266434984071822,691.4209612518923,0.0251066823912096,True,call,2.38,2.41,2.395,0.0300000000000002,0.012526096033403,58.0,2862.0,0.1210415045166015,0.1197694461302771,newton,0.20655817258384745,49.68137978138665
2026-02-25 10:43:14,690.6,2026-03-20,23,0.0635022196854388,710.0,1.0280915146249638,691.4209612518923,0.0265161258944432,True,call,2.07,2.09,2.08,0.02,0.0096153846153846,444.0,21929.0,0.1182949499511718,0.11716508200525723,newton,0.18810055923863278,46.948667756616686
2026-02-25 10:43:14,690.6,2026-03-20,23,0.0635022196854388,711.0,1.0295395308427453,691.4209612518923,0.0279235856623229,True,call,1.84,1.86,1.85,0.02,0.0108108108108108,34.0,2621.0,0.1170132244873046,0.11591543947669575,newton,0.17286828637843546,44.52800840494251
2026-02-25 10:43:14,690.6,2026-03-20,23,0.0635022196854388,712.0,1.030987547060527,691.4209612518923,0.0293290672710579,True,call,1.62,1.64,1.63,0.0199999999999997,0.0122699386503066,69.0,2711.0,0.1155178781127929,0.11448597815522563,newton,0.15776767736880468,41.972028869139976
2026-02-25 10:43:14,690.6,2026-03-20,23,0.0635022196854388,713.0,1.0324355632783089,691.4209612518923,0.030732576273378,True,call,1.42,1.44,1.43,0.02,0.013986013986014,121.0,4652.0,0.1140835662841796,0.11310705315006947,newton,0.1433391909913006,39.375730475638264
2026-02-25 10:43:14,690.6,2026-03-20,23,0.0635022196854388,714.0,1.0338835794960903,691.4209612518923,0.0321341181986664,True,call,1.26,1.28,1.27,0.02,0.015748031496063,11.0,2012.0,0.1132901171875,0.11234560887675958,newton,0.13086637422429068,37.00226606294967
2026-02-25 10:43:14,690.6,2026-03-20,23,0.0635022196854388,715.0,1.035331595713872,691.4209612518923,0.0335336985530896,True,call,1.09,1.11,1.1,0.02,0.0181818181818181,1715.0,26473.0,0.1118252880859374,0.11090136402446368,newton,0.11755383238894701,34.32783213332105
2026-02-25 10:43:14,690.6,2026-03-20,23,0.0635022196854388,716.0,1.0367796119316537,691.4209612518923,0.0349313228197277,True,call,0.95,0.96,0.955,0.01,0.0104712041884816,55.0,2429.0,0.1104825280761718,0.10973010185514288,newton,0.10551058031937414,31.77353315797508
2026-02-25 10:43:14,690.6,2026-03-20,23,0.0635022196854388,718.0,1.0396756443672168,691.4209612518923,0.0377207249073062,True,call,0.72,0.74,0.73,0.02,0.0273972602739726,26.0,5390.0,0.1090787335205078,0.1082433240430019,newton,0.0852667634912011,27.160752399598273
2026-02-25 10:43:14,690.6,2026-03-20,23,0.0635022196854388,719.0,1.0411236605849985,691.4209612518923,0.0391125135801289,True,call,0.64,0.65,0.645,0.01,0.0155038759689922,24.0,2403.0,0.1085294226074218,0.10794014496066184,newton,0.0769990399802343,25.149145466732694
2026-02-25 10:43:14,690.6,2026-03-20,23,0.0635022196854388,720.0,1.0425716768027802,691.4209612518923,0.0405023678691831,True,call,0.55,0.57,0.56,0.0199999999999999,0.0357142857142855,3363.0,31242.0,0.1080411462402343,0.10728000897000894,newton,0.06865798715161375,23.03594537993216
2026-02-25 10:43:14,690.6,2026-03-20,23,0.0635022196854388,721.0,1.044019693020562,691.4209612518923,0.0418902931440311,True,call,0.48,0.49,0.485,0.01,0.0206185567010309,35.0,2966.0,0.1071866625976562,0.10666492623794226,newton,0.06103026824014107,21.023289536162288
2026-02-25 10:43:14,690.6,2026-03-20,23,0.0635022196854388,722.0,1.0454677092383435,691.4209612518923,0.0432762947519082,True,call,0.42,0.43,0.425,0.01,0.0235294117647059,133.0,1715.0,0.1069425244140625,0.10640359677574358,newton,0.054610262312301705,19.26441525186033
2026-02-25 10:43:14,690.6,2026-03-20,23,0.0635022196854388,723.0,1.046915725456125,691.4209612518923,0.0446603780178468,True,call,0.37,0.38,0.375,0.01,0.0266666666666666,17.0,1633.0,0.1068204553222656,0.10634997344807494,newton,0.04904875325154525,17.688376069965386
2026-02-25 10:43:14,690.6,2026-03-20,23,0.0635022196854388,724.0,1.048363741673907,691.4209612518923,0.0460425482447985,True,call,0.33,0.34,0.335,0.01,0.0298507462686567,17.0,2693.0,0.1070645935058593,0.1065929655443688,newton,0.04440084137623956,16.330660544902486
2026-02-25 10:43:14,690.6,2026-03-20,23,0.0635022196854388,725.0,1.0498117578916883,691.4209612518923,0.0474228107137568,True,call,0.28,0.3,0.29,0.0199999999999999,0.0689655172413791,2032.0,21515.0,0.1070645935058593,0.1062369290845307,newton,0.039282390683703504,14.788825791021724
2026-02-25 10:43:14,690.6,2026-03-20,23,0.0635022196854388,730.0,1.0570518389805963,691.4209612518923,0.054295690001519,True,call,0.16,0.17,0.165,0.01,0.0606060606060606,15232.0,33910.0,0.108407353515625,0.10789897455427205,newton,0.02361334717773412,9.703238748866099
2026-02-25 10:43:14,690.6,2026-03-20,23,0.0635022196854388,490.0,0.7095279467130031,691.4209612518923,-0.3443434530362456,True,put,0.1,0.11,0.105,0.0099999999999999,0.0952380952380951,54.0,6162.0,0.5107470800781251,0.5217469588095621,newton,-0.003620906151382465,1.8874753416996901
2026-02-25 10:43:14,690.6,2026-03-20,23,0.0635022196854388,495.0,0.7167680278019114,691.4209612518923,-0.3341910815722275,True,put,0.11,0.12,0.1149999999999999,0.0099999999999999,0.0869565217391304,28.0,7275.0,0.5019581054687501,0.5127103606865917,newton,-0.004001220041446374,2.06424993687414
2026-02-25 10:43:14,690.6,2026-03-20,23,0.0635022196854388,500.0,0.7240081088908196,691.4209612518923,-0.3241407457187262,True,put,0.12,0.13,0.125,0.01,0.08,93.0,39481.0,0.495122236328125,0.5032582975832697,newton,-0.004395005281193504,2.24504393590285
2026-02-25 10:43:14,690.6,2026-03-20,23,0.0635022196854388,505.0,0.7312481899797277,691.4209612518923,-0.3141904148655581,True,put,0.13,0.14,0.135,0.01,0.0740740740740741,1577.0,4811.0,0.485356708984375,0.49345233551433804,newton,-0.004803553818395253,2.430399369766134
2026-02-25 10:43:14,690.6,2026-03-20,23,0.0635022196854388,515.0,0.7457283521575442,691.4209612518923,-0.2945819434771817,True,put,0.15,0.16,0.155,0.01,0.0645161290322581,100.0,9247.0,0.4648491015625,0.4729658018136797,newton,-0.005670443183869721,2.816968924880585
2026-02-25 10:43:14,690.6,2026-03-20,23,0.0635022196854388,520.0,0.7529684332464524,691.4209612518923,-0.2849200325654449,True,put,0.16,0.17,0.165,0.01,0.0606060606060606,13.0,158421.0,0.454107021484375,0.4623575363222757,newton,-0.006131769333555701,3.0193063522708194
2026-02-25 10:43:14,690.6,2026-03-20,23,0.0635022196854388,525.0,0.7602085143353605,691.4209612518923,-0.2753505815492941,True,put,0.18,0.19,0.185,0.01,0.0540540540540541,14.0,7302.0,0.446294599609375,0.45458098440401684,newton,-0.0069121523789211,3.3567772771512554
2026-02-25 10:43:14,690.6,2026-03-20,23,0.0635022196854388,530.0,0.7674485954242687,691.4209612518923,-0.2658718375947503,True,put,0.19,0.2,0.195,0.01,0.0512820512820513,15.0,19450.0,0.43555251953125,0.4433962680879336,newton,-0.0074213420855588,3.5739647845606854
2026-02-25 10:43:14,690.6,2026-03-20,23,0.0635022196854388,535.0,0.774688676513177,691.4209612518923,-0.2564820972449114,True,put,0.21,0.22,0.215,0.01,0.0465116279069767,14.0,6234.0,0.426763544921875,0.4346518568009115,newton,-0.008259366978708747,3.9266733453994678
2026-02-25 10:43:14,690.6,2026-03-20,23,0.0635022196854388,540.0,0.7819287576020851,691.4209612518923,-0.2471797045825978,True,put,0.23,0.24,0.235,0.0099999999999999,0.0425531914893616,40.0,12970.0,0.4174862939453124,0.42540238857705015,newton,-0.00913177763587277,4.288084309329882
2026-02-25 10:43:14,690.6,2026-03-20,23,0.0635022196854388,545.0,0.7891688386909933,691.4209612518923,-0.2379630494776738,True,put,0.25,0.26,0.255,0.01,0.0392156862745098,33.0,10774.0,0.4077207666015625,0.4157187252680249,newton,-0.010042598680842653,4.659657469715229
2026-02-25 10:43:14,690.6,2026-03-20,23,0.0635022196854388,550.0,0.7964089197799015,691.4209612518923,-0.2288305659144012,True,put,0.27,0.28,0.275,0.01,0.0363636363636363,81.0,34762.0,0.3979552392578125,0.40565656199469186,newton,-0.010996147536444375,5.042870710354157
2026-02-25 10:43:14,690.6,2026-03-20,23,0.0635022196854388,560.0,0.8108890819577179,691.4209612518923,-0.2108120604117229,True,put,0.32,0.33,0.325,0.01,0.0307692307692307,38.0,20976.0,0.3784241845703124,0.3862575167944158,newton,-0.013366738751512694,5.9726293785078886
2026-02-25 10:43:14,690.6,2026-03-20,23,0.0635022196854388,565.0,0.8181291630466261,691.4209612518923,-0.2019231129944769,True,put,0.35,0.36,0.355,0.01,0.028169014084507,132.0,7513.0,0.36914693359375,0.3767276405315553,newton,-0.014801786959865625,6.521254582787829
2026-02-25 10:43:14,690.6,2026-03-20,23,0.0635022196854388,570.0,0.8253692441355343,691.4209612518923,-0.193112483312322,True,put,0.38,0.39,0.385,0.01,0.0259740259740259,46.0,11086.0,0.3591372680664062,0.36673790396025097,newton,-0.01631079037061962,7.087813393402877
2026-02-25 10:43:14,690.6,2026-03-20,23,0.0635022196854388,580.0,0.8398494063133507,691.4209612518923,-0.1757207406004528,True,put,0.46,0.47,0.4649999999999999,0.0099999999999999,0.0215053763440859,1540.0,95985.0,0.3405827661132812,0.34795838923824485,newton,-0.020240608969237513,8.51919473545041
2026-02-25 10:43:14,690.6,2026-03-20,23,0.0635022196854388,585.0,0.8470894874022589,691.4209612518923,-0.1671369969090613,True,put,0.5,0.51,0.505,0.01,0.0198019801980198,75.0,18656.0,0.3305731005859375,0.3377804457448523,newton,-0.0223706675675684,9.271365849128927
2026-02-25 10:43:14,690.6,2026-03-20,23,0.0635022196854388,590.0,0.854329568491167,691.4209612518923,-0.1586263072411527,True,put,0.55,0.56,0.555,0.01,0.018018018018018,107.0,17463.0,0.3210517114257812,0.3281425917138884,newton,-0.024961076818318217,10.166163357803905
2026-02-25 10:43:14,690.6,2026-03-20,23,0.0635022196854388,595.0,0.8615696495800753,691.4209612518923,-0.1501874385952881,True,put,0.62,0.63,0.625,0.01,0.016,478.0,28481.0,0.3126289440917968,0.31972547377421096,newton,-0.028367152701171423,11.312437440993685
2026-02-25 10:43:14,690.6,2026-03-20,23,0.0635022196854388,600.0,0.8688097306689835,691.4209612518923,-0.1418191889247715,True,put,0.69,0.7,0.695,0.01,0.0143884892086331,914.0,57232.0,0.3034737622070312,0.31049103952888335,newton,-0.031962920900410266,12.488762778676726
2026-02-25 10:43:14,690.6,2026-03-20,23,0.0635022196854388,605.0,0.8760498117578916,691.4209612518923,-0.1335203861100763,True,put,0.77,0.78,0.775,0.01,0.0129032258064516,206.0,29235.0,0.2943185803222655,0.3012720560650975,newton,-0.03611137077395808,13.806957411883051
2026-02-25 10:43:14,690.6,2026-03-20,23,0.0635022196854388,610.0,0.8832898928467998,691.4209612518923,-0.125289886973561,True,put,0.88,0.89,0.885,0.01,0.0112994350282485,180.0,43550.0,0.2863840893554687,0.29325142934599707,newton,-0.04150749688551152,15.46539069608717
2026-02-25 10:43:14,690.6,2026-03-20,23,0.0635022196854388,612.0,0.8861859252823632,691.4209612518923,-0.1220165616285917,True,put,0.92,0.93,0.925,0.01,0.0108108108108108,71.0,897.0,0.2825999475097656,0.28949531510666876,newton,-0.04362192633656536,16.09928788545601
2026-02-25 10:43:14,690.6,2026-03-20,23,0.0635022196854388,614.0,0.8890819577179264,691.4209612518923,-0.1187539159937753,True,put,0.97,0.98,0.975,0.01,0.0102564102564102,472.0,1672.0,0.2793040820312499,0.28619824092312135,newton,-0.046115456485562464,16.83602603454129
2026-02-25 10:43:14,690.6,2026-03-20,23,0.0635022196854388,615.0,0.8905299739357081,691.4209612518923,-0.1171265763344,True,put,0.99,1.0,0.995,0.01,0.0100502512562814,183.0,33812.0,0.2773509765624999,0.2841914046508513,newton,-0.047222571091963234,17.159510051146054
2026-02-25 10:43:14,690.6,2026-03-20,23,0.0635022196854388,616.0,0.8919779901534897,691.4209612518923,-0.115501880607398,True,put,1.02,1.03,1.025,0.01,0.0097560975609756,54.0,731.0,0.2758861474609374,0.2827234688836402,newton,-0.048667736313830326,17.57851108361398
2026-02-25 10:43:14,690.6,2026-03-20,23,0.0635022196854388,620.0,0.8977700550246163,691.4209612518923,-0.1090293661017806,True,put,1.14,1.15,1.145,0.01,0.0087336244541484,225.0,61248.0,0.2695385546875,0.27632352484485323,newton,-0.05460802992252246,19.263792684273504
2026-02-25 10:43:14,690.6,2026-03-20,23,0.0635022196854388,621.0,0.8992180712423978,691.4209612518923,-0.1074177622074391,True,put,1.16,1.17,1.165,0.01,0.0085836909871244,21.0,1418.0,0.2673413110351562,0.2740909513909425,newton,-0.055819241629137165,19.600427571725387
2026-02-25 10:43:14,690.6,2026-03-20,23,0.0635022196854388,622.0,0.9006660874601795,691.4209612518923,-0.1058087514017384,True,put,1.2,1.21,1.205,0.01,0.0082987551867219,331.0,2022.0,0.2659985510253906,0.2728300248230742,newton,-0.05768534946083565,20.11464529976066
2026-02-25 10:43:14,690.6,2026-03-20,23,0.0635022196854388,623.0,0.9021141036779612,691.4209612518923,-0.1042023253534647,True,put,1.24,1.25,1.245,0.01,0.0080321285140562,362.0,1692.0,0.2647168255615234,0.2715006581180082,newton,-0.059569084086860506,20.628389475216558
2026-02-25 10:43:14,690.6,2026-03-20,23,0.0635022196854388,624.0,0.9035621198957428,691.4209612518923,-0.1025984757714902,True,put,1.26,1.28,1.27,0.02,0.015748031496063,76.0,1299.0,0.2628247546386719,0.2693939256249035,newton,-0.06100076226510618,21.015345938840095
2026-02-25 10:43:14,690.6,2026-03-20,23,0.0635022196854388,625.0,0.9050101361135244,691.4209612518923,-0.1009971944045163,True,put,1.3,1.31,1.3050000000000002,0.01,0.0076628352490421,1242.0,36697.0,0.2609937182617187,0.2677200372046845,newton,-0.06276894072818165,21.48917118262586
2026-02-25 10:43:14,690.6,2026-03-20,23,0.0635022196854388,627.0,0.9079061685490876,691.4209612518923,-0.0978023035079971,True,put,1.37,1.38,1.375,0.0099999999999997,0.0072727272727271,60.0,1201.0,0.2574537145996094,0.2642196844011948,newton,-0.06637316803251953,22.441431543056012
2026-02-25 10:43:14,690.6,2026-03-20,23,0.0635022196854388,629.0,0.910802200984651,691.4209612518923,-0.0946175874404773,True,put,1.46,1.47,1.465,0.01,0.0068259385665529,61.0,528.0,0.2546461254882813,0.2613768489430294,newton,-0.0706937986061463,23.559864963900374
2026-02-25 10:43:14,690.6,2026-03-20,23,0.0635022196854388,630.0,0.9122502172024326,691.4209612518923,-0.0930290247553395,True,put,1.51,1.52,1.515,0.01,0.0066006600660066,1616.0,37795.0,0.2533033654785156,0.2600650238613323,newton,-0.07304338384622339,24.157903015245388
2026-02-25 10:43:14,690.6,2026-03-20,23,0.0635022196854388,631.0,0.9136982334202144,691.4209612518923,-0.0914429815997047,True,put,1.56,1.57,1.565,0.01,0.0063897763578274,46.0,958.0,0.25196060546875,0.25868138418914843,newton,-0.07541720977055956,24.755065599888237
2026-02-25 10:43:14,690.6,2026-03-20,23,0.0635022196854388,632.0,0.915146249637996,691.4209612518923,-0.0898594499940604,True,put,1.61,1.62,1.6150000000000002,0.01,0.0061919504643962,31.0,1233.0,0.2504957763671874,0.25722854176582816,newton,-0.07781693508839328,25.351719258446472
2026-02-25 10:43:14,690.6,2026-03-20,23,0.0635022196854388,633.0,0.9165942658557776,691.4209612518923,-0.0882784219967417,True,put,1.64,1.65,1.645,0.01,0.0060790273556231,51.0,969.0,0.2482374981689453,0.2549359142835172,newton,-0.07964186155029626,25.800833161209493
2026-02-25 10:43:14,690.6,2026-03-20,23,0.0635022196854388,634.0,0.9180422820735592,691.4209612518923,-0.0866998897036919,True,put,1.71,1.72,1.715,0.01,0.0058309037900874,21.0,632.0,0.2473830145263671,0.25412454807902307,newton,-0.0827008441307972,26.54489180300114
2026-02-25 10:43:14,690.6,2026-03-20,23,0.0635022196854388,635.0,0.9194902982913408,691.4209612518923,-0.0851238452482262,True,put,1.75,1.77,1.76,0.02,0.0113636363636363,1187.0,18867.0,0.2457350817871093,0.25229320397563165,newton,-0.08503992654099919,27.106606985072553
2026-02-25 10:43:14,690.6,2026-03-20,23,0.0635022196854388,636.0,0.9209383145091224,691.4209612518923,-0.0835502808007957,True,put,1.8,1.81,1.805,0.01,0.0055401662049861,25.0,1501.0,0.2437209417724609,0.2504087111947687,newton,-0.08741317949509676,27.670265537429593
2026-02-25 10:43:14,690.6,2026-03-20,23,0.0635022196854388,637.0,0.922386330726904,691.4209612518923,-0.0819791885687545,True,put,1.86,1.88,1.87,0.0199999999999997,0.0106951871657752,108.0,1364.0,0.242622319946289,0.2491788646557434,newton,-0.09041100930208448,28.373445839644482
2026-02-25 10:43:14,690.6,2026-03-20,23,0.0635022196854388,638.0,0.9238343469446858,691.4209612518923,-0.0804105607961279,True,put,1.92,1.93,1.925,0.01,0.0051948051948052,78.0,776.0,0.2407912835693359,0.24752283464134728,newton,-0.09314804492613485,29.00704922876728
2026-02-25 10:43:14,690.6,2026-03-20,23,0.0635022196854388,639.0,0.9252823631624674,691.4209612518923,-0.0788443897633831,True,put,1.98,1.99,1.985,0.01,0.0050377833753148,344.0,2206.0,0.2392654199218749,0.24597197442548643,newton,-0.09606707013479357,29.674145501864395
2026-02-25 10:43:14,690.6,2026-03-20,23,0.0635022196854388,640.0,0.926730379380249,691.4209612518923,-0.0772806677872003,True,put,2.01,2.02,2.0149999999999997,0.0100000000000002,0.0049627791563276,2461.0,53751.0,0.2367019689941406,0.24336016755671622,newton,-0.09815726906134152,30.14645927770927
2026-02-25 10:43:14,690.6,2026-03-20,23,0.0635022196854388,641.0,0.9281783955980306,691.4209612518923,-0.0757193872202479,True,put,2.1,2.11,2.105,0.0099999999999997,0.0047505938242279,46.0,1505.0,0.2359695544433593,0.24266518327773146,newton,-0.10201979404225768,31.00773090700087
2026-02-25 10:43:14,690.6,2026-03-20,23,0.0635022196854388,643.0,0.931074428033594,691.4209612518923,-0.0726041199032984,True,put,2.22,2.23,2.225,0.0099999999999997,0.0044943820224718,22.0,823.0,0.23242955078125,0.23909707479474257,newton,-0.10814149917234529,32.342989265467295
2026-02-25 10:43:14,690.6,2026-03-20,23,0.0635022196854388,644.0,0.9325224442513756,691.4209612518923,-0.0710501180365642,True,put,2.31,2.33,2.3200000000000003,0.02,0.0086206896551724,56.0,1914.0,0.2316971362304687,0.23827584136097427,newton,-0.11224875644949238,33.21904772921388
2026-02-25 10:43:14,690.6,2026-03-20,23,0.0635022196854388,645.0,0.9339704604691572,691.4209612518923,-0.0694985273451453,True,put,2.39,2.4,2.395,0.0099999999999997,0.0041753653444675,316.0,77961.0,0.2300492034912109,0.23675796430546708,newton,-0.11583727924613808,33.97182797794474
2026-02-25 10:43:14,690.6,2026-03-20,23,0.0635022196854388,646.0,0.9354184766869388,691.4209612518923,-0.067949340358316,True,put,2.43,2.45,2.4400000000000004,0.02,0.0081967213114754,60.0,1053.0,0.2277298907470702,0.23429688553466713,newton,-0.11865186302598761,34.554189678113914
2026-02-25 10:43:14,690.6,2026-03-20,23,0.0635022196854388,647.0,0.9368664929047203,691.4209612518923,-0.0664025496400173,True,put,2.54,2.56,2.55,0.02,0.0078431372549019,86.0,5846.0,0.2270585107421874,0.233633845857743,newton,-0.12329359059160197,35.499452737885775
2026-02-25 10:43:14,690.6,2026-03-20,23,0.0635022196854388,648.0,0.938314509122502,691.4209612518923,-0.0648581477886432,True,put,2.62,2.63,2.625,0.0099999999999997,0.0038095238095237,158.0,4997.0,0.2251664398193359,0.23188773761271872,newton,-0.12703184377460716,36.24730859947255
2026-02-25 10:43:14,690.6,2026-03-20,23,0.0635022196854388,649.0,0.9397625253402838,691.4209612518923,-0.0633161274368278,True,put,2.7,2.71,2.705,0.0099999999999997,0.0036968576709795,128.0,6413.0,0.2235185070800781,0.2302053564375704,newton,-0.13095979978854616,37.02050851239987
2026-02-25 10:43:14,690.6,2026-03-20,23,0.0635022196854388,650.0,0.9412105415580654,691.4209612518923,-0.0617764812512351,True,put,2.79,2.8,2.795,0.0099999999999997,0.0035778175313058,1414.0,100652.0,0.2219926434326171,0.22871207125851992,newton,-0.1352082704442602,37.84256384458932
2026-02-25 10:43:14,690.6,2026-03-20,23,0.0635022196854388,651.0,0.9426585577758472,691.4209612518923,-0.0602392019323486,True,put,2.86,2.88,2.87,0.02,0.0069686411149825,87.0,8814.0,0.220161607055664,0.22674585446789738,newton,-0.13912487753316619,38.587569680432026
2026-02-25 10:43:14,690.6,2026-03-20,23,0.0635022196854388,652.0,0.9441065739936289,691.4209612518923,-0.0587042822142649,True,put,2.98,2.99,2.9850000000000003,0.0100000000000002,0.0033500837520938,191.0,12188.0,0.2190019506835937,0.2257270949691117,newton,-0.14413562694405632,39.523133131328485
2026-02-25 10:43:14,690.6,2026-03-20,23,0.0635022196854388,653.0,0.9455545902114104,691.4209612518923,-0.0571717148644868,True,put,3.07,3.08,3.075,0.0100000000000002,0.0032520325203252,17304.0,26804.0,0.217231948852539,0.22398119603994174,newton,-0.1485649496710503,40.33406268591953
2026-02-25 10:43:14,690.6,2026-03-20,23,0.0635022196854388,654.0,0.947002606429192,691.4209612518923,-0.0556414926837191,True,put,3.15,3.17,3.16,0.02,0.0063291139240506,86.0,5129.0,0.2154009124755859,0.2220351179441412,newton,-0.1529397836173452,41.12051864812014
2026-02-25 10:43:14,690.6,2026-03-20,23,0.0635022196854388,655.0,0.9484506226469736,691.4209612518923,-0.0541136085056659,True,put,3.22,3.24,3.2300000000000004,0.02,0.0061919504643962,602.0,43057.0,0.213051082458496,0.21965828387274347,newton,-0.15702070987018327,41.841395021824454
2026-02-25 10:43:14,690.6,2026-03-20,23,0.0635022196854388,656.0,0.9498986388647552,691.4209612518923,-0.0525880551968288,True,put,3.38,3.4,3.3899999999999997,0.02,0.0058997050147492,5033.0,11954.0,0.2126848751831054,0.21932765286979844,newton,-0.16338787624507178,42.942065139281986
2026-02-25 10:43:14,690.6,2026-03-20,23,0.0635022196854388,657.0,0.9513466550825368,691.4209612518923,-0.0510648256563074,True,put,3.48,3.5,3.49,0.02,0.0057306590257879,26.0,5591.0,0.2108233215332031,0.21748452571479074,newton,-0.16835580191026864,43.78090879511213
2026-02-25 10:43:14,690.6,2026-03-20,23,0.0635022196854388,658.0,0.9527946713003186,691.4209612518923,-0.0495439128156006,True,put,3.57,3.59,3.58,0.02,0.0055865921787709,17081.0,8231.0,0.2086871124267577,0.21533562627391292,newton,-0.17317365863622536,44.57806254226688
2026-02-25 10:43:14,690.6,2026-03-20,23,0.0635022196854388,659.0,0.9542426875181002,691.4209612518923,-0.0480253096384107,True,put,3.72,3.74,3.73,0.02,0.0053619302949061,10.0,15408.0,0.2077715942382812,0.21443347998032242,newton,-0.17948156808985205,45.59790186339183
2026-02-25 10:43:14,690.6,2026-03-20,23,0.0635022196854388,660.0,0.9556907037358818,691.4209612518923,-0.0465090091204466,True,put,3.83,3.85,3.84,0.02,0.0052083333333333,628.0,78356.0,0.2058490060424804,0.21254869495432435,newton,-0.18494099615744247,46.45915249324978
2026-02-25 10:43:14,690.6,2026-03-20,23,0.0635022196854388,661.0,0.9571387199536634,691.4209612518923,-0.0449950042892316,True,put,3.93,3.95,3.94,0.02,0.0050761421319796,73.0,3954.0,0.2036822796630859,0.21036684178417203,newton,-0.1902750853821015,47.28181570432289
2026-02-25 10:43:14,690.6,2026-03-20,23,0.0635022196854388,662.0,0.9585867361714452,691.4209612518923,-0.0434832882039096,True,put,4.09,4.11,4.1,0.0200000000000004,0.0048780487804879,67.0,6576.0,0.2026446923828124,0.20935249038867199,newton,-0.1970418656135507,48.29918944717706
2026-02-25 10:43:14,690.6,2026-03-20,23,0.0635022196854388,663.0,0.9600347523892268,691.4209612518923,-0.0419738539550554,True,put,4.25,4.26,4.255,0.0099999999999997,0.0023501762632196,38.0,5578.0,0.2012714151000976,0.20811369407847152,newton,-0.2037715093213174,49.28243123505182
2026-02-25 10:43:14,690.6,2026-03-20,23,0.0635022196854388,664.0,0.9614827686070084,691.4209612518923,-0.040466694664484,True,put,4.35,4.37,4.359999999999999,0.0200000000000004,0.0045871559633028,17.0,5002.0,0.1990131369018554,0.2057627307762524,newton,-0.2095379597822391,50.102727678333494
2026-02-25 10:43:14,690.6,2026-03-20,23,0.0635022196854388,665.0,0.96293078482479,691.4209612518923,-0.0389618034850636,True,put,4.45,4.46,4.455,0.0099999999999997,0.0022446689113355,560.0,33076.0,0.196297099609375,0.20313680140314735,newton,-0.21523033501832198,50.8927224712469
2026-02-25 10:43:14,690.6,2026-03-20,23,0.0635022196854388,666.0,0.9643788010425716,691.4209612518923,-0.0374591736005287,True,put,4.63,4.65,4.640000000000001,0.0200000000000004,0.0043103448275863,45.0,2630.0,0.1953815814208984,0.20217568832599003,newton,-0.22290099535553062,51.92674507397345
2026-02-25 10:43:14,690.6,2026-03-20,23,0.0635022196854388,667.0,0.9658268172603532,691.4209612518923,-0.0359587982252941,True,put,4.81,4.83,4.82,0.0200000000000004,0.004149377593361,95.0,3245.0,0.1941608905029297,0.20098772652023436,newton,-0.2305519502810921,52.92383993105331
2026-02-25 10:43:14,690.6,2026-03-20,23,0.0635022196854388,668.0,0.9672748334781348,691.4209612518923,-0.0344606706042721,True,put,4.94,4.96,4.95,0.0199999999999995,0.0040404040404039,104.0,3244.0,0.1919026123046875,0.19874548239373085,newton,-0.2373454483801031,53.78102213931469
2026-02-25 10:43:14,690.6,2026-03-20,23,0.0635022196854388,669.0,0.9687228496959166,691.4209612518923,-0.0329647840126894,True,put,5.15,5.17,5.16,0.0199999999999995,0.0038759689922479,20.0,2601.0,0.1909870941162109,0.1978727271695495,newton,-0.24578277600211174,54.80939003826333
2026-02-25 10:43:14,690.6,2026-03-20,23,0.0635022196854388,670.0,0.9701708659136982,691.4209612518923,-0.0314711317559061,True,put,5.27,5.3,5.285,0.0300000000000002,0.0056764427625355,1906.0,70487.0,0.1885457122802734,0.19533347569186216,newton,-0.25277768346815577,55.63202181325576
2026-02-25 10:43:14,690.6,2026-03-20,23,0.0635022196854388,672.0,0.9730668983492616,691.4209612518923,-0.0284905036177683,True,put,5.67,5.69,5.68,0.0200000000000004,0.0035211267605634,81.0,3658.0,0.1855550195312499,0.19251207816359267,newton,-0.2698037282279954,57.52350923048308
2026-02-25 10:43:14,690.6,2026-03-20,23,0.0635022196854388,674.0,0.9759629307848248,691.4209612518923,-0.0255187332286109,True,put,5.98,6.0,5.99,0.0199999999999995,0.0033388981636059,44.0,2487.0,0.1807332904052734,0.1877449717609632,newton,-0.2860500256579574,59.185611452905654
2026-02-25 10:43:14,690.6,2026-03-20,23,0.0635022196854388,675.0,0.9774109470026064,691.4209612518923,-0.024036153268388,True,put,6.25,6.27,6.26,0.0199999999999995,0.0031948881789136,475.0,79425.0,0.1800313931274414,0.18711654061166677,newton,-0.2962254285349106,60.157422537725175
2026-02-25 10:43:14,690.6,2026-03-20,23,0.0635022196854388,676.0,0.978858963220388,691.4209612518923,-0.0225557680979537,True,put,6.38,6.41,6.395,0.0300000000000002,0.0046911649726349,33.0,1334.0,0.1771017349243164,0.1841132822340343,newton,-0.30455410297685404,60.91393295524509
2026-02-25 10:43:14,690.6,2026-03-20,23,0.0635022196854388,677.0,0.9803069794381696,691.4209612518923,-0.0210775712286429,True,put,6.67,6.69,6.68,0.0200000000000004,0.0029940119760479,41.0,6169.0,0.1762777685546875,0.1834393416690501,newton,-0.3152193248974773,61.832250046760215
2026-02-25 10:43:14,690.6,2026-03-20,23,0.0635022196854388,678.0,0.9817549956559514,691.4209612518923,-0.0196015562005222,True,put,6.88,6.91,6.895,0.0300000000000002,0.0043509789702683,62.0,2929.0,0.1743551803588867,0.18148353481746668,newton,-0.3250802515053936,62.631602809312234
2026-02-25 10:43:14,690.6,2026-03-20,23,0.0635022196854388,679.0,0.9832030118737328,691.4209612518923,-0.0181277165822217,True,put,7.05,7.07,7.0600000000000005,0.0200000000000004,0.0028328611898017,41.0,1870.0,0.1713644876098632,0.17860477209792733,newton,-0.3345533385695691,63.355117450244194
2026-02-25 10:43:14,690.6,2026-03-20,23,0.0635022196854388,680.0,0.9846510280915146,691.4209612518923,-0.0166560459707654,True,put,7.26,7.28,7.27,0.0200000000000004,0.0027510316368638,1546.0,47634.0,0.1690451748657226,0.1763109541240723,newton,-0.34485760313477354,64.09330006923348
2026-02-25 10:43:14,690.6,2026-03-20,23,0.0635022196854388,681.0,0.9860990443092962,691.4209612518923,-0.0151865379914055,True,put,7.55,7.57,7.56,0.0200000000000004,0.0026455026455027,48.0,1978.0,0.1677634494018555,0.1751156365715339,newton,-0.3562896378475256,64.85344354015156
2026-02-25 10:43:14,690.6,2026-03-20,23,0.0635022196854388,682.0,0.987547060527078,691.4209612518923,-0.0137191862974557,True,put,7.8,7.82,7.81,0.0200000000000004,0.0025608194622279,154.0,3270.0,0.1657187921142578,0.17314616656021478,newton,-0.36750234776338,65.53956577938257
2026-02-25 10:43:14,690.6,2026-03-20,23,0.0635022196854388,683.0,0.9889950767448596,691.4209612518923,-0.0122539845701278,True,put,8.08,8.1,8.09,0.0199999999999995,0.0024721878862793,232.0,3208.0,0.1639793075561523,0.17147818716712793,newton,-0.379244690591857,66.19567379905581
2026-02-25 10:43:14,690.6,2026-03-20,23,0.0635022196854388,684.0,0.9904430929626412,691.4209612518923,-0.0107909265183674,True,put,8.34,8.36,8.35,0.0199999999999995,0.0023952095808382,220.0,4119.0,0.1617820639038085,0.16934860140276223,newton,-0.39107076808007324,66.79254341203008
2026-02-25 10:43:14,690.6,2026-03-20,23,0.0635022196854388,685.0,0.9918911091804228,691.4209612518923,-0.0093300058786926,True,put,8.69,8.71,8.7,0.0200000000000013,0.0022988505747127,1204.0,37240.0,0.1607444766235352,0.1683961177235692,newton,-0.40382145922105944,67.36487202691131
2026-02-25 10:43:14,690.6,2026-03-20,23,0.0635022196854388,686.0,0.9933391253982043,691.4209612518923,-0.0078712164150326,True,put,8.93,8.94,8.934999999999999,0.0099999999999997,0.0011191941801902,159.0,5605.0,0.1577537838745117,0.1655665335125471,newton,-0.4160693258597129,67.84562692269412
2026-02-25 10:43:14,690.6,2026-03-20,23,0.0635022196854388,687.0,0.994787141615986,691.4209612518923,-0.0064145519185685,True,put,9.28,9.3,9.29,0.0200000000000013,0.0021528525296018,188.0,10450.0,0.1565025756835937,0.16433297118319343,newton,-0.429319889807615,68.29015507503928
2026-02-25 10:43:14,690.6,2026-03-20,23,0.0635022196854388,688.0,0.9962351578337676,691.4209612518923,-0.0049600062075742,True,put,9.55,9.58,9.565,0.0299999999999993,0.0031364349189753,205.0,11929.0,0.1538780902099609,0.16174721759003843,newton,-0.4425000995181294,68.65488281315375
2026-02-25 10:43:14,690.6,2026-03-20,23,0.0635022196854388,689.0,0.9976831740515494,691.4209612518923,-0.0035075731272592,True,put,9.94,9.96,9.95,0.0200000000000013,0.0020100502512564,435.0,3095.0,0.1525200715637207,0.16057740230087275,newton,-0.4563839781568316,68.95600503173175
2026-02-25 10:43:14,690.6,2026-03-20,23,0.0635022196854388,690.0,0.999131190269331,691.4209612518923,-0.0020572465496128,True,put,10.27,10.3,10.285,0.0300000000000011,0.0029168692270297,2820.0,29459.0,0.1503686038208008,0.15848774447996158,newton,-0.4704313052355869,69.17429584282614
2026-02-25 10:43:14,690.6,2026-03-20,23,0.0635022196854388,691.0,1.0005792064871126,691.4209612518923,-0.0006090203732479,True,put,10.59,10.62,10.605,0.0299999999999993,0.0028288543140027,683.0,1909.0,0.147744118347168,0.15598411159774533,newton,-0.4848713444145514,69.30841649929432
2026-02-25 10:43:14,690.6,2026-03-20,23,0.0635022196854388,692.0,1.0020272227048943,691.4209612518923,0.0008371114767516,False,put,11.0,11.03,11.015,0.0299999999999993,0.002723558783477,173.0,3969.0,0.1461877374267577,0.15457337170004343,newton,-0.4996602608679375,69.35109888260295
2026-02-25 10:43:14,690.6,2026-03-20,23,0.0635022196854388,693.0,1.003475238922676,691.4209612518923,0.0022811550489852,False,put,11.4,11.43,11.415,0.0299999999999993,0.002628120893561,119.0,3322.0,0.144265149230957,0.15280520424616165,newton,-0.5147704173243861,69.29581469292086
2026-02-25 10:43:14,690.6,2026-03-20,23,0.0635022196854388,694.0,1.0049232551404574,691.4209612518923,0.0037231163658866,False,put,11.81,11.83,11.82,0.0199999999999995,0.0016920473773265,48.0,3274.0,0.1420984228515625,0.15088889998843433,newton,-0.5302321825858992,69.1356875015042
2026-02-25 10:43:14,690.6,2026-03-20,23,0.0635022196854388,695.0,1.0063712713582391,691.4209612518923,0.0051630014238742,False,put,12.18,12.3,12.24,0.120000000000001,0.0098039215686275,114.0,12549.0,0.1406946282958984,0.14896114368605673,newton,-0.5460227155513547,68.86379104190378
2026-02-25 10:43:14,690.6,2026-03-20,23,0.0635022196854388,700.0,1.0136113524471473,691.4209612518923,0.0123314909024867,False,put,14.4,14.67,14.535,0.2699999999999996,0.0185758513931888,98.0,8034.0,0.1300441000366211,0.13840954279663453,newton,-0.6301653339511254,65.54242710616154
2026-02-25 10:43:14,690.6,2026-03-20,23,0.0635022196854388,705.0,1.0208514335360557,691.4209612518923,0.0194489586713508,False,put,17.5,17.75,17.625,0.25,0.0141843971631205,17.0,5041.0,0.1228115063476562,0.13319782780824704,newton,-0.7115356944387139,59.19843978685204
2026-02-25 10:43:14,690.6,2026-03-20,23,0.0635022196854388,709.0,1.0266434984071822,691.4209612518923,0.0251066823912096,False,put,20.03,20.51,20.270000000000003,0.4800000000000004,0.0236803157375431,11.0,139.0,0.1158535681152343,0.12641240939332665,newton,-0.7782254840670596,51.47136412586972
2026-02-25 10:43:14,690.6,2026-03-20,23,0.0635022196854388,720.0,1.0425716768027802,691.4209612518923,0.0405023678691831,False,put,29.41,29.86,29.635,0.4499999999999993,0.0151847477644676,50.0,3575.0,0.1052335571289062,0.12757023731986364,newton,-0.8911789063055845,31.99661494640482
2026-02-25 10:43:14,690.6,2026-03-27,30,0.0826803018772196,640.0,0.926730379380249,691.2808346590042,-0.0770779825895934,False,call,54.47,54.91,54.69,0.4399999999999977,0.0080453464984457,54.0,690.0,0.2623364782714844,0.2525133277231133,newton,0.8613008486585245,43.275653006021095
2026-02-25 10:43:14,690.6,2026-03-27,30,0.0826803018772196,645.0,0.9339704604691572,691.2808346590042,-0.0692958421475384,False,call,49.7,50.09,49.895,0.3900000000000005,0.0078164144703878,116.0,198.0,0.2479323254394531,0.2390309711123522,newton,0.8488975995532498,45.91352727822658
2026-02-25 10:43:14,690.6,2026-03-27,30,0.0826803018772196,680.0,0.9846510280915146,691.2808346590042,-0.0164533607731585,False,call,19.94,20.16,20.05,0.2199999999999988,0.0109725685785535,42.0,113.0,0.1783224258422852,0.17470122121861736,newton,0.6359296324045878,74.29640045858974
2026-02-25 10:43:14,690.6,2026-03-27,30,0.0826803018772196,683.0,0.9889950767448596,691.2808346590042,-0.0120512993725208,False,call,17.69,17.91,17.8,0.2199999999999988,0.0123595505617976,12.0,270.0,0.1722189712524414,0.1688079512384848,newton,0.6055946736368101,76.1802928064895
2026-02-25 10:43:14,690.6,2026-03-27,30,0.0826803018772196,685.0,0.9918911091804228,691.2808346590042,-0.0091273206810856,False,call,16.35,16.5,16.425,0.1499999999999985,0.0091324200913241,21.0,2193.0,0.1687094848632813,0.16589991358466352,newton,0.5834501452496175,77.25343605358293
2026-02-25 10:43:14,690.6,2026-03-27,30,0.0826803018772196,686.0,0.9933391253982043,691.2808346590042,-0.0076685312174256,False,call,15.61,15.82,15.715,0.2100000000000008,0.0133630289532294,23.0,337.0,0.1670615521240234,0.1639545275815529,newton,0.572163989663176,77.7036741488619
2026-02-25 10:43:14,690.6,2026-03-27,30,0.0826803018772196,687.0,0.994787141615986,691.2808346590042,-0.0062118667209615,False,call,14.88,15.17,15.025,0.2899999999999991,0.0193011647254575,44.0,757.0,0.1656882748413086,0.16213094616802848,newton,0.5605317149502704,78.09994044388586
2026-02-25 10:43:14,690.6,2026-03-27,30,0.0826803018772196,688.0,0.9962351578337676,691.2808346590042,-0.0047573210099672,False,call,14.23,14.43,14.33,0.1999999999999993,0.0139567341242148,38.0,672.0,0.1630332720947265,0.16010362340662754,newton,0.5486395987016137,78.43429215001436
2026-02-25 10:43:14,690.6,2026-03-27,30,0.0826803018772196,689.0,0.9976831740515494,691.2808346590042,-0.0033048879296524,False,call,13.65,13.7,13.675,0.0499999999999989,0.0036563071297988,45.0,363.0,0.1603782693481445,0.15844133090387838,newton,0.536371135208779,78.70456462949656
2026-02-25 10:43:14,690.6,2026-03-27,30,0.0826803018772196,690.0,0.999131190269331,691.2808346590042,-0.0018545613520059,False,call,12.94,12.98,12.96,0.0400000000000009,0.0030864197530864,156.0,1290.0,0.1576927493286132,0.1558681901990577,newton,0.5238690952488874,78.90224629560758
2026-02-25 10:43:14,690.6,2026-03-27,30,0.0826803018772196,691.0,1.0005792064871126,691.2808346590042,-0.000406335175641,False,call,12.3,12.35,12.325,0.0499999999999989,0.0040567951318457,281.0,219.0,0.155983782043457,0.15415518350273563,newton,0.5109736390677546,79.02414227710157
2026-02-25 10:43:14,690.6,2026-03-27,30,0.0826803018772196,692.0,1.0020272227048943,691.2808346590042,0.0010397966743585,True,call,11.58,11.62,11.6,0.0399999999999991,0.0034482758620688,55.0,1314.0,0.1528710202026367,0.15114310925792104,newton,0.4976407298376379,79.06274505687426
2026-02-25 10:43:14,690.6,2026-03-27,30,0.0826803018772196,693.0,1.003475238922676,691.2808346590042,0.0024838402465922,True,call,11.0,11.04,11.02,0.0399999999999991,0.0036297640653356,32.0,286.0,0.151451967010498,0.14979853047041078,newton,0.48414666483670404,79.01135267946947
2026-02-25 10:43:14,690.6,2026-03-27,30,0.0826803018772196,694.0,1.0049232551404574,691.2808346590042,0.0039258015634935,True,call,10.37,10.41,10.39,0.0400000000000009,0.0038498556304139,16.0,1109.0,0.1492547233581543,0.14764822591021015,newton,0.4702009033282823,78.86255048064952
2026-02-25 10:43:14,690.6,2026-03-27,30,0.0826803018772196,695.0,1.0063712713582391,691.2808346590042,0.0053656866214811,True,call,9.79,9.83,9.81,0.0400000000000009,0.0040774719673803,74.0,500.0,0.1474999801635742,0.14595264337054747,newton,0.45608662980915826,78.61272844156721
2026-02-25 10:43:14,690.6,2026-03-27,30,0.0826803018772196,698.0,1.0107153200115842,691.2808346590042,0.0096729438190615,True,call,8.06,8.1,8.08,0.0399999999999991,0.0049504950495048,29.0,239.0,0.1412439392089844,0.13984775095209204,newton,0.41153663788265127,77.16506357096551
2026-02-25 10:43:14,690.6,2026-03-27,30,0.0826803018772196,699.0,1.0121633362293658,691.2808346590042,0.0111045832904993,True,call,7.53,7.57,7.550000000000001,0.04,0.0052980132450331,52.0,236.0,0.1393518682861328,0.1380062941905291,newton,0.39625303485135616,76.43538715714521
2026-02-25 10:43:14,690.6,2026-03-27,30,0.0826803018772196,700.0,1.0136113524471473,691.2808346590042,0.0125341761000937,True,call,7.02,7.05,7.035,0.0300000000000002,0.0042643923240938,65.0,853.0,0.1373987628173828,0.13614506498694356,newton,0.3807228336344357,75.57022914977064
2026-02-25 10:43:14,690.6,2026-03-27,30,0.0826803018772196,701.0,1.015059368664929,691.2808346590042,0.0139617280912792,True,call,6.52,6.56,6.539999999999999,0.04,0.0061162079510703,34.0,724.0,0.1355982437133789,0.13432430758184186,newton,0.3650243259811894,74.56751101182907
2026-02-25 10:43:14,690.6,2026-03-27,30,0.0826803018772196,703.0,1.0179554011004923,691.2808346590042,0.016810732867354,True,call,5.61,5.64,5.625,0.0299999999999993,0.0053333333333332,12.0,646.0,0.132119274597168,0.13099592814974878,newton,0.3335251910557362,72.1595710629796
2026-02-25 10:43:14,690.6,2026-03-27,30,0.0826803018772196,705.0,1.0208514335360557,691.2808346590042,0.0196516438689578,True,call,4.77,4.8,4.785,0.0300000000000002,0.006269592476489,50.0,1042.0,0.1287623745727539,0.1277310108371561,newton,0.3017850170581821,69.18315675726025
2026-02-25 10:43:14,690.6,2026-03-27,30,0.0826803018772196,706.0,1.0222994497538371,691.2808346590042,0.0210690785499312,True,call,4.36,4.4,4.380000000000001,0.04,0.0091324200913242,88.0,8960.0,0.1269923727416992,0.12592032983706664,newton,0.2855949021873625,67.4448895095306
2026-02-25 10:43:14,690.6,2026-03-27,30,0.0826803018772196,707.0,1.0237474659716188,691.2808346590042,0.0224845069532619,True,call,4.01,4.04,4.025,0.0300000000000002,0.0074534161490683,43.0,858.0,0.1255275436401367,0.12458258833695206,newton,0.27020843228262464,65.65061746317303
2026-02-25 10:43:14,690.6,2026-03-27,30,0.0826803018772196,708.0,1.0251954821894005,691.2808346590042,0.0238979347504087,True,call,3.64,3.67,3.655,0.0299999999999998,0.0082079343365252,21.0,1501.0,0.1236659899902343,0.1227367992784343,newton,0.25402900811315565,63.610067692902085
2026-02-25 10:43:14,690.6,2026-03-27,30,0.0826803018772196,709.0,1.0266434984071822,691.2808346590042,0.0253093675888164,True,call,3.33,3.35,3.34,0.02,0.0059880239520958,24.0,613.0,0.1222621954345703,0.12146817449336217,newton,0.23901828687725604,61.57157441369622
2026-02-25 10:43:14,690.6,2026-03-27,30,0.0826803018772196,710.0,1.0280915146249638,691.2808346590042,0.02671881109205,True,call,3.02,3.04,3.03,0.02,0.0066006600660066,161.0,2429.0,0.1207668490600586,0.11999612002220011,newton,0.22382217136635144,59.36054658383136
2026-02-25 10:43:14,690.6,2026-03-27,30,0.0826803018772196,711.0,1.0295395308427453,691.2808346590042,0.0281262708599298,True,call,2.73,2.75,2.74,0.02,0.0072992700729927,27.0,600.0,0.1193020199584961,0.1185607393404094,newton,0.2089267153521379,57.04406458483392
2026-02-25 10:43:14,690.6,2026-03-27,30,0.0826803018772196,712.0,1.030987547060527,691.2808346590042,0.0295317524686647,True,call,2.48,2.51,2.495,0.0299999999999998,0.0120240480961923,12.0,522.0,0.1184170190429687,0.1176254460518982,newton,0.19535158485755283,54.79916911297444
2026-02-25 10:43:14,690.6,2026-03-27,30,0.0826803018772196,713.0,1.0324355632783089,691.2808346590042,0.0309352614709849,True,call,2.24,2.26,2.25,0.0199999999999995,0.0088888888888887,96.0,456.0,0.1170742590332031,0.11640277964369958,newton,0.18152625848234455,52.37622897478538
2026-02-25 10:43:14,690.6,2026-03-27,30,0.0826803018772196,715.0,1.035331595713872,691.2808346590042,0.0337363837506966,True,call,1.79,1.81,1.8,0.02,0.0111111111111111,72.0,1580.0,0.1144192562866211,0.11378550590219672,newton,0.15464813896467375,47.2461443233513
2026-02-25 10:43:14,690.6,2026-03-27,30,0.0826803018772196,717.0,1.0382276281494351,691.2808346590042,0.0365296816563094,True,call,1.44,1.46,1.45,0.02,0.0137931034482758,10.0,108.0,0.1126187371826171,0.11203004144899856,newton,0.13141603427125206,42.326327144469374
2026-02-25 10:43:14,690.6,2026-03-27,30,0.0826803018772196,718.0,1.0396756443672168,691.2808346590042,0.0379234101049132,True,call,1.28,1.29,1.285,0.01,0.0077821011673151,16.0,435.0,0.1113370117187499,0.11091310447334962,newton,0.12000650508772023,39.72905149062364
2026-02-25 10:43:14,690.6,2026-03-27,30,0.0826803018772196,719.0,1.0411236605849985,691.2808346590042,0.0393151987777357,True,call,1.14,1.16,1.15,0.02,0.0173913043478261,50.0,177.0,0.110787700805664,0.1102370539457461,newton,0.11006021711505447,37.359456263074655
2026-02-25 10:43:14,690.6,2026-03-27,30,0.0826803018772196,720.0,1.0425716768027802,691.2808346590042,0.04070505306679,True,call,1.02,1.04,1.03,0.02,0.0194174757281553,92.0,1215.0,0.1102383898925781,0.10967856290635639,newton,0.10086596113350568,35.0760386026602
2026-02-25 10:43:14,690.6,2026-03-27,30,0.0826803018772196,723.0,1.046915725456125,691.2808346590042,0.0448630632154537,True,call,0.71,0.73,0.72,0.02,0.0277777777777778,260.0,141.0,0.1082852844238281,0.10775941068863948,newton,0.07579051805551375,28.342909195345896
2026-02-25 10:43:14,690.6,2026-03-27,30,0.0826803018772196,725.0,1.0498117578916883,691.2808346590042,0.0476254959113638,True,call,0.57,0.59,0.58,0.02,0.0344827586206896,79.0,914.0,0.1079190771484375,0.10740784395229859,newton,0.06323898304711649,24.654428563177117
2026-02-25 10:43:14,690.6,2026-03-27,30,0.0826803018772196,730.0,1.0570518389805963,691.2808346590042,0.0544983751991259,True,call,0.33,0.34,0.335,0.01,0.0298507462686567,49.0,4602.0,0.1073087316894531,0.10704599321096585,newton,0.03949687820295354,16.944156587163615
2026-02-25 10:43:14,690.6,2026-03-27,30,0.0826803018772196,735.0,1.064291920069505,691.2808346590042,0.0613243402695256,True,call,0.2,0.21,0.205,0.0099999999999999,0.0487804878048779,31.0,3497.0,0.1086514916992187,0.10838991216174,newton,0.02539076207722515,11.763540615044013
2026-02-25 10:43:14,690.6,2026-03-27,30,0.0826803018772196,740.0,1.0715320011584129,691.2808346590042,0.0681040272549044,True,call,0.13,0.14,0.135,0.01,0.0740740740740741,274.0,756.0,0.1113370117187499,0.1111152133174516,newton,0.017138833253984728,8.434980940051048
2026-02-25 10:43:14,690.6,2026-03-27,30,0.0826803018772196,530.0,0.7674485954242687,691.2808346590042,-0.2656691523971434,True,put,0.32,0.33,0.325,0.01,0.0307692307692307,160.0,238.0,0.4086973193359374,0.41483404998362267,newton,-0.01106858453291474,5.785455219996831
2026-02-25 10:43:14,690.6,2026-03-27,30,0.0826803018772196,535.0,0.774688676513177,691.2808346590042,-0.2562794120473043,True,put,0.35,0.36,0.355,0.01,0.028169014084507,20.0,506.0,0.4008848974609375,0.4067764565297513,newton,-0.012202204441786817,6.296497513417328
2026-02-25 10:43:14,690.6,2026-03-27,30,0.0826803018772196,540.0,0.7819287576020851,691.2808346590042,-0.2469770193849909,True,put,0.38,0.39,0.385,0.01,0.0259740259740259,10.0,555.0,0.3923400610351562,0.39828909485859015,newton,-0.013381370007133702,6.819514280505524
2026-02-25 10:43:14,690.6,2026-03-27,30,0.0826803018772196,545.0,0.7891688386909933,691.2808346590042,-0.2377603642800669,True,put,0.4,0.41,0.405,0.0099999999999999,0.0246913580246912,83.0,616.0,0.3820862573242187,0.38805573621577305,newton,-0.014343143911011332,7.240109046826208
2026-02-25 10:43:14,690.6,2026-03-27,30,0.0826803018772196,555.0,0.8036490008688097,691.2808346590042,-0.2195780451968764,True,put,0.48,0.49,0.485,0.01,0.0206185567010309,16.0,174.0,0.3659731372070312,0.37190821830199927,newton,-0.01751662330953924,8.593517029832435
2026-02-25 10:43:14,690.6,2026-03-27,30,0.0826803018772196,560.0,0.8108890819577179,691.2808346590042,-0.210609375214116,True,put,0.52,0.53,0.525,0.01,0.019047619047619,86.0,194.0,0.35742830078125,0.3631522322740692,newton,-0.019209803814243153,9.296147801665349
2026-02-25 10:43:14,690.6,2026-03-27,30,0.0826803018772196,565.0,0.8181291630466261,691.2808346590042,-0.20172042779687,True,put,0.56,0.57,0.565,0.0099999999999998,0.0176991150442476,54.0,434.0,0.3483951879882812,0.3540114456651212,newton,-0.02098556091008944,10.019956990042001
2026-02-25 10:43:14,690.6,2026-03-27,30,0.0826803018772196,580.0,0.8398494063133507,691.2808346590042,-0.1755180554028459,True,put,0.72,0.73,0.725,0.01,0.0137931034482758,593.0,1593.0,0.3222724023437499,0.327820217857526,newton,-0.028037536691302385,12.779083074230615
2026-02-25 10:43:14,690.6,2026-03-27,30,0.0826803018772196,585.0,0.8470894874022589,691.2808346590042,-0.1669343117114544,True,put,0.81,0.82,0.815,0.0099999999999998,0.0122699386503066,10.0,234.0,0.315314464111328,0.3208670090751877,newton,-0.03167026530988822,14.137946004375724
2026-02-25 10:43:14,690.6,2026-03-27,30,0.0826803018772196,590.0,0.854329568491167,691.2808346590042,-0.1584236220435458,True,put,0.88,0.89,0.885,0.01,0.0112994350282485,16.0,334.0,0.3064034204101562,0.3118384258093787,newton,-0.0349167592379363,15.320972620767424
2026-02-25 10:43:14,690.6,2026-03-27,30,0.0826803018772196,600.0,0.8688097306689835,691.2808346590042,-0.1416165037271645,True,put,1.07,1.09,1.08,0.02,0.0185185185185185,191.0,1679.0,0.2904123693847655,0.2954494124053416,newton,-0.04355357329142559,18.34077950017429
2026-02-25 10:43:14,690.6,2026-03-27,30,0.0826803018772196,605.0,0.8760498117578916,691.2808346590042,-0.1333177009124695,True,put,1.19,1.2,1.1949999999999998,0.01,0.00836820083682,10.0,3617.0,0.2818675329589843,0.287175046717663,newton,-0.04873639094335523,20.073803355320962
2026-02-25 10:43:14,690.6,2026-03-27,30,0.0826803018772196,620.0,0.8977700550246163,691.2808346590042,-0.1088266809041737,True,put,1.7,1.72,1.71,0.02,0.0116959064327485,67.0,2104.0,0.2598950964355468,0.26490619543470756,newton,-0.07100496987550677,26.964147493488483
2026-02-25 10:43:14,690.6,2026-03-27,30,0.0826803018772196,625.0,0.9050101361135244,691.2808346590042,-0.1007945092069094,True,put,1.92,1.94,1.93,0.02,0.0103626943005181,50.0,493.0,0.2523268127441406,0.25731611883281214,newton,-0.08062383358267478,29.703018093801166
2026-02-25 10:43:14,690.6,2026-03-27,30,0.0826803018772196,626.0,0.906458152331306,691.2808346590042,-0.0991957878432123,True,put,1.99,2.0,1.995,0.01,0.0050125313283208,11.0,220.0,0.2512281909179687,0.25636334182560816,newton,-0.08315808299586722,30.403651884325857
2026-02-25 10:43:14,690.6,2026-03-27,30,0.0826803018772196,627.0,0.9079061685490876,691.2808346590042,-0.0975996183103903,True,put,2.02,2.04,2.03,0.02,0.0098522167487684,12.0,130.0,0.2493971545410156,0.25437459540296714,newton,-0.0849447514606473,30.89257701605388
2026-02-25 10:43:14,690.6,2026-03-27,30,0.0826803018772196,628.0,0.9093541847668694,691.2808346590042,-0.0960059924751123,True,put,2.08,2.1,2.09,0.02,0.0095693779904306,11.0,275.0,0.2481764636230468,0.25315098337086894,newton,-0.08739832850996028,31.557362437120993
2026-02-25 10:43:14,690.6,2026-03-27,30,0.0826803018772196,630.0,0.9122502172024326,691.2808346590042,-0.0928263395577326,True,put,2.2,2.22,2.21,0.02,0.0090497737556561,24.0,663.0,0.245551978149414,0.25053254715083983,newton,-0.09237929938771289,32.883911933263924
2026-02-25 10:43:14,690.6,2026-03-27,30,0.0826803018772196,633.0,0.9165942658557776,691.2808346590042,-0.0880757367991347,True,put,2.37,2.4,2.385,0.0299999999999998,0.0125786163522011,16.0,161.0,0.241218525390625,0.24605737448151258,newton,-0.099934023438546,34.83937576224277
2026-02-25 10:43:14,690.6,2026-03-27,30,0.0826803018772196,634.0,0.9180422820735592,691.2808346590042,-0.086497204506085,True,put,2.43,2.45,2.4400000000000004,0.02,0.0081967213114754,10.0,688.0,0.2393874890136718,0.24437300950058902,newton,-0.1024324581958514,35.47164496580021
2026-02-25 10:43:14,690.6,2026-03-27,30,0.0826803018772196,635.0,0.9194902982913408,691.2808346590042,-0.0849211600506192,True,put,2.49,2.52,2.505,0.0299999999999998,0.0119760479041915,10.0,613.0,0.2380447290039062,0.24292119864349532,newton,-0.10521025784490168,36.166454194766565
2026-02-25 10:43:14,690.6,2026-03-27,30,0.0826803018772196,636.0,0.9209383145091224,691.2808346590042,-0.0833475956031887,True,put,2.57,2.59,2.58,0.02,0.0077519379844961,29.0,157.0,0.2367019689941406,0.24168706988118385,newton,-0.10826430572586775,36.92063775745435
2026-02-25 10:43:14,690.6,2026-03-27,30,0.0826803018772196,639.0,0.9252823631624674,691.2808346590042,-0.0786417045657762,True,put,2.78,2.8,2.79,0.02,0.007168458781362,38.0,150.0,0.2322464471435547,0.2372326654052097,newton,-0.1172702782080815,39.08723920488447
2026-02-25 10:43:14,690.6,2026-03-27,30,0.0826803018772196,640.0,0.926730379380249,691.2808346590042,-0.0770779825895934,True,put,2.85,2.87,2.8600000000000003,0.02,0.0069930069930069,43.0,1766.0,0.2306595489501953,0.2356396828534142,newton,-0.12034914741715608,39.808894983252394
2026-02-25 10:43:14,690.6,2026-03-27,30,0.0826803018772196,641.0,0.9281783955980306,691.2808346590042,-0.0755167020226409,True,put,2.92,2.94,2.9299999999999997,0.02,0.0068259385665529,22.0,213.0,0.2290116162109375,0.23399448129574224,newton,-0.12346998024659876,40.530785106415486
2026-02-25 10:43:14,690.6,2026-03-27,30,0.0826803018772196,645.0,0.9339704604691572,691.2808346590042,-0.0692958421475384,True,put,3.27,3.28,3.275,0.0099999999999997,0.0030534351145037,52.0,523.0,0.2232743688964843,0.22840086324674544,newton,-0.13789239522461466,43.74604513049792
2026-02-25 10:43:14,690.6,2026-03-27,30,0.0826803018772196,646.0,0.9354184766869388,691.2808346590042,-0.067746655160709,True,put,3.33,3.35,3.34,0.02,0.0059880239520958,27.0,191.0,0.2213517807006835,0.22637054167995355,newton,-0.14113753838724472,44.44310539195829
2026-02-25 10:43:14,690.6,2026-03-27,30,0.0826803018772196,648.0,0.938314509122502,691.2808346590042,-0.0646554625910362,True,put,3.54,3.56,3.55,0.02,0.0056338028169014,66.0,225.0,0.2188798815917968,0.22391803952930503,newton,-0.14956634598457172,46.21023433564418
2026-02-25 10:43:14,690.6,2026-03-27,30,0.0826803018772196,650.0,0.9412105415580654,691.2808346590042,-0.0615737960536281,True,put,3.71,3.74,3.725,0.0300000000000002,0.0080536912751678,179.0,1611.0,0.2155229815673828,0.22044756868404092,newton,-0.1574430330799102,47.806640283687805
2026-02-25 10:43:14,690.6,2026-03-27,30,0.0826803018772196,653.0,0.9455545902114104,691.2808346590042,-0.0569690296668799,True,put,4.07,4.1,4.085,0.0299999999999993,0.0073439412484698,10.0,202.0,0.2117998742675781,0.21675563616476404,newton,-0.17176438860179724,50.578941772528935
2026-02-25 10:43:14,690.6,2026-03-27,30,0.0826803018772196,654.0,0.947002606429192,691.2808346590042,-0.0554388074861122,True,put,4.17,4.19,4.18,0.0200000000000004,0.0047846889952154,34.0,183.0,0.2098162515258789,0.2148860461409546,newton,-0.1761459973103534,51.39470433500162
2026-02-25 10:43:14,690.6,2026-03-27,30,0.0826803018772196,655.0,0.9484506226469736,691.2808346590042,-0.053910923308059,True,put,4.29,4.31,4.3,0.0199999999999995,0.0046511627906975,46.0,584.0,0.2083819396972655,0.2134370035091606,newton,-0.1811051831350036,52.300204864004805
2026-02-25 10:43:14,690.6,2026-03-27,30,0.0826803018772196,658.0,0.9527946713003186,691.2808346590042,-0.0493412276179937,True,put,4.63,4.66,4.645,0.0300000000000002,0.0064585575888052,192.0,288.0,0.2033771069335937,0.20838420781444722,newton,-0.19612784155226096,54.93106758474691
2026-02-25 10:43:14,690.6,2026-03-27,30,0.0826803018772196,660.0,0.9556907037358818,691.2808346590042,-0.0463063239228396,True,put,4.94,4.96,4.95,0.0199999999999995,0.0040404040404039,114.0,1423.0,0.2008746905517577,0.2059997230830294,newton,-0.20795518436302196,56.88770468796013
2026-02-25 10:43:14,690.6,2026-03-27,30,0.0826803018772196,661.0,0.9571387199536634,691.2808346590042,-0.0447923190916246,True,put,5.06,5.09,5.074999999999999,0.0300000000000002,0.0059113300492611,13.0,111.0,0.1991657232666015,0.20420109618775736,newton,-0.21348056624076198,57.76828437865895
2026-02-25 10:43:14,690.6,2026-03-27,30,0.0826803018772196,663.0,0.9600347523892268,691.2808346590042,-0.0417711687574483,True,put,5.34,5.37,5.355,0.0300000000000002,0.0056022408963585,18.0,107.0,0.1958393405151367,0.20089716124878157,newton,-0.2253570963322183,59.59076070361775
2026-02-25 10:43:14,690.6,2026-03-27,30,0.0826803018772196,665.0,0.96293078482479,691.2808346590042,-0.0387591182874568,True,put,5.66,5.69,5.675000000000001,0.0300000000000002,0.0052863436123348,15.0,650.0,0.192818130493164,0.19793689460141245,newton,-0.2383103891174838,61.471907560689125
2026-02-25 10:43:14,690.6,2026-03-27,30,0.0826803018772196,668.0,0.9672748334781348,691.2808346590042,-0.0342579854066652,True,put,6.15,6.18,6.165,0.0299999999999993,0.0048661800486616,34.0,148.0,0.1878438150024414,0.19301433859773148,newton,-0.25868785185790394,64.21408040891795
2026-02-25 10:43:14,690.6,2026-03-27,30,0.0826803018772196,670.0,0.9701708659136982,691.2808346590042,-0.0312684465582992,True,put,6.53,6.56,6.545,0.0299999999999993,0.004583651642475,30.0,992.0,0.1849141567993164,0.1901142011879561,newton,-0.2736620239130326,66.06561541918555
2026-02-25 10:43:14,690.6,2026-03-27,30,0.0826803018772196,672.0,0.9730668983492616,691.2808346590042,-0.0282878184201613,True,put,6.85,6.88,6.865,0.0300000000000002,0.0043699927166788,13.0,194.0,0.1807027731323242,0.18594771386377124,newton,-0.2883153341292627,67.74759590531362
2026-02-25 10:43:14,690.6,2026-03-27,30,0.0826803018772196,673.0,0.9745149145670432,691.2808346590042,-0.0268008292985831,True,put,7.1,7.13,7.115,0.0300000000000002,0.0042164441321152,78.0,198.0,0.1797872549438476,0.1850500219087374,newton,-0.2970703436352412,68.69257622260369
2026-02-25 10:43:14,690.6,2026-03-27,30,0.0826803018772196,674.0,0.9759629307848248,691.2808346590042,-0.0253160480310038,True,put,7.29,7.32,7.305,0.0300000000000002,0.0041067761806981,33.0,189.0,0.1778646667480468,0.1831725705800392,newton,-0.30517088508025325,69.52763264640826
2026-02-25 10:43:14,690.6,2026-03-27,30,0.0826803018772196,675.0,0.9774109470026064,691.2808346590042,-0.023833468070781,True,put,7.51,7.54,7.525,0.0300000000000002,0.0039867109634551,2101.0,3462.0,0.1763082858276367,0.1816264524715379,newton,-0.3137998851900586,70.37615612679359
2026-02-25 10:43:14,690.6,2026-03-27,30,0.0826803018772196,676.0,0.978858963220388,691.2808346590042,-0.0223530829003467,True,put,7.66,7.69,7.675000000000001,0.0300000000000002,0.0039087947882736,35.0,261.0,0.1736532830810547,0.17899130060597782,newton,-0.3217815363934379,71.12379333348268
2026-02-25 10:43:14,690.6,2026-03-27,30,0.0826803018772196,677.0,0.9803069794381696,691.2808346590042,-0.020874886031036,True,put,7.97,8.0,7.984999999999999,0.0300000000000002,0.0037570444583594,11.0,423.0,0.1731039721679687,0.1784958385949176,newton,-0.3317429960809407,72.00727020008547
2026-02-25 10:43:14,690.6,2026-03-27,30,0.0826803018772196,679.0,0.9832030118737328,691.2808346590042,-0.0179250313846148,True,put,8.42,8.45,8.434999999999999,0.0299999999999993,0.0035566093657379,22.0,404.0,0.1693198303222656,0.17479364275084414,newton,-0.3502707870742556,73.50613868071284
2026-02-25 10:43:14,690.6,2026-03-27,30,0.0826803018772196,680.0,0.9846510280915146,691.2808346590042,-0.0164533607731585,True,put,8.63,8.67,8.65,0.0399999999999991,0.0046242774566473,294.0,1170.0,0.1672141384887695,0.1726447321240294,newton,-0.3597513867562366,74.20150263403669
2026-02-25 10:43:14,690.6,2026-03-27,30,0.0826803018772196,681.0,0.9860990443092962,691.2808346590042,-0.0149838527937985,True,put,8.95,8.98,8.965,0.0300000000000011,0.0033463469046292,200.0,625.0,0.1661765512084961,0.1717229608603944,newton,-0.3702977033810831,74.91881549216335
2026-02-25 10:43:14,690.6,2026-03-27,30,0.0826803018772196,682.0,0.987547060527078,691.2808346590042,-0.0135165010998488,True,put,9.11,9.14,9.125,0.0300000000000011,0.0032876712328768,421.0,362.0,0.1630332720947265,0.16861642644277747,newton,-0.37980389737693143,75.51510009846932
2026-02-25 10:43:14,690.6,2026-03-27,30,0.0826803018772196,683.0,0.9889950767448596,691.2808346590042,-0.0120512993725208,True,put,9.43,9.46,9.445,0.0300000000000011,0.0031762837480149,19.0,964.0,0.1618736157226562,0.16751102955268116,newton,-0.3907681685857097,76.14414664972047
2026-02-25 10:43:14,690.6,2026-03-27,30,0.0826803018772196,684.0,0.9904430929626412,691.2808346590042,-0.0105882413207604,True,put,9.74,9.77,9.755,0.0299999999999993,0.0030753459764222,23.0,675.0,0.1604393038940429,0.16613951013143607,newton,-0.4018264206918398,76.71539882921157
2026-02-25 10:43:14,690.6,2026-03-27,30,0.0826803018772196,685.0,0.9918911091804228,691.2808346590042,-0.0091273206810856,True,put,10.06,10.09,10.075,0.0299999999999993,0.0029776674937964,387.0,1141.0,0.1590049920654297,0.16476283382876025,newton,-0.41312817791769374,77.23415301834157
2026-02-25 10:43:14,690.6,2026-03-27,30,0.0826803018772196,686.0,0.9933391253982043,691.2808346590042,-0.0076685312174256,True,put,10.35,10.38,10.365,0.0300000000000011,0.0028943560057888,17.0,496.0,0.1570518865966797,0.16286233083702373,newton,-0.4244989248790841,77.69012787858057
2026-02-25 10:43:14,690.6,2026-03-27,30,0.0826803018772196,687.0,0.994787141615986,691.2808346590042,-0.0062118667209615,True,put,10.62,10.66,10.64,0.0400000000000009,0.0037593984962406,140.0,599.0,0.1548241256713867,0.16063417628477836,newton,-0.4360929746983959,78.08735074356508
2026-02-25 10:43:14,690.6,2026-03-27,30,0.0826803018772196,688.0,0.9962351578337676,691.2808346590042,-0.0047573210099672,True,put,10.91,10.94,10.925,0.0299999999999993,0.0027459954233409,43.0,572.0,0.1524590370178223,0.15839616199178672,newton,-0.4480456620841422,78.4256559416255
2026-02-25 10:43:14,690.6,2026-03-27,30,0.0826803018772196,689.0,0.9976831740515494,691.2808346590042,-0.0033048879296524,True,put,11.32,11.36,11.34,0.0399999999999991,0.0035273368606701,29.0,320.0,0.1516961051940918,0.15766698138934326,newton,-0.46055981371888566,78.70272466996032
2026-02-25 10:43:14,690.6,2026-03-27,30,0.0826803018772196,690.0,0.999131190269331,691.2808346590042,-0.0018545613520059,True,put,11.68,11.71,11.695,0.0300000000000011,0.0025651988029073,167.0,967.0,0.1499108447265625,0.15602063107302253,newton,-0.47316618805886707,78.9023394606263
2026-02-25 10:43:14,690.6,2026-03-27,30,0.0826803018772196,691.0,1.0005792064871126,691.2808346590042,-0.000406335175641,True,put,12.03,12.06,12.045,0.0300000000000011,0.0024906600249066,314.0,570.0,0.1479577392578125,0.1541551835027365,newton,-0.4860542954218406,79.02414227710157
2026-02-25 10:43:14,690.6,2026-03-27,30,0.0826803018772196,692.0,1.0020272227048943,691.2808346590042,0.0010397966743585,False,put,12.39,12.43,12.41,0.0399999999999991,0.0032232070910555,335.0,174.0,0.1460809269714355,0.15231903644377368,newton,-0.4992464898123699,79.06280151532818
2026-02-25 10:43:14,690.6,2026-03-27,30,0.0826803018772196,693.0,1.003475238922676,691.2808346590042,0.0024838402465922,False,put,12.82,12.85,12.835,0.0299999999999993,0.0023373587845733,31.0,394.0,0.1446618737792968,0.1510761052556583,newton,-0.5126144166322104,79.01325124757851
2026-02-25 10:43:14,690.6,2026-03-27,30,0.0826803018772196,694.0,1.0049232551404574,691.2808346590042,0.0039258015634935,False,put,13.11,13.14,13.125,0.0300000000000011,0.0022857142857143,17.0,475.0,0.1414575601196289,0.14795148769767247,newton,-0.5267345329590872,78.86385819944385
2026-02-25 10:43:14,690.6,2026-03-27,30,0.0826803018772196,695.0,1.0063712713582391,691.2808346590042,0.0053656866214811,False,put,13.53,13.58,13.555,0.0500000000000007,0.0036886757654002,18.0,231.0,0.1399164378356933,0.14642187173510623,newton,-0.5407525773287863,78.61672857203072
2026-02-25 10:43:14,690.6,2026-03-31,34,0.0936392059868087,635.0,0.9194902982913408,691.2709117089094,-0.0849068055063918,False,call,59.34,59.74,59.540000000000006,0.3999999999999986,0.0067181726570372,14.0,1494.0,0.260200269165039,0.2513959623994004,newton,0.8703704125396814,43.80671629456014
2026-02-25 10:43:14,690.6,2026-03-31,34,0.0936392059868087,640.0,0.926730379380249,691.2709117089094,-0.0770636280453659,False,call,54.61,55.07,54.84,0.4600000000000008,0.0083880379285193,44.0,3726.0,0.2500685345458984,0.2411538552706494,newton,0.8573010334798836,46.87913404725255
2026-02-25 10:43:14,690.6,2026-03-31,34,0.0936392059868087,645.0,0.9339704604691572,691.2709117089094,-0.0692814876033109,False,call,50.19,50.55,50.37,0.3599999999999994,0.0071471113758189,37.0,560.0,0.2419509399414062,0.23468428970160657,newton,0.8386662000427121,50.98007807209598
2026-02-25 10:43:14,690.6,2026-03-31,34,0.0936392059868087,675.0,0.9774109470026064,691.2709117089094,-0.0238191135265536,False,call,24.35,24.52,24.435,0.1699999999999981,0.0069572334765704,15.0,1089.0,0.1832357067871093,0.17988342299149457,newton,0.6750490334868222,75.6530829720909
2026-02-25 10:43:14,690.6,2026-03-31,34,0.0936392059868087,679.0,0.9832030118737328,691.2709117089094,-0.0179106768403872,False,call,21.27,21.46,21.365,0.1900000000000012,0.0088930493798268,12.0,343.0,0.1763693203735352,0.1731721506836307,newton,0.6400913221175508,78.70005899282725
2026-02-25 10:43:14,690.6,2026-03-31,34,0.0936392059868087,680.0,0.9846510280915146,691.2709117089094,-0.0164390062289311,False,call,20.6,20.74,20.67,0.139999999999997,0.0067731011127236,33.0,6321.0,0.1749807844543457,0.1721641684367815,newton,0.630332011115111,79.4255178538912
2026-02-25 10:43:14,690.6,2026-03-31,34,0.0936392059868087,681.0,0.9860990443092962,691.2709117089094,-0.0149694982495711,False,call,19.73,20.03,19.880000000000003,0.3000000000000007,0.0150905432595573,58.0,604.0,0.1735922485351562,0.16985521902617826,newton,0.6211393964345444,80.0597651621779
2026-02-25 10:43:14,690.6,2026-03-31,34,0.0936392059868087,685.0,0.9918911091804228,691.2709117089094,-0.0091129661368582,False,call,16.94,17.06,17.0,0.1199999999999974,0.0070588235294116,52.0,3715.0,0.1654441366577148,0.1630300027524483,newton,0.5802747716740954,82.31206951842847
2026-02-25 10:43:14,690.6,2026-03-31,34,0.0936392059868087,686.0,0.9933391253982043,691.2709117089094,-0.0076541766731982,False,call,16.21,16.41,16.310000000000002,0.1999999999999993,0.012262415695892,308.0,1043.0,0.1642387043762207,0.1613991650368654,newton,0.5693723166028557,82.75862256987631
2026-02-25 10:43:14,690.6,2026-03-31,34,0.0936392059868087,688.0,0.9962351578337676,691.2709117089094,-0.0047429664657397,False,call,14.75,15.01,14.88,0.2599999999999998,0.0174731182795698,28.0,590.0,0.1602562002563476,0.15716655116597367,newton,0.5469672623013315,83.47487829601613
2026-02-25 10:43:14,690.6,2026-03-31,34,0.0936392059868087,689.0,0.9976831740515494,691.2709117089094,-0.0032905333854248,False,call,14.21,14.24,14.225,0.0299999999999993,0.0021089630931458,11.0,1020.0,0.1572655075073242,0.15557776085257757,newton,0.5352098373363887,83.74295010263788
2026-02-25 10:43:14,690.6,2026-03-31,34,0.0936392059868087,690.0,0.999131190269331,691.2709117089094,-0.0018402068077784,False,call,13.53,13.57,13.55,0.0400000000000009,0.0029520295202952,91.0,5739.0,0.1553124020385742,0.1536153578140366,newton,0.5232110534229428,83.94036697552241
2026-02-25 10:43:14,690.6,2026-03-31,34,0.0936392059868087,691.0,1.0005792064871126,691.2709117089094,-0.0003919806314135,False,call,12.87,12.9,12.885,0.0300000000000011,0.0023282887077998,21.0,1332.0,0.1532372274780273,0.15163364041859467,newton,0.5108984979857427,84.06315835283573
2026-02-25 10:43:14,690.6,2026-03-31,34,0.0936392059868087,693.0,1.003475238922676,691.2709117089094,0.0024981947908197,True,call,11.63,11.66,11.645,0.0299999999999993,0.0025762129669385,25.0,727.0,0.1498192929077148,0.14830454927561024,newton,0.48545436527389224,84.06125067466307
2026-02-25 10:43:14,690.6,2026-03-31,34,0.0936392059868087,694.0,1.0049232551404574,691.2709117089094,0.003940156107721,True,call,11.0,11.03,11.015,0.0299999999999993,0.002723558783477,18.0,1144.0,0.147744118347168,0.146292668297397,newton,0.4722404273911909,83.92431343059077
2026-02-25 10:43:14,690.6,2026-03-31,34,0.0936392059868087,695.0,1.0063712713582391,691.2709117089094,0.0053800411657087,True,call,10.42,10.46,10.44,0.0400000000000009,0.0038314176245211,69.0,3136.0,0.1462487719726562,0.14477725088060103,newton,0.4589055318957912,83.69173500839756
2026-02-25 10:43:14,690.6,2026-03-31,34,0.0936392059868087,696.0,1.0078192875760208,691.2709117089094,0.0068178559353362,True,call,9.87,9.9,9.885,0.0300000000000011,0.0030349013657057,17.0,792.0,0.1447076496887206,0.14333840219391603,newton,0.4453924307185541,83.35905159455822
2026-02-25 10:43:14,690.6,2026-03-31,34,0.0936392059868087,698.0,1.0107153200115842,691.2709117089094,0.0096872983632889,True,call,8.74,8.77,8.754999999999999,0.0299999999999993,0.003426613363792,12.0,363.0,0.1409998010253906,0.13970780780517852,newton,0.41729074108320746,82.35271391196507
2026-02-25 10:43:14,690.6,2026-03-31,34,0.0936392059868087,700.0,1.0136113524471473,691.2709117089094,0.0125485306443211,True,call,7.72,7.75,7.734999999999999,0.0300000000000002,0.0038784744667097,131.0,4235.0,0.1378870391845703,0.13669172426398854,newton,0.38877656279092493,80.8927864659878
2026-02-25 10:43:14,690.6,2026-03-31,34,0.0936392059868087,701.0,1.015059368664929,691.2709117089094,0.0139760826355066,True,call,7.18,7.21,7.195,0.0300000000000002,0.0041695621959694,10.0,912.0,0.1356897955322266,0.13452263823802993,newton,0.3736264864724821,79.93466479168565
2026-02-25 10:43:14,690.6,2026-03-31,34,0.0936392059868087,703.0,1.0179554011004923,691.2709117089094,0.0168250874115814,True,call,6.23,6.26,6.245,0.0299999999999993,0.0048038430744594,12.0,462.0,0.1322871195983886,0.13119231078012722,newton,0.3437748822942204,77.6690539223721
2026-02-25 10:43:14,690.6,2026-03-31,34,0.0936392059868087,704.0,1.019403417318274,691.2709117089094,0.0182465517589589,True,call,5.79,5.82,5.805,0.0300000000000002,0.0051679586563307,174.0,670.0,0.1307154800415039,0.1296589946554888,newton,0.3288411773048316,76.3439334527753
2026-02-25 10:43:14,690.6,2026-03-31,34,0.0936392059868087,705.0,1.0208514335360557,691.2709117089094,0.0196659984131852,True,call,5.32,5.35,5.335,0.0299999999999993,0.0056232427366446,142.0,3814.0,0.1285182363891601,0.12750210332663478,newton,0.31294554127592383,74.78975842196893
2026-02-25 10:43:14,690.6,2026-03-31,34,0.0936392059868087,706.0,1.0222994497538371,691.2709117089094,0.0210834330941586,True,call,4.96,4.98,4.970000000000001,0.0200000000000004,0.0040241448692153,15.0,1966.0,0.1274501318359375,0.12652090139092953,newton,0.29871079993449756,73.2697410303629
2026-02-25 10:43:14,690.6,2026-03-31,34,0.0936392059868087,707.0,1.0237474659716188,691.2709117089094,0.0224988614974893,True,call,4.57,4.59,4.58,0.0199999999999995,0.0043668122270741,11.0,1119.0,0.1258632336425781,0.12497624999087464,newton,0.28365728925940864,71.52758000960578
2026-02-25 10:43:14,690.6,2026-03-31,34,0.0936392059868087,709.0,1.0266434984071822,691.2709117089094,0.0253237221330439,True,call,3.83,3.85,3.84,0.02,0.0052083333333333,15.0,675.0,0.1225368508911133,0.12170654350026841,newton,0.2533414496372889,67.58482053123365
2026-02-25 10:43:14,690.6,2026-03-31,34,0.0936392059868087,710.0,1.0280915146249638,691.2709117089094,0.0267331656362775,True,call,3.51,3.52,3.5149999999999997,0.0100000000000002,0.0028449502133713,433.0,5740.0,0.1210720217895507,0.12034755013503427,newton,0.23882178495510747,65.48307933702051
2026-02-25 10:43:14,690.6,2026-03-31,34,0.0936392059868087,711.0,1.0295395308427453,691.2709117089094,0.0281406254041573,True,call,3.21,3.23,3.22,0.02,0.0062111801242236,73.0,1073.0,0.1199733999633788,0.11919601267746902,newton,0.22488281708991886,63.32987563327285
2026-02-25 10:43:14,690.6,2026-03-31,34,0.0936392059868087,712.0,1.030987547060527,691.2709117089094,0.0295461070128922,True,call,2.9,2.92,2.91,0.02,0.0068728522336769,171.0,1284.0,0.1182644326782226,0.11753822430575384,newton,0.2101369613285963,60.902436364330704
2026-02-25 10:43:14,690.6,2026-03-31,34,0.0936392059868087,713.0,1.0324355632783089,691.2709117089094,0.0309496160152124,True,call,2.64,2.66,2.6500000000000004,0.02,0.0075471698113207,111.0,22467.0,0.1171352935791015,0.11642432013904545,newton,0.1967446267864063,58.55948892116992
2026-02-25 10:43:14,690.6,2026-03-31,34,0.0936392059868087,714.0,1.0338835794960903,691.2709117089094,0.0323511579405009,True,call,2.39,2.41,2.4000000000000004,0.02,0.0083333333333333,45.0,2052.0,0.1159146026611328,0.1152141197266869,newton,0.18344710211211213,56.097481852512416
2026-02-25 10:43:14,690.6,2026-03-31,34,0.0936392059868087,715.0,1.035331595713872,691.2709117089094,0.0337507382949242,True,call,2.19,2.2,2.1950000000000003,0.0100000000000002,0.0045558086560365,355.0,5137.0,0.1151211535644531,0.1145506715340312,newton,0.17166826474676797,53.79900034511399
2026-02-25 10:43:14,690.6,2026-03-31,34,0.0936392059868087,716.0,1.0367796119316537,691.2709117089094,0.0351483625615622,True,call,1.96,1.97,1.965,0.01,0.005089058524173,92.0,310.0,0.1136868417358398,0.11315239274712877,newton,0.1586534304346618,51.12485690780477
2026-02-25 10:43:14,690.6,2026-03-31,34,0.0936392059868087,717.0,1.0382276281494351,691.2709117089094,0.0365440362005369,True,call,1.76,1.78,1.77,0.02,0.0112994350282485,42.0,654.0,0.1127713235473632,0.11214452144247927,newton,0.14688243057281228,48.578741588428294
2026-02-25 10:43:14,690.6,2026-03-31,34,0.0936392059868087,718.0,1.0396756443672168,691.2709117089094,0.0379377646491408,True,call,1.58,1.6,1.59,0.02,0.0125786163522012,34.0,754.0,0.111764253540039,0.11116567799376287,newton,0.13559174520198092,46.01660797355582
2026-02-25 10:43:14,690.6,2026-03-31,34,0.0936392059868087,720.0,1.0425716768027802,691.2709117089094,0.0407194076110174,True,call,1.28,1.3,1.29,0.02,0.0155038759689922,18.0,4457.0,0.1102994244384765,0.10972220676357405,newton,0.11546208098136797,41.136004994684924
2026-02-25 10:43:14,690.6,2026-03-31,34,0.0936392059868087,725.0,1.0498117578916883,691.2709117089094,0.0476398504555913,True,call,0.75,0.76,0.755,0.01,0.0132450331125827,15.0,4648.0,0.1075528698730468,0.10718238484800816,newton,0.0752318549709911,29.990088970158254
2026-02-25 10:43:14,690.6,2026-03-31,34,0.0936392059868087,735.0,1.064291920069505,691.2709117089094,0.0613386948137532,True,call,0.27,0.28,0.275,0.01,0.0363636363636363,30.0,2096.0,0.1073087316894531,0.10697045404190653,newton,0.03151265918857451,14.982622774198568
2026-02-25 10:43:14,690.6,2026-03-31,34,0.0936392059868087,736.0,1.0657399362872864,691.2709117089094,0.0626983143297928,True,call,0.24,0.25,0.245,0.01,0.0408163265306122,10.0,542.0,0.1071866625976562,0.10681965390787873,newton,0.028503934582159354,13.78653094555552
2026-02-25 10:43:14,690.6,2026-03-31,34,0.0936392059868087,740.0,1.0715320011584129,691.2709117089094,0.0681183817991319,True,call,0.17,0.18,0.175,0.0099999999999999,0.057142857142857,49.0,5736.0,0.1088956298828125,0.10852276203009699,newton,0.020873726167855926,10.614444229066743
2026-02-25 10:43:14,690.6,2026-03-31,34,0.0936392059868087,741.0,1.0729800173761943,691.2709117089094,0.0694688208970033,True,call,0.16,0.17,0.165,0.01,0.0606060606060606,80.0,621.0,0.1096280444335937,0.10936226588289323,newton,0.01967561322190079,10.09571261824258
2026-02-25 10:43:14,690.6,2026-03-31,34,0.0936392059868087,435.0,0.629887054735013,691.2709117089094,-0.4631857733103993,True,put,0.1,0.11,0.105,0.0099999999999999,0.0952380952380951,21.0,894.0,0.5566450585937501,0.5639479060432449,newton,-0.0027906777397931743,1.8125691576715248
2026-02-25 10:43:14,690.6,2026-03-31,34,0.0936392059868087,455.0,0.6588473790906458,691.2709117089094,-0.418234385448133,True,put,0.14,0.15,0.145,0.0099999999999999,0.0689655172413791,240.0,384.0,0.5239305419921875,0.5313948387981702,newton,-0.003971801005157785,2.4893347354854423
2026-02-25 10:43:14,690.6,2026-03-31,34,0.0936392059868087,460.0,0.666087460179554,691.2709117089094,-0.4073053149159427,True,put,0.15,0.16,0.155,0.01,0.0645161290322581,320.0,2939.0,0.5151415673828125,0.5225363820286945,newton,-0.004289826706844538,2.6669428742065375
2026-02-25 10:43:14,690.6,2026-03-31,34,0.0936392059868087,470.0,0.6805676223573703,691.2709117089094,-0.3857991096949792,True,put,0.17,0.18,0.175,0.0099999999999999,0.057142857142857,300.0,801.0,0.4985401708984375,0.5042183938465068,newton,-0.004958132267293842,3.0347635419222567
2026-02-25 10:43:14,690.6,2026-03-31,34,0.0936392059868087,480.0,0.6950477845351868,691.2709117089094,-0.3647457004971468,True,put,0.19,0.2,0.195,0.01,0.0512820512820513,216.0,76303.0,0.4794973925781249,0.48526071990062664,newton,-0.005674655073042399,3.4218075744428624
2026-02-25 10:43:14,690.6,2026-03-31,34,0.0936392059868087,504.0,0.7298001737619461,691.2709117089094,-0.3159555363277149,True,put,0.27,0.28,0.275,0.01,0.0363636363636363,19.0,630.0,0.43945873046875,0.4448260961662472,newton,-0.008413476841163434,4.844584649595089
2026-02-25 10:43:14,690.6,2026-03-31,34,0.0936392059868087,506.0,0.7326962061975094,691.2709117089094,-0.3119951351116179,True,put,0.27,0.28,0.275,0.01,0.0363636363636363,29.0,483.0,0.434575966796875,0.4398447290394665,newton,-0.008503187186402453,4.889887174441559
2026-02-25 10:43:14,690.6,2026-03-31,34,0.0936392059868087,511.0,0.7399362872864176,691.2709117089094,-0.302162214195379,True,put,0.3,0.31,0.305,0.01,0.0327868852459016,39.0,361.0,0.42774009765625,0.4332404107245098,newton,-0.00946916185562956,5.373159076364362
2026-02-25 10:43:14,690.6,2026-03-31,34,0.0936392059868087,514.0,0.7442803359397625,691.2709117089094,-0.2963085389439183,True,put,0.31,0.32,0.315,0.01,0.0317460317460317,29.0,1447.0,0.4221249194335937,0.4275867299668813,newton,-0.009869228964607384,5.570992636625143
2026-02-25 10:43:14,690.6,2026-03-31,34,0.0936392059868087,515.0,0.7457283521575442,691.2709117089094,-0.2943649037353473,True,put,0.31,0.32,0.315,0.01,0.0317460317460317,42.0,2775.0,0.4196835375976562,0.4250960651603802,newton,-0.009923461748253749,5.597710823881628
2026-02-25 10:43:14,690.6,2026-03-31,34,0.0936392059868087,516.0,0.7471763683753258,691.2709117089094,-0.2924250389175207,True,put,0.32,0.33,0.325,0.01,0.0307692307692307,31.0,236.0,0.418951123046875,0.4243682222826036,newton,-0.01022287711385433,5.744799832151118
2026-02-25 10:43:14,690.6,2026-03-31,34,0.0936392059868087,517.0,0.7486243845931074,691.2709117089094,-0.2904889298906543,True,put,0.32,0.33,0.325,0.01,0.0307692307692307,15.0,166.0,0.4165097412109374,0.4218764723194533,newton,-0.0102794560739143,5.772515483439252
2026-02-25 10:43:14,690.6,2026-03-31,34,0.0936392059868087,518.0,0.7500724008108891,691.2709117089094,-0.2885565621396003,True,put,0.33,0.34,0.335,0.01,0.0298507462686567,196.0,459.0,0.4155331884765625,0.42109478907588516,newton,-0.010581769733242583,5.920188586343874
2026-02-25 10:43:14,690.6,2026-03-31,34,0.0936392059868087,519.0,0.7515204170286707,691.2709117089094,-0.2866279212331947,True,put,0.33,0.34,0.335,0.01,0.0298507462686567,10.0,1009.0,0.4130918066406249,0.41860207343672856,newton,-0.010640763087995159,5.948924354729353
2026-02-25 10:43:14,690.6,2026-03-31,34,0.0936392059868087,521.0,0.754416449464234,691.2709117089094,-0.2827817626457166,True,put,0.34,0.35,0.345,0.0099999999999999,0.0289855072463766,201.0,540.0,0.4099180102539062,0.4152757100697378,newton,-0.011007587570811052,6.127022620348706
2026-02-25 10:43:14,690.6,2026-03-31,34,0.0936392059868087,528.0,0.7645525629887054,691.2709117089094,-0.2694355206928219,True,put,0.38,0.39,0.385,0.01,0.0259740259740259,29.0,327.0,0.3986876538085938,0.4039960216726733,newton,-0.012462135736968725,6.823811143736849
2026-02-25 10:43:14,690.6,2026-03-31,34,0.0936392059868087,529.0,0.7660005792064871,691.2709117089094,-0.267543372540784,True,put,0.39,0.4,0.395,0.01,0.0253164556962025,100.0,462.0,0.397466962890625,0.40294565277483274,newton,-0.012782586897651427,6.975403467823964
2026-02-25 10:43:14,690.6,2026-03-31,34,0.0936392059868087,530.0,0.7674485954242687,691.2709117089094,-0.265654797852916,True,put,0.39,0.4,0.395,0.01,0.0253164556962025,163.0,151629.0,0.3950255810546875,0.4004456494106645,newton,-0.012856917175659375,7.010471430777788
2026-02-25 10:43:14,690.6,2026-03-31,34,0.0936392059868087,532.0,0.770344627859832,691.2709117089094,-0.2618883150574391,True,put,0.4,0.41,0.405,0.0099999999999999,0.0246913580246912,100.0,158.0,0.3916076464843749,0.3968562045931623,newton,-0.013258475588786085,7.199315496574251
2026-02-25 10:43:14,690.6,2026-03-31,34,0.0936392059868087,535.0,0.774688676513177,691.2709117089094,-0.256265057503077,True,put,0.42,0.43,0.425,0.01,0.0235294117647059,30.0,708.0,0.3867248828124999,0.3920675742428411,newton,-0.013999441034998115,7.545162918778451
2026-02-25 10:43:14,690.6,2026-03-31,34,0.0936392059868087,536.0,0.7761366927309585,691.2709117089094,-0.2543976433282815,True,put,0.42,0.43,0.425,0.01,0.0235294117647059,250.0,517.0,0.3842835009765625,0.38956653256428264,newton,-0.01408292250959482,7.583921189885355
2026-02-25 10:43:14,690.6,2026-03-31,34,0.0936392059868087,538.0,0.7790327251665219,691.2709117089094,-0.250673244237299,True,put,0.44,0.45,0.445,0.01,0.0224719101123595,168.0,244.0,0.3818421191406249,0.3871450937714184,newton,-0.014758330283706378,7.8960011636932474
2026-02-25 10:43:14,690.6,2026-03-31,34,0.0936392059868087,541.0,0.7833767738198668,691.2709117089094,-0.2451125255526019,True,put,0.46,0.47,0.4649999999999999,0.0099999999999999,0.0215053763440859,307.0,807.0,0.3767152172851562,0.38209849594539114,newton,-0.015536278389404485,8.25226278738787
2026-02-25 10:43:14,690.6,2026-03-31,34,0.0936392059868087,544.0,0.7877208224732116,691.2709117089094,-0.2395825575431407,True,put,0.48,0.49,0.485,0.01,0.0206185567010309,160.0,548.0,0.3715883154296875,0.3769363395796781,newton,-0.0163344725555499,8.614385388564635
2026-02-25 10:43:14,690.6,2026-03-31,34,0.0936392059868087,545.0,0.7891688386909933,691.2709117089094,-0.2377460097358393,True,put,0.48,0.49,0.485,0.01,0.0206185567010309,50.0,19118.0,0.36914693359375,0.3744248371979816,newton,-0.016435772216873028,8.660103147123532
2026-02-25 10:43:14,690.6,2026-03-31,34,0.0936392059868087,546.0,0.790616854908775,691.2709117089094,-0.2359128286541784,True,put,0.49,0.5,0.495,0.01,0.0202020202020202,49.0,2852.0,0.3679262426757813,0.3730574068818974,newton,-0.01679367071961512,8.821204344997865
2026-02-25 10:43:14,690.6,2026-03-31,34,0.0936392059868087,548.0,0.7935128873443382,691.2709117089094,-0.2322565174510679,True,put,0.51,0.52,0.515,0.01,0.0194174757281553,26.0,433.0,0.3649965844726562,0.37025189369978107,newton,-0.017517312768529046,9.144964983451874
2026-02-25 10:43:14,690.6,2026-03-31,34,0.0936392059868087,549.0,0.7949609035621199,691.2709117089094,-0.2304333628895528,True,put,0.51,0.52,0.515,0.01,0.0194174757281553,29.0,485.0,0.3625552026367187,0.3677342742454581,newton,-0.017627953965474417,9.194238221819415
2026-02-25 10:43:14,690.6,2026-03-31,34,0.0936392059868087,551.0,0.7978569359976831,691.2709117089094,-0.226796995246169,True,put,0.53,0.54,0.535,0.01,0.0186915887850467,16.0,267.0,0.3596255444335937,0.36483349566423545,newton,-0.01836821747860807,9.522391595029486
2026-02-25 10:43:14,690.6,2026-03-31,34,0.0936392059868087,552.0,0.7993049522154648,691.2709117089094,-0.2249837581219881,True,put,0.54,0.55,0.545,0.01,0.018348623853211,14.0,479.0,0.3581607153320312,0.3633512648537326,newton,-0.01874270391379028,9.68741214373968
2026-02-25 10:43:14,690.6,2026-03-31,34,0.0936392059868087,553.0,0.8007529684332464,691.2709117089094,-0.2231738028767486,True,put,0.55,0.56,0.555,0.01,0.018018018018018,509.0,808.0,0.3566958862304687,0.36184860814182396,newton,-0.019120193292628037,9.853100379576022
2026-02-25 10:43:14,690.6,2026-03-31,34,0.0936392059868087,554.0,0.8022009846510281,691.2709117089094,-0.2213671176517996,True,put,0.56,0.57,0.565,0.0099999999999998,0.0176991150442476,30.0,318.0,0.3552310571289062,0.3603260894285597,newton,-0.01950076150650367,10.019484910265206
2026-02-25 10:43:14,690.6,2026-03-31,34,0.0936392059868087,556.0,0.8050970170865913,691.2709117089094,-0.2177635101485011,True,put,0.58,0.59,0.585,0.01,0.0170940170940171,43.0,203.0,0.3520572607421874,0.35722358494527223,newton,-0.020271442677009217,10.35445667357211
2026-02-25 10:43:14,690.6,2026-03-31,34,0.0936392059868087,557.0,0.806545033304373,691.2709117089094,-0.2159665644717994,True,put,0.58,0.59,0.585,0.01,0.0170940170940171,62.0,377.0,0.3496158789062499,0.3546892601202743,newton,-0.02040445237966941,10.412006441812164
2026-02-25 10:43:14,690.6,2026-03-31,34,0.0936392059868087,558.0,0.8079930495221547,691.2709117089094,-0.2141728420177725,True,put,0.59,0.6,0.595,0.01,0.0168067226890756,130.0,430.0,0.3480289807128905,0.35310763882399576,newton,-0.020797947965640298,10.581817949856152
2026-02-25 10:43:14,690.6,2026-03-31,34,0.0936392059868087,561.0,0.8123370981754995,691.2709117089094,-0.2088108988763872,True,put,0.62,0.63,0.625,0.01,0.016,305.0,770.0,0.3431462170410155,0.34825751640915253,newton,-0.021999473691309376,11.096322868220225
2026-02-25 10:43:14,690.6,2026-03-31,34,0.0936392059868087,564.0,0.8166811468288444,691.2709117089094,-0.2034775529010245,True,put,0.65,0.66,0.655,0.01,0.015267175572519,56.0,316.0,0.3381413842773437,0.34325810928552375,newton,-0.023234345950778165,11.61904101769594
2026-02-25 10:43:14,690.6,2026-03-31,34,0.0936392059868087,566.0,0.8195771792644078,691.2709117089094,-0.1999377261959005,True,put,0.68,0.69,0.685,0.0099999999999998,0.0145985401459852,90.0,491.0,0.3357000024414062,0.3406786494109073,newton,-0.02433685254323421,12.080757416577597
2026-02-25 10:43:14,690.6,2026-03-31,34,0.0936392059868087,567.0,0.8210251954821893,691.2709117089094,-0.1981725006713314,True,put,0.7,0.7,0.7,0.0,0.0,148.0,304.0,0.3338689660644531,0.3393456113835978,newton,-0.024894354309237633,12.31250739687252
2026-02-25 10:43:14,690.6,2026-03-31,34,0.0936392059868087,569.0,0.8239212279177527,691.2709117089094,-0.1946513702727525,True,put,0.71,0.72,0.715,0.01,0.013986013986014,42.0,797.0,0.3303289624023437,0.3354161351801237,newton,-0.025633863048223546,12.618177060185323
2026-02-25 10:43:14,690.6,2026-03-31,34,0.0936392059868087,570.0,0.8253692441355343,691.2709117089094,-0.1928954435704875,True,put,0.73,0.74,0.735,0.01,0.0136054421768707,11.0,1492.0,0.3293524096679687,0.33441224117443713,newton,-0.026334874510830737,12.90614277205732
2026-02-25 10:43:14,690.6,2026-03-31,34,0.0936392059868087,572.0,0.8282652765710976,691.2709117089094,-0.1893928130192856,True,put,0.75,0.76,0.755,0.01,0.0132450331125827,170.0,795.0,0.3258124060058593,0.33078674446659145,newton,-0.027231934928257137,13.272162384167258
2026-02-25 10:43:14,690.6,2026-03-31,34,0.0936392059868087,573.0,0.8297132927888792,691.2709117089094,-0.1876460876843439,True,put,0.76,0.77,0.765,0.01,0.0130718954248366,302.0,352.0,0.3239813696289061,0.32895477595766776,newton,-0.027687626224943754,13.45705013627672
2026-02-25 10:43:14,690.6,2026-03-31,34,0.0936392059868087,574.0,0.8311613090066609,691.2709117089094,-0.185902408079517,True,put,0.78,0.79,0.785,0.01,0.0127388535031847,76.0,2372.0,0.3228827478027343,0.32784044205449975,newton,-0.02840881145161902,13.748249392575078
2026-02-25 10:43:14,690.6,2026-03-31,34,0.0936392059868087,576.0,0.8340573414422241,691.2709117089094,-0.1824241437031921,True,put,0.81,0.82,0.815,0.0099999999999998,0.0122699386503066,112.0,722.0,0.3198310205078124,0.32480061573697055,newton,-0.029606831558694452,14.228259550793993
2026-02-25 10:43:14,690.6,2026-03-31,34,0.0936392059868087,577.0,0.8355053576600058,691.2709117089094,-0.1806895378909839,True,put,0.82,0.83,0.825,0.01,0.0121212121212121,79.0,2453.0,0.3179999841308593,0.3229009781709586,newton,-0.03008404870955592,14.418200164304146
2026-02-25 10:43:14,690.6,2026-03-31,34,0.0936392059868087,579.0,0.838401390095569,691.2709117089094,-0.1772293268260882,True,put,0.86,0.87,0.865,0.01,0.0115606936416185,116.0,613.0,0.3154365332031249,0.32040956018532385,newton,-0.031576063614869025,15.007529927339137
2026-02-25 10:43:14,690.6,2026-03-31,34,0.0936392059868087,580.0,0.8398494063133507,691.2709117089094,-0.1755037008586184,True,put,0.86,0.87,0.865,0.01,0.0115606936416185,15.0,81207.0,0.3128730822753905,0.31779896307308797,newton,-0.03181056935756299,15.099546796121254
2026-02-25 10:43:14,690.6,2026-03-31,34,0.0936392059868087,581.0,0.8412974225311323,691.2709117089094,-0.1737810475471721,True,put,0.88,0.89,0.885,0.01,0.0112994350282485,64.0,569.0,0.3115303222656249,0.3164978419275754,newton,-0.032572263904333765,15.397306142124041
2026-02-25 10:43:14,690.6,2026-03-31,34,0.0936392059868087,584.0,0.8456414711844772,691.2709117089094,-0.1686308215708564,True,put,0.94,0.95,0.945,0.01,0.0105820105820105,99.0,501.0,0.307502042236328,0.31241023643659627,newton,-0.03489569414659798,16.295291073797745
2026-02-25 10:43:14,690.6,2026-03-31,34,0.0936392059868087,585.0,0.8470894874022589,691.2709117089094,-0.1669199571672269,True,put,0.95,0.96,0.955,0.01,0.0104712041884816,43.0,3061.0,0.3055489367675781,0.31038495476867656,newton,-0.035423784364370096,16.4972955808598
2026-02-25 10:43:14,690.6,2026-03-31,34,0.0936392059868087,590.0,0.854329568491167,691.2709117089094,-0.1584092674993183,True,put,1.05,1.06,1.0550000000000002,0.01,0.0094786729857819,159.0,80263.0,0.2981027221679687,0.3029283117880611,newton,-0.03947668815258383,18.02307829417163
2026-02-25 10:43:14,690.6,2026-03-31,34,0.0936392059868087,600.0,0.8688097306689835,691.2709117089094,-0.141602149182937,True,put,1.27,1.29,1.28,0.02,0.015625,92.0,25256.0,0.2828440856933593,0.28739458413560076,newton,-0.048887752425897074,21.41375166299226
2026-02-25 10:43:14,690.6,2026-03-31,34,0.0936392059868087,605.0,0.8760498117578916,691.2709117089094,-0.1333033463682419,True,put,1.42,1.43,1.4249999999999998,0.01,0.0070175438596491,41.0,7233.0,0.2753978710937499,0.2801095968614858,newton,-0.0548307582374752,23.457423626926715
2026-02-25 10:43:14,690.6,2026-03-31,34,0.0936392059868087,610.0,0.8832898928467998,691.2709117089094,-0.1250728472317265,True,put,1.59,1.6,1.5950000000000002,0.01,0.006269592476489,53.0,2821.0,0.2683178637695312,0.2730500082388454,newton,-0.06173342476541345,25.746777230867803
2026-02-25 10:43:14,690.6,2026-03-31,34,0.0936392059868087,615.0,0.8905299739357081,691.2709117089094,-0.1169095365925655,True,put,1.77,1.78,1.775,0.01,0.0056338028169014,79.0,3281.0,0.2608106146240234,0.2655169674486232,newton,-0.06926696401220463,28.15095528534229
2026-02-25 10:43:14,690.6,2026-03-31,34,0.0936392059868087,620.0,0.8977700550246163,691.2709117089094,-0.1088123263599462,True,put,1.97,1.98,1.975,0.01,0.0050632911392405,61.0,9034.0,0.2531812963867187,0.25783601794121785,newton,-0.0777480732354154,30.749790589010573
2026-02-25 10:43:14,690.6,2026-03-31,34,0.0936392059868087,621.0,0.8992180712423978,691.2709117089094,-0.1072007224656046,True,put,2.04,2.05,2.045,0.0099999999999997,0.0048899755501221,18.0,714.0,0.2525099163818359,0.2571536645391918,newton,-0.08023809127730636,31.492510120981734
2026-02-25 10:43:14,690.6,2026-03-31,34,0.0936392059868087,623.0,0.9021141036779612,691.2709117089094,-0.1039852856116303,True,put,2.15,2.16,2.155,0.0100000000000002,0.0046403712296984,121.0,729.0,0.2500075,0.2546681226057743,newton,-0.08454239316624555,32.75572885364854
2026-02-25 10:43:14,690.6,2026-03-31,34,0.0936392059868087,625.0,0.9050101361135244,691.2709117089094,-0.1007801546626819,True,put,2.24,2.25,2.245,0.0099999999999997,0.0044543429844097,678.0,6238.0,0.2467726690673828,0.25140665600224715,newton,-0.08845652783399635,33.88243882489798
2026-02-25 10:43:14,690.6,2026-03-31,34,0.0936392059868087,626.0,0.906458152331306,691.2709117089094,-0.0991814332989849,True,put,2.29,2.31,2.3,0.02,0.008695652173913,30.0,857.0,0.2454909436035156,0.25001423090565766,newton,-0.09068985787069907,34.516207873680465
2026-02-25 10:43:14,690.6,2026-03-31,34,0.0936392059868087,627.0,0.9079061685490876,691.2709117089094,-0.0975852637661627,True,put,2.34,2.35,2.345,0.0100000000000002,0.0042643923240939,38.0,1228.0,0.2436599072265625,0.24829343480296662,newton,-0.0927111737419698,35.08423405522007
2026-02-25 10:43:14,690.6,2026-03-31,34,0.0936392059868087,628.0,0.9093541847668694,691.2709117089094,-0.0959916379308848,True,put,2.42,2.43,2.425,0.0100000000000002,0.0041237113402062,22.0,507.0,0.2428664581298827,0.2475181454005952,newton,-0.09558559001810105,35.88304251004613
2026-02-25 10:43:14,690.6,2026-03-31,34,0.0936392059868087,630.0,0.9122502172024326,691.2709117089094,-0.092811985013505,True,put,2.54,2.56,2.55,0.02,0.0078431372549019,84.0,7658.0,0.2403030072021484,0.24482557344671066,newton,-0.10058367624281465,37.247619671601605
2026-02-25 10:43:14,690.6,2026-03-31,34,0.0936392059868087,634.0,0.9180422820735592,691.2709117089094,-0.0864828499618575,True,put,2.78,2.8,2.79,0.02,0.007168458781362,50.0,315.0,0.2341385180664062,0.2386376362521315,newton,-0.11070451449601842,39.91996058679572
2026-02-25 10:43:14,690.6,2026-03-31,34,0.0936392059868087,635.0,0.9194902982913408,691.2709117089094,-0.0849068055063918,True,put,2.87,2.89,2.88,0.02,0.0069444444444444,65.0,7484.0,0.2331924826049805,0.23772389127633353,newton,-0.11399484655191107,40.7636365738649
2026-02-25 10:43:14,690.6,2026-03-31,34,0.0936392059868087,636.0,0.9209383145091224,691.2709117089094,-0.0833332410589613,True,put,2.91,2.92,2.915,0.0099999999999997,0.0034305317324184,10.0,230.0,0.2307816180419922,0.23541597878797366,newton,-0.11608061996427424,41.292280673268024
2026-02-25 10:43:14,690.6,2026-03-31,34,0.0936392059868087,638.0,0.9238343469446858,691.2709117089094,-0.0801935210542935,True,put,3.08,3.09,3.085,0.0099999999999997,0.0032414910858994,10.0,872.0,0.2284317880249023,0.23307941414043984,newton,-0.12260538319602908,42.91582356737942
2026-02-25 10:43:14,690.6,2026-03-31,34,0.0936392059868087,640.0,0.926730379380249,691.2709117089094,-0.0770636280453659,True,put,3.26,3.27,3.2649999999999997,0.0100000000000002,0.003062787136294,34.0,11163.0,0.2260819580078125,0.2307345386396286,newton,-0.1294840393528002,44.579376490653274
2026-02-25 10:43:14,690.6,2026-03-31,34,0.0936392059868087,642.0,0.9296264118158124,691.2709117089094,-0.0739435007091222,True,put,3.41,3.43,3.42,0.02,0.0058479532163742,98.0,845.0,0.2230607479858398,0.22761055513801773,newton,-0.13597771911614331,46.10620262567648
2026-02-25 10:43:14,690.6,2026-03-31,34,0.0936392059868087,643.0,0.931074428033594,691.2709117089094,-0.072387080161464,True,put,3.5,3.52,3.51,0.02,0.0056980056980057,66.0,557.0,0.2216874707031249,0.2262431470944089,newton,-0.13955652946230826,46.93008930664559
2026-02-25 10:43:14,690.6,2026-03-31,34,0.0936392059868087,645.0,0.9339704604691572,691.2709117089094,-0.0692814876033109,True,put,3.69,3.71,3.7,0.02,0.0054054054054054,17.0,3300.0,0.2190019506835937,0.22354764100662672,newton,-0.14705537514437064,48.61705783638683
2026-02-25 10:43:14,690.6,2026-03-31,34,0.0936392059868087,646.0,0.9354184766869388,691.2709117089094,-0.0677323006164816,True,put,3.78,3.8,3.79,0.02,0.0052770448548812,47.0,18633.0,0.2174455697631835,0.22201240699802421,newton,-0.15077161718988188,49.43378356196673
2026-02-25 10:43:14,690.6,2026-03-31,34,0.0936392059868087,647.0,0.9368664929047203,691.2709117089094,-0.0661855098981828,True,put,3.88,3.89,3.885,0.0100000000000002,0.0025740025740026,62.0,1148.0,0.2158586715698242,0.22052384974556774,newton,-0.15464128405800487,50.27094422968641
2026-02-25 10:43:14,690.6,2026-03-31,34,0.0936392059868087,648.0,0.938314509122502,691.2709117089094,-0.0646411080468087,True,put,3.98,3.99,3.985,0.0100000000000002,0.0025094102885822,13.0,1356.0,0.2144243597412109,0.21907786624082323,newton,-0.1586642384644939,51.12713806748325
2026-02-25 10:43:14,690.6,2026-03-31,34,0.0936392059868087,649.0,0.9397625253402838,691.2709117089094,-0.0630990876949935,True,put,4.09,4.11,4.1,0.0200000000000004,0.0048780487804879,51.0,2554.0,0.2132647033691406,0.2178627139188567,newton,-0.16303861570237968,52.04205654172407
2026-02-25 10:43:14,690.6,2026-03-31,34,0.0936392059868087,650.0,0.9412105415580654,691.2709117089094,-0.0615594415094006,True,put,4.19,4.2,4.195,0.0099999999999997,0.00238379022646,162.0,14402.0,0.2115252188110351,0.2162033217081622,newton,-0.16707114871413106,52.87089509159391
2026-02-25 10:43:14,690.6,2026-03-31,34,0.0936392059868087,651.0,0.9426585577758472,691.2709117089094,-0.0600221621905142,True,put,4.26,4.28,4.27,0.0200000000000004,0.0046838407494146,65.0,483.0,0.2095415960693359,0.21411847202688009,newton,-0.17077671573915496,53.62039013392192
2026-02-25 10:43:14,690.6,2026-03-31,34,0.0936392059868087,652.0,0.9441065739936289,691.2709117089094,-0.0584872424724304,True,put,4.4,4.42,4.41,0.0199999999999995,0.0045351473922901,87.0,10301.0,0.2085955606079101,0.21318499371397692,newton,-0.17580679401567545,54.61947800807102
2026-02-25 10:43:14,690.6,2026-03-31,34,0.0936392059868087,653.0,0.9455545902114104,691.2709117089094,-0.0569546751226523,True,put,4.5,4.52,4.51,0.0199999999999995,0.0044345898004433,14.0,380.0,0.2068560760498046,0.21145233262966534,newton,-0.18012711124996184,55.46102874146211
2026-02-25 10:43:14,690.6,2026-03-31,34,0.0936392059868087,654.0,0.947002606429192,691.2709117089094,-0.0554244529418848,True,put,4.6,4.62,4.609999999999999,0.0200000000000004,0.0043383947939263,15.0,649.0,0.2050555569458007,0.20966590130050738,newton,-0.18451875688441233,56.301039759217595
2026-02-25 10:43:14,690.6,2026-03-31,34,0.0936392059868087,655.0,0.9484506226469736,691.2709117089094,-0.0538965687638315,True,put,4.72,4.74,4.73,0.0200000000000004,0.0042283298097252,30.0,4134.0,0.203560210571289,0.20817593107114662,newton,-0.1893561798049238,57.208583366778214
2026-02-25 10:43:14,690.6,2026-03-31,34,0.0936392059868087,656.0,0.9498986388647552,691.2709117089094,-0.0523710154549944,True,put,4.89,4.92,4.904999999999999,0.0300000000000002,0.0061162079510703,11.0,263.0,0.2030108996582031,0.2075674618682504,newton,-0.19526169885407732,58.291726862845444
2026-02-25 10:43:14,690.6,2026-03-31,34,0.0936392059868087,660.0,0.9556907037358818,691.2709117089094,-0.0462919693786122,True,put,5.39,5.41,5.4,0.0200000000000004,0.0037037037037037,155.0,9727.0,0.1962665823364258,0.2009205252407093,newton,-0.21588856688393865,61.867912189917604
2026-02-25 10:43:14,690.6,2026-03-31,34,0.0936392059868087,665.0,0.96293078482479,691.2709117089094,-0.0387447637432293,True,put,6.18,6.21,6.195,0.0300000000000002,0.0048426150121065,48.0,5664.0,0.1892170922851562,0.19386821928553624,newton,-0.2465470195492624,66.61895845124033
2026-02-25 10:43:14,690.6,2026-03-31,34,0.0936392059868087,666.0,0.9643788010425716,691.2709117089094,-0.0372421338586943,True,put,6.28,6.3,6.29,0.0199999999999995,0.0031796502384737,18.0,602.0,0.1865468309020996,0.19128205902310613,newton,-0.25200737849661115,67.39760084509568
2026-02-25 10:43:14,690.6,2026-03-31,34,0.0936392059868087,667.0,0.9658268172603532,691.2709117089094,-0.0357417584834597,True,put,6.48,6.51,6.495,0.0299999999999993,0.0046189376443417,50.0,334.0,0.1855550195312499,0.19025563035515583,newton,-0.25922813764350683,68.39691376449282
2026-02-25 10:43:14,690.6,2026-03-31,34,0.0936392059868087,670.0,0.9701708659136982,691.2709117089094,-0.0312540920140717,True,put,7.04,7.05,7.045,0.0099999999999997,0.0014194464158977,146.0,6954.0,0.1808248422241211,0.1857107466335874,newton,-0.28055417174621244,71.15094354821694
2026-02-25 10:43:14,690.6,2026-03-31,34,0.0936392059868087,672.0,0.9730668983492616,691.2709117089094,-0.0282734638759339,True,put,7.44,7.47,7.455,0.0299999999999993,0.0040241448692152,62.0,1155.0,0.1780477703857422,0.1828609080078334,newton,-0.29592930225158987,72.95835511105257
2026-02-25 10:43:14,690.6,2026-03-31,34,0.0936392059868087,674.0,0.9759629307848248,691.2709117089094,-0.0253016934867763,True,put,7.82,7.85,7.835,0.0299999999999993,0.0038289725590299,17.0,331.0,0.1744009562683106,0.17925067534660194,newton,-0.311474998960985,74.63838723778657
2026-02-25 10:43:14,690.6,2026-03-31,34,0.0936392059868087,675.0,0.9774109470026064,691.2709117089094,-0.0238191135265536,True,put,8.01,8.04,8.024999999999999,0.0299999999999993,0.0037383177570092,153.0,5500.0,0.1724325921630859,0.17731767094706943,newton,-0.3194895452344462,75.44771600819763
2026-02-25 10:43:14,690.6,2026-03-31,34,0.0936392059868087,676.0,0.978858963220388,691.2709117089094,-0.0223387283561193,True,put,8.19,8.22,8.205,0.0300000000000011,0.003656307129799,11.0,482.0,0.1702658657836914,0.175167346420244,newton,-0.3275771802963034,76.225806816412
2026-02-25 10:43:14,690.6,2026-03-31,34,0.0936392059868087,677.0,0.9803069794381696,691.2709117089094,-0.0208605314868084,True,put,8.45,8.48,8.465,0.0300000000000011,0.0035440047253397,10.0,691.0,0.1690451748657226,0.17397121991817052,newton,-0.3366658983288948,77.0544049665887
2026-02-25 10:43:14,690.6,2026-03-31,34,0.0936392059868087,679.0,0.9832030118737328,691.2709117089094,-0.0179106768403872,True,put,8.97,9.0,8.985,0.0299999999999993,0.0033388981636059,29.0,1334.0,0.1662375857543945,0.17126008893488087,newton,-0.3552490677069822,78.59979299588653
2026-02-25 10:43:14,690.6,2026-03-31,34,0.0936392059868087,680.0,0.9846510280915146,691.2709117089094,-0.0164390062289311,True,put,9.19,9.22,9.205,0.0300000000000011,0.0032590983161326,276.0,4663.0,0.1641929284667969,0.16924051713605504,newton,-0.3644481837985649,79.29180986490427
2026-02-25 10:43:14,690.6,2026-03-31,34,0.0936392059868087,681.0,0.9860990443092962,691.2709117089094,-0.0149694982495711,True,put,9.45,9.48,9.465,0.0300000000000011,0.0031695721077655,11.0,871.0,0.162544995727539,0.16762249601785106,newton,-0.37417337912423054,79.9714772083258
2026-02-25 10:43:14,690.6,2026-03-31,34,0.0936392059868087,684.0,0.9904430929626412,691.2709117089094,-0.0105738867765329,True,put,10.33,10.36,10.345,0.0299999999999993,0.0028999516674721,12.0,627.0,0.1580894738769531,0.16333489045468447,newton,-0.40513594764619587,81.78483772133556
2026-02-25 10:43:14,690.6,2026-03-31,34,0.0936392059868087,685.0,0.9918911091804228,691.2709117089094,-0.0091129661368582,True,put,10.57,10.61,10.59,0.0399999999999991,0.0037771482530688,470.0,9329.0,0.1558617129516601,0.16108346293081705,newton,-0.415616992292439,82.27929371381835
2026-02-25 10:43:14,690.6,2026-03-31,34,0.0936392059868087,686.0,0.9933391253982043,691.2709117089094,-0.0076541766731982,True,put,10.93,10.96,10.945,0.0300000000000011,0.0027409776153495,11.0,921.0,0.1547020565795898,0.16004779244331127,newton,-0.4268313303188858,82.74219091398531
2026-02-25 10:43:14,690.6,2026-03-31,34,0.0936392059868087,687.0,0.994787141615986,691.2709117089094,-0.0061975121767341,True,put,11.18,11.21,11.195,0.0300000000000011,0.0026797677534614,19.0,749.0,0.1522148988342285,0.15761897105066056,newton,-0.43787463039975666,83.13155932679807
2026-02-25 10:43:14,690.6,2026-03-31,34,0.0936392059868087,688.0,0.9962351578337676,691.2709117089094,-0.0047429664657397,True,put,11.51,11.54,11.525,0.0299999999999993,0.0026030368763556,165.0,972.0,0.1505517074584961,0.15602729600889625,newton,-0.4494520365732676,83.46927760103401
2026-02-25 10:43:14,690.6,2026-03-31,34,0.0936392059868087,689.0,0.9976831740515494,691.2709117089094,-0.0032905333854248,True,put,11.88,11.9,11.89,0.0199999999999995,0.001682085786375,11.0,740.0,0.1491173956298828,0.1547211931083083,newton,-0.4613252255269754,83.74098969684128
2026-02-25 10:43:14,690.6,2026-03-31,34,0.0936392059868087,690.0,0.999131190269331,691.2709117089094,-0.0018402068077784,True,put,12.25,12.26,12.255,0.0099999999999997,0.0008159934720522,828.0,2724.0,0.1475304974365234,0.15327743498079155,newton,-0.47340987940456736,83.94018494906162
2026-02-25 10:43:14,690.6,2026-03-31,34,0.0936392059868087,691.0,1.0005792064871126,691.2709117089094,-0.0003919806314135,True,put,12.6,12.63,12.615,0.0300000000000011,0.0023781212841855,160.0,1548.0,0.1459283406066894,0.1516336404185942,newton,-0.48573616607855374,84.06315835283573
2026-02-25 10:43:14,690.6,2026-03-31,34,0.0936392059868087,692.0,1.0020272227048943,691.2709117089094,0.0010541512185861,False,put,12.96,12.99,12.975,0.0299999999999993,0.0023121387283236,160.0,684.0,0.1440515283203124,0.14984566731635407,newton,-0.49834227676348003,84.10526759375401
2026-02-25 10:43:14,690.6,2026-03-31,34,0.0936392059868087,694.0,1.0049232551404574,691.2709117089094,0.003940156107721,False,put,13.72,13.75,13.735,0.0299999999999993,0.002184200946487,23.0,774.0,0.1402979037475585,0.14629381227820898,newton,-0.5243938941655049,83.92431818576239
2026-02-25 10:43:14,690.6,2026-03-31,34,0.0936392059868087,695.0,1.0063712713582391,691.2709117089094,0.0053800411657087,False,put,14.03,14.07,14.05,0.0400000000000009,0.002846975088968,11.0,2127.0,0.1374750559997559,0.14350418136739945,newton,-0.5382324004007634,83.68109741997007
2026-02-25 10:43:14,690.6,2026-03-31,34,0.0936392059868087,700.0,1.0136113524471473,691.2709117089094,0.0125485306443211,False,put,16.36,16.55,16.455,0.1900000000000012,0.0115466423579459,62.0,1513.0,0.1311122045898437,0.13694250508880734,newton,-0.6076333171389741,80.90604280380646
2026-02-25 10:43:14,690.6,2026-03-31,34,0.0936392059868087,701.0,1.015059368664929,691.2709117089094,0.0139760826355066,False,put,16.73,16.94,16.835,0.2100000000000008,0.0124740124740125,30.0,266.0,0.127938408203125,0.13381751622967014,newton,-0.623724765660509,79.88617641956175
2026-02-25 10:43:14,690.6,2026-03-31,34,0.0936392059868087,703.0,1.0179554011004923,691.2709117089094,0.0168250874115814,False,put,17.9,18.11,18.005,0.2100000000000008,0.0116634268258817,301.0,1188.0,0.1258327163696289,0.13209797082130223,newton,-0.6517532216817772,77.76210357310987
2026-02-25 10:43:14,690.6,2026-03-31,34,0.0936392059868087,707.0,1.0237474659716188,691.2709117089094,0.0224988614974893,False,put,20.36,20.64,20.5,0.2800000000000011,0.0136585365853659,202.0,150.0,0.1216213327026367,0.1283698049909432,newton,-0.7075182362189084,72.1755735741036
2026-02-25 10:43:14,690.6,2026-03-31,34,0.0936392059868087,710.0,1.0280915146249638,691.2709117089094,0.0267331656362775,False,put,22.31,22.63,22.47,0.3200000000000003,0.0142412105028927,18.0,326.0,0.1173489144897461,0.12471941155727505,newton,-0.7496544561954454,66.68145900124333
2026-02-25 10:43:14,690.6,2026-04-02,36,0.0991186580416032,681.0,0.9860990443092962,691.6236595079188,-0.0154796568892852,False,call,20.43,20.71,20.57,0.2800000000000011,0.0136120563928051,40.0,138.0,0.1769186312866211,0.1708582863545447,newton,0.6212719677359931,82.37719750271728
2026-02-25 10:43:14,690.6,2026-04-02,36,0.0991186580416032,684.0,0.9904430929626412,691.6236595079188,-0.011084045416247,False,call,18.31,18.55,18.43,0.240000000000002,0.0130222463374933,52.0,144.0,0.1717612121582031,0.16628348184327357,newton,0.5919049336454726,84.14303045745693
2026-02-25 10:43:14,690.6,2026-04-02,36,0.0991186580416032,689.0,0.9976831740515494,691.6236595079188,-0.0038006920251389,False,call,14.99,15.03,15.01,0.0399999999999991,0.0026648900732844,12.0,136.0,0.1619804261779785,0.15816479012815676,newton,0.5383891545599766,86.11582666380487
2026-02-25 10:43:14,690.6,2026-04-02,36,0.0991186580416032,690.0,0.999131190269331,691.6236595079188,-0.0023503654474925,False,call,14.24,14.28,14.26,0.0399999999999991,0.0028050490883589,52.0,175.0,0.1591575784301758,0.15541806158456228,newton,0.5270141275154605,86.33095630034778
2026-02-25 10:43:14,690.6,2026-04-02,36,0.0991186580416032,695.0,1.0063712713582391,691.6236595079188,0.0048698825259946,True,call,11.19,11.23,11.21,0.0400000000000009,0.0035682426404996,16.0,192.0,0.1510705010986328,0.14778427419266776,newton,0.4658948762609429,86.2718237004066
2026-02-25 10:43:14,690.6,2026-04-02,36,0.0991186580416032,698.0,1.0107153200115842,691.6236595079188,0.0091771397235749,True,call,9.44,9.48,9.46,0.0400000000000009,0.0042283298097252,104.0,115.0,0.1454095469665527,0.14236111635826143,newton,0.4261319750035229,85.13099358360867
2026-02-25 10:43:14,690.6,2026-04-02,36,0.0991186580416032,700.0,1.0136113524471473,691.6236595079188,0.012038372004607,True,call,8.32,8.36,8.34,0.0399999999999991,0.0047961630695442,22.0,385.0,0.1413660083007812,0.13846024977890828,newton,0.39818271728631066,83.80269113155428
2026-02-25 10:43:14,690.6,2026-04-02,36,0.0991186580416032,702.0,1.0165073848827106,691.6236595079188,0.0148914409870135,True,call,7.31,7.34,7.324999999999999,0.0300000000000002,0.0040955631399317,11.0,121.0,0.1377649700927734,0.13509066320158777,newton,0.36980575364176566,82.00163950244486
2026-02-25 10:43:14,690.6,2026-04-02,36,0.0991186580416032,703.0,1.0179554011004923,691.6236595079188,0.0163149287718674,True,call,6.92,6.95,6.9350000000000005,0.0300000000000002,0.0043258832011536,106.0,305.0,0.1371851419067383,0.13456892664736825,newton,0.35668863724141997,81.01239446428787
2026-02-25 10:43:14,690.6,2026-04-02,36,0.0991186580416032,704.0,1.019403417318274,691.6236595079188,0.0177363931192447,True,call,6.41,6.45,6.43,0.04,0.0062208398133748,12.0,132.0,0.135048932800293,0.13243974474158557,newton,0.341692185638233,79.75794989769936
2026-02-25 10:43:14,690.6,2026-04-02,36,0.0991186580416032,706.0,1.0222994497538371,691.6236595079188,0.0205732744544445,True,call,5.52,5.55,5.535,0.0300000000000002,0.005420054200542,409.0,347.0,0.1313868600463867,0.12899070540140586,newton,0.3122619656644221,76.90522571424403
2026-02-25 10:43:14,690.6,2026-04-02,36,0.0991186580416032,707.0,1.0237474659716188,691.6236595079188,0.0219887028577753,True,call,5.13,5.17,5.15,0.04,0.0077669902912621,21.0,988.0,0.1301661691284179,0.1277591918247875,newton,0.2981821691989064,75.3528194150031
2026-02-25 10:43:14,690.6,2026-04-02,36,0.0991186580416032,710.0,1.0280915146249638,691.6236595079188,0.0262230069965636,True,call,4.04,4.07,4.055,0.0300000000000002,0.0073982737361282,31.0,1517.0,0.125710647277832,0.12358012507624569,newton,0.2554685303629016,69.86777787680565
2026-02-25 10:43:14,690.6,2026-04-02,36,0.0991186580416032,720.0,1.0425716768027802,691.6236595079188,0.0402092489713034,True,call,1.61,1.63,1.62,0.0199999999999997,0.0123456790123455,51.0,1063.0,0.1146328771972656,0.11308102334298381,newton,0.13267496634411877,46.66333933463726
2026-02-25 10:43:14,690.6,2026-04-02,36,0.0991186580416032,725.0,1.0498117578916883,691.6236595079188,0.0471296918158773,True,call,0.97,0.99,0.98,0.02,0.0204081632653061,19.0,976.0,0.1115201153564453,0.11011589688850326,newton,0.08945756378681691,35.168942113394735
2026-02-25 10:43:14,690.6,2026-04-02,36,0.0991186580416032,510.0,0.7384882710686359,691.6236595079188,-0.3046312373204261,True,put,0.35,0.36,0.355,0.01,0.028169014084507,175.0,380.0,0.426763544921875,0.4327705715171944,newton,-0.01057475577452965,6.090375506622271
2026-02-25 10:43:14,690.6,2026-04-02,36,0.0991186580416032,600.0,0.8688097306689835,691.6236595079188,-0.1421123078226511,True,put,1.46,1.47,1.465,0.01,0.0068259385665529,127.0,5558.0,0.2828440856933593,0.2882415525670059,newton,-0.05335620259968953,23.63009195920085
2026-02-25 10:43:14,690.6,2026-04-02,36,0.0991186580416032,605.0,0.8760498117578916,691.6236595079188,-0.133813505007956,True,put,1.61,1.63,1.62,0.0199999999999997,0.0123456790123455,118.0,1512.0,0.2757030438232422,0.28089568257892356,newton,-0.059481009300716856,25.7425665339773
2026-02-25 10:43:14,690.6,2026-04-02,36,0.0991186580416032,610.0,0.8832898928467998,691.6236595079188,-0.1255830058714406,True,put,1.79,1.8,1.795,0.01,0.0055710306406685,11.0,1433.0,0.2681957946777343,0.27356915269169413,newton,-0.06641969199249124,28.052451126873873
2026-02-25 10:43:14,690.6,2026-04-02,36,0.0991186580416032,615.0,0.8905299739357081,691.6236595079188,-0.1174196952322797,True,put,1.97,1.99,1.98,0.02,0.0101010101010101,12.0,132.0,0.2606275109863281,0.2658325264900305,newton,-0.07398722618872862,30.47900288998038
2026-02-25 10:43:14,690.6,2026-04-02,36,0.0991186580416032,620.0,0.8977700550246163,691.6236595079188,-0.1093224849996602,True,put,2.22,2.25,2.2350000000000003,0.0299999999999998,0.0134228187919462,26.0,415.0,0.2543714700317383,0.2594835068431013,newton,-0.08364070790244456,33.44583072617763
2026-02-25 10:43:14,690.6,2026-04-02,36,0.0991186580416032,625.0,0.9050101361135244,691.6236595079188,-0.101290313302396,True,put,2.49,2.51,2.5,0.0199999999999995,0.0079999999999998,28.0,1192.0,0.2471388763427734,0.25242037698881836,newton,-0.09403463021242939,36.49260237274384
2026-02-25 10:43:14,690.6,2026-04-02,36,0.0991186580416032,630.0,0.9122502172024326,691.6236595079188,-0.0933221436532192,True,put,2.79,2.82,2.8049999999999997,0.0299999999999998,0.0106951871657753,10.0,1741.0,0.2402419726562499,0.24543452340005892,newton,-0.10593572761445459,39.80920087901863
2026-02-25 10:43:14,690.6,2026-04-02,36,0.0991186580416032,635.0,0.9194902982913408,691.6236595079188,-0.0854169641461058,True,put,3.11,3.14,3.125,0.0300000000000002,0.0096,11.0,857.0,0.2325516198730468,0.23779064090453927,newton,-0.11889453310113715,43.228876393350866
2026-02-25 10:43:14,690.6,2026-04-02,36,0.0991186580416032,640.0,0.926730379380249,691.6236595079188,-0.0775737866850799,True,put,3.55,3.57,3.5599999999999996,0.02,0.0056179775280898,11.0,600.0,0.2262040270996093,0.23161807388421643,newton,-0.13512375508566316,47.253037228692904
2026-02-25 10:43:14,690.6,2026-04-02,36,0.0991186580416032,645.0,0.9339704604691572,691.6236595079188,-0.069791646243025,True,put,4.01,4.04,4.025,0.0300000000000002,0.0074534161490683,69.0,486.0,0.2193681579589843,0.22475009824198583,newton,-0.15291074693195342,51.360181691437006
2026-02-25 10:43:14,690.6,2026-04-02,36,0.0991186580416032,650.0,0.9412105415580654,691.6236595079188,-0.0620696001491147,True,put,4.51,4.52,4.515,0.0099999999999997,0.0022148394241417,181.0,843.0,0.2114336669921874,0.2170692798077498,newton,-0.17237398226250264,55.520012791710606
2026-02-25 10:43:14,690.6,2026-04-02,36,0.0991186580416032,655.0,0.9484506226469736,691.6236595079188,-0.0544067274035455,True,put,5.13,5.16,5.145,0.0300000000000002,0.0058309037900875,14.0,646.0,0.2049029705810546,0.21047467926528315,newton,-0.19579931994163502,60.099057062429
2026-02-25 10:43:14,690.6,2026-04-02,36,0.0991186580416032,660.0,0.9556907037358818,691.6236595079188,-0.0468021280183262,True,put,5.77,5.8,5.785,0.0300000000000002,0.0051858254105445,14.0,576.0,0.1968464105224609,0.20251286606926805,newton,-0.22106430043339556,64.55260861963926
2026-02-25 10:43:14,690.6,2026-04-02,36,0.0991186580416032,665.0,0.96293078482479,691.6236595079188,-0.0392549223829434,True,put,6.56,6.59,6.574999999999999,0.0300000000000002,0.0045627376425855,21.0,208.0,0.1894307131958008,0.19524315923423433,newton,-0.25073934204308945,69.18614762340643
2026-02-25 10:43:14,690.6,2026-04-02,36,0.0991186580416032,670.0,0.9701708659136982,691.6236595079188,-0.0317642506537858,True,put,7.47,7.5,7.484999999999999,0.0300000000000002,0.0040080160320641,76.0,470.0,0.1818624295043945,0.18786981712960446,newton,-0.2844726163701453,73.7213747474308
2026-02-25 10:43:14,690.6,2026-04-02,36,0.0991186580416032,671.0,0.9716188821314798,691.6236595079188,-0.0302728260671157,True,put,7.62,7.65,7.635,0.0300000000000002,0.0039292730844794,11.0,156.0,0.1797109617614746,0.18573640819161158,newton,-0.2911698811661614,74.53328869779392
2026-02-25 10:43:14,690.6,2026-04-02,36,0.0991186580416032,675.0,0.9774109470026064,691.6236595079188,-0.0243292721662676,True,put,8.53,8.56,8.545,0.0300000000000011,0.0035108250438854,42.0,424.0,0.174263628540039,0.18050672108664845,newton,-0.3228513814568655,77.9921225926479
2026-02-25 10:43:14,690.6,2026-04-02,36,0.0991186580416032,680.0,0.9846510280915146,691.6236595079188,-0.0169491648686451,True,put,9.72,9.76,9.74,0.0399999999999991,0.004106776180698,192.0,878.0,0.1661765512084961,0.17264891550083816,newton,-0.36599669905133303,81.7246766551174
2026-02-25 10:43:14,690.6,2026-04-02,36,0.0991186580416032,685.0,0.9918911091804228,691.6236595079188,-0.0096231247765722,True,put,11.1,11.14,11.12,0.0400000000000009,0.0035971223021583,124.0,422.0,0.1577537838745117,0.16458439396554098,newton,-0.41471759322352064,84.64143638332462
2026-02-25 10:43:14,690.6,2026-04-02,36,0.0991186580416032,688.0,0.9962351578337676,691.6236595079188,-0.0052531251054538,True,put,11.97,12.01,11.99,0.0399999999999991,0.0033361134278564,92.0,221.0,0.1518334329223633,0.15893742178298198,newton,-0.4466860765072284,85.82979771677951
2026-02-25 10:43:14,690.6,2026-04-02,36,0.0991186580416032,690.0,0.999131190269331,691.6236595079188,-0.0023503654474925,True,put,12.7,12.75,12.725,0.0500000000000007,0.0039292730844794,1820.0,121.0,0.1490868783569335,0.15637803867938374,newton,-0.4694809582373831,86.33185521858486
2026-02-25 10:43:14,690.6,2026-04-17,51,0.1402145484525621,635.0,0.9194902982913408,692.482429032783,-0.0866578656090373,False,call,61.92,62.26,62.09,0.3399999999999963,0.005475922048639,31.0,488.0,0.2538526763916016,0.23369608958520188,newton,0.8451639949907188,60.30336770717636
2026-02-25 10:43:14,690.6,2026-04-17,51,0.1402145484525621,650.0,0.9412105415580654,692.482429032783,-0.0633105016120462,False,call,48.83,49.07,48.95,0.240000000000002,0.004902962206333,24.0,551.0,0.2316055844116211,0.21593184589419462,newton,0.7908659255474035,73.33132006662316
2026-02-25 10:43:14,690.6,2026-04-17,51,0.1402145484525621,655.0,0.9484506226469736,692.482429032783,-0.055647628866477,False,call,44.38,44.64,44.510000000000005,0.259999999999998,0.0058413839586609,11.0,191.0,0.2221452297973632,0.20727092683571763,newton,0.7712110280492045,77.35408072812687
2026-02-25 10:43:14,690.6,2026-04-17,51,0.1402145484525621,670.0,0.9701708659136982,692.482429032783,-0.0330051521167172,False,call,31.98,32.26,32.12,0.2799999999999976,0.008717310087173,22.0,563.0,0.1983722741699218,0.18634643745148968,newton,0.6907400331296634,90.47093286141418
2026-02-25 10:43:14,690.6,2026-04-17,51,0.1402145484525621,675.0,0.9774109470026064,692.482429032783,-0.0255701736291992,False,call,28.2,28.39,28.295,0.1900000000000012,0.0067149673087118,17.0,1216.0,0.1907276972961425,0.18009040168612037,newton,0.6568356538134679,94.51543876955814
2026-02-25 10:43:14,690.6,2026-04-17,51,0.1402145484525621,677.0,0.9803069794381696,692.482429032783,-0.022611591589454,False,call,26.57,26.81,26.69,0.2399999999999984,0.0089921318846009,22.0,276.0,0.1869435554504394,0.17636648547269754,newton,0.6430673949366315,95.92245423713746
2026-02-25 10:43:14,690.6,2026-04-17,51,0.1402145484525621,679.0,0.9832030118737328,692.482429032783,-0.0196617369430328,False,call,25.15,25.38,25.265,0.2300000000000004,0.0091035028695824,35.0,194.0,0.1844258804321288,0.174258739100455,newton,0.6276144728753845,97.34343452245574
2026-02-25 10:43:14,690.6,2026-04-17,51,0.1402145484525621,681.0,0.9860990443092962,692.482429032783,-0.0167205583522166,False,call,23.69,23.91,23.8,0.2199999999999988,0.0092436974789915,48.0,787.0,0.1812520840454101,0.1714554016485157,newton,0.6119655658141425,98.61432628472147
2026-02-25 10:43:14,690.6,2026-04-17,51,0.1402145484525621,683.0,0.9889950767448596,692.482429032783,-0.0137880049309389,False,call,22.17,22.44,22.305,0.2699999999999996,0.0121049092131808,12.0,1019.0,0.1778036322021484,0.16806772539733256,newton,0.595905600685279,99.74498357382102
2026-02-25 10:43:14,690.6,2026-04-17,51,0.1402145484525621,685.0,0.9918911091804228,692.482429032783,-0.0108640262395037,False,call,20.82,20.95,20.885,0.129999999999999,0.0062245630835527,77.0,3342.0,0.1738974212646484,0.16513916007699017,newton,0.5789121133393139,100.75205177611556
2026-02-25 10:43:14,690.6,2026-04-17,51,0.1402145484525621,687.0,0.994787141615986,692.482429032783,-0.0079485722793797,False,call,19.4,19.58,19.49,0.1799999999999997,0.0092355053873781,17.0,1265.0,0.1708456939697266,0.16214662089227325,newton,0.5612202343358252,101.59573563290598
2026-02-25 10:43:14,690.6,2026-04-17,51,0.1402145484525621,688.0,0.9962351578337676,692.482429032783,-0.0064940265683853,False,call,18.71,18.9,18.805,0.1899999999999977,0.0101036958255781,24.0,2118.0,0.1692587957763672,0.16065178009997358,newton,0.5520979746635772,101.94970697021918
2026-02-25 10:43:14,690.6,2026-04-17,51,0.1402145484525621,689.0,0.9976831740515494,692.482429032783,-0.0050415934880704,False,call,18.11,18.26,18.185,0.1500000000000021,0.0082485565026121,12.0,1249.0,0.1679618116760254,0.15970888309312908,newton,0.5427157619294567,102.25651412608788
2026-02-25 10:43:14,690.6,2026-04-17,51,0.1402145484525621,690.0,0.999131190269331,692.482429032783,-0.0035912669104239,False,call,17.47,17.5,17.485,0.0300000000000011,0.0017157563625965,278.0,5154.0,0.1654441366577148,0.15789689873023072,newton,0.5332780633835579,102.50673850882158
2026-02-25 10:43:14,690.6,2026-04-17,51,0.1402145484525621,691.0,1.0005792064871126,692.482429032783,-0.0021430407340591,False,call,16.87,16.9,16.884999999999998,0.0299999999999975,0.0017767249037605,29.0,1054.0,0.1643607734680175,0.15697185018232587,newton,0.52360124391709,102.70263783232711
2026-02-25 10:43:14,690.6,2026-04-17,51,0.1402145484525621,692.0,1.0020272227048943,692.482429032783,-0.0006969088840594,False,call,16.19,16.22,16.205,0.0299999999999975,0.0018512804689909,39.0,916.0,0.1624381852722168,0.15517684999480555,newton,0.5137707968588611,102.83887216185839
2026-02-25 10:43:14,690.6,2026-04-17,51,0.1402145484525621,695.0,1.0063712713582391,692.482429032783,0.0036289810630631,True,call,14.43,14.45,14.44,0.0199999999999995,0.0013850415512465,74.0,6222.0,0.1586998193359375,0.1518989674556573,newton,0.4834488977269074,102.86120833752057
2026-02-25 10:43:14,690.6,2026-04-17,51,0.1402145484525621,696.0,1.0078192875760208,692.482429032783,0.0050667958326905,True,call,13.73,13.76,13.745,0.0299999999999993,0.0021826118588577,13.0,955.0,0.1562889547729492,0.14957179670042067,newton,0.4727050996518224,102.72495207454698
2026-02-25 10:43:14,690.6,2026-04-17,51,0.1402145484525621,700.0,1.0136113524471473,692.482429032783,0.0107974705416756,True,call,11.43,11.46,11.445,0.0300000000000011,0.0026212319790302,197.0,8068.0,0.1500786897277832,0.14387450854749376,newton,0.4289650471743377,101.38829270937912
2026-02-25 10:43:14,690.6,2026-04-17,51,0.1402145484525621,702.0,1.0165073848827106,692.482429032783,0.013650539524082,True,call,10.42,10.45,10.435,0.0299999999999993,0.0028749401054144,72.0,1078.0,0.1476983424377441,0.1417364199734502,newton,0.40672977281244926,100.22352654026177
2026-02-25 10:43:14,690.6,2026-04-17,51,0.1402145484525621,703.0,1.0179554011004923,692.482429032783,0.0150740273089357,True,call,9.86,9.88,9.87,0.0200000000000013,0.0020263424518745,87.0,1032.0,0.1456689437866211,0.13988999961485846,newton,0.3948248924799987,99.46382092076533
2026-02-25 10:43:14,690.6,2026-04-17,51,0.1402145484525621,704.0,1.019403417318274,692.482429032783,0.0164954916563133,True,call,9.36,9.38,9.37,0.0200000000000013,0.0021344717182498,79.0,551.0,0.1442346319580078,0.13857019768014855,newton,0.38321850895399534,98.63092838751648
2026-02-25 10:43:14,690.6,2026-04-17,51,0.1402145484525621,705.0,1.0208514335360557,692.482429032783,0.0179149383105395,True,call,8.87,8.9,8.885,0.0300000000000011,0.0033764772087789,64.0,2652.0,0.1428766133117676,0.1372765243112065,newton,0.37153786725698784,97.69998211671793
2026-02-25 10:43:14,690.6,2026-04-17,51,0.1402145484525621,707.0,1.0237474659716188,692.482429032783,0.0207478013948436,True,call,7.95,7.98,7.965,0.0300000000000002,0.0037664783427495,77.0,1463.0,0.1401910932922363,0.13481456412671486,newton,0.3480771563352445,95.54543473427726
2026-02-25 10:43:14,690.6,2026-04-17,51,0.1402145484525621,710.0,1.0280915146249638,692.482429032783,0.0249821055336321,True,call,6.68,6.7,6.6899999999999995,0.0200000000000004,0.0029895366218236,179.0,3895.0,0.1362085891723632,0.1312130345091207,newton,0.31264910422024184,91.55410464338017
2026-02-25 10:43:14,690.6,2026-04-17,51,0.1402145484525621,711.0,1.0295395308427453,692.482429032783,0.0263895653015118,True,call,6.28,6.3,6.29,0.0199999999999995,0.0031796502384737,17.0,1849.0,0.1348963464355469,0.12999935721263997,newton,0.3007839317470133,90.0133512497085
2026-02-25 10:43:14,690.6,2026-04-17,51,0.1402145484525621,714.0,1.0338835794960903,692.482429032783,0.0306000978378554,True,call,5.22,5.24,5.23,0.0200000000000004,0.0038240917782027,55.0,1301.0,0.1316462568664551,0.12706059061846753,newton,0.26648921348389276,84.96156532483502
2026-02-25 10:43:14,690.6,2026-04-17,51,0.1402145484525621,715.0,1.035331595713872,692.482429032783,0.0319996781922786,True,call,4.88,4.9,4.890000000000001,0.0200000000000004,0.0040899795501023,258.0,3730.0,0.1304255659484863,0.12593697861867048,newton,0.25494594999244824,83.05456991022155
2026-02-25 10:43:14,690.6,2026-04-17,51,0.1402145484525621,716.0,1.0367796119316537,692.482429032783,0.0333973024589164,True,call,4.54,4.56,4.55,0.0199999999999995,0.0043956043956043,36.0,705.0,0.1290370300292968,0.12465036641436732,newton,0.24318109812540614,80.9999307488585
2026-02-25 10:43:14,690.6,2026-04-17,51,0.1402145484525621,717.0,1.0382276281494351,692.482429032783,0.0347929760978913,True,call,4.25,4.27,4.26,0.0199999999999995,0.004694835680751,37.0,989.0,0.1281215118408203,0.12382106744135099,newton,0.23236643123546302,79.00993342671222
2026-02-25 10:43:14,690.6,2026-04-17,51,0.1402145484525621,718.0,1.0396756443672168,692.482429032783,0.036186704546495,True,call,3.97,3.99,3.98,0.02,0.0050251256281407,23.0,436.0,0.1271754763793945,0.1229662362091923,newton,0.22164694933618095,76.93921730211878
2026-02-25 10:43:14,690.6,2026-04-17,51,0.1402145484525621,719.0,1.0411236605849985,692.482429032783,0.0375784932193176,True,call,3.71,3.74,3.725,0.0300000000000002,0.0080536912751678,51.0,1456.0,0.1264735791015624,0.12228548944831115,newton,0.2114309673757221,74.87232970668292
2026-02-25 10:43:14,690.6,2026-04-17,51,0.1402145484525621,720.0,1.0425716768027802,692.482429032783,0.0389683475083719,True,call,3.43,3.45,3.4400000000000004,0.02,0.005813953488372,225.0,8373.0,0.125085043182373,0.12103874323000395,newton,0.20024760283497076,72.50214179001442
2026-02-25 10:43:14,690.6,2026-04-17,51,0.1402145484525621,721.0,1.044019693020562,692.482429032783,0.0403562727832201,True,call,3.2,3.21,3.205,0.0099999999999997,0.0031201248049921,17.0,1886.0,0.1242153009033203,0.12031122384006646,newton,0.19029524036960957,70.29540485351863
2026-02-25 10:43:14,690.6,2026-04-17,51,0.1402145484525621,722.0,1.0454677092383435,692.482429032783,0.0417422743910971,True,call,2.96,2.98,2.97,0.02,0.0067340067340067,25.0,1134.0,0.1232997827148437,0.11942175892798067,newton,0.18020888047065728,67.96225239638498
2026-02-25 10:43:14,690.6,2026-04-17,51,0.1402145484525621,723.0,1.046915725456125,692.482429032783,0.0431263576570357,True,call,2.77,2.79,2.78,0.02,0.0071942446043165,37.0,959.0,0.1228420236206054,0.11904074616227889,newton,0.17140801458744406,65.84433048978505
2026-02-25 10:43:14,690.6,2026-04-17,51,0.1402145484525621,724.0,1.048363741673907,692.482429032783,0.0445085278839873,True,call,2.55,2.57,2.5599999999999996,0.02,0.0078125,97.0,468.0,0.1217739190673828,0.11804449590957357,newton,0.161535641747062,63.37427133700409
2026-02-25 10:43:14,690.6,2026-04-17,51,0.1402145484525621,725.0,1.0498117578916883,692.482429032783,0.0458887903529458,True,call,2.35,2.38,2.365,0.0299999999999998,0.0126849894291753,117.0,5578.0,0.1210109872436523,0.11726607699524341,newton,0.15236017080757955,60.985915469608685
2026-02-25 10:43:14,690.6,2026-04-17,51,0.1402145484525621,727.0,1.0527077903272517,692.482429032783,0.0486436130317904,True,call,2.02,2.04,2.03,0.02,0.0098522167487684,31.0,534.0,0.1196682272338867,0.11613363241774405,newton,0.13566745939431665,56.39996148118918
2026-02-25 10:43:14,690.6,2026-04-17,51,0.1402145484525621,729.0,1.0556038227628148,692.482429032783,0.051390867506929,True,call,1.72,1.74,1.73,0.02,0.0115606936416185,45.0,629.0,0.1183865017700195,0.11498485785256443,newton,0.1199824863875479,51.78818511974539
2026-02-25 10:43:14,690.6,2026-04-17,51,0.1402145484525621,730.0,1.0570518389805963,692.482429032783,0.0527616696407078,True,call,1.61,1.62,1.6150000000000002,0.01,0.0061919504643962,143.0,7852.0,0.1181118463134765,0.11485675214760996,newton,0.11347485329435014,49.78258007069857
2026-02-25 10:43:14,690.6,2026-04-17,51,0.1402145484525621,731.0,1.0584998551983782,692.482429032783,0.0541305952480494,True,call,1.46,1.48,1.47,0.02,0.0136054421768707,16.0,505.0,0.1172573626708984,0.11396516106956138,newton,0.10564304640308425,47.2927885086171
2026-02-25 10:43:14,690.6,2026-04-17,51,0.1402145484525621,733.0,1.0613958876339415,692.482429032783,0.0568628373849224,True,call,1.25,1.26,1.255,0.01,0.0079681274900398,280.0,902.0,0.1163418444824218,0.11328143522236025,newton,0.09306171230325734,43.10830297427093
2026-02-25 10:43:14,690.6,2026-04-17,51,0.1402145484525621,735.0,1.064291920069505,692.482429032783,0.0595876347111076,True,call,1.06,1.07,1.065,0.01,0.0093896713615023,334.0,3309.0,0.1155483953857422,0.1125841653343313,newton,0.0814916992302137,39.04241264205098
2026-02-25 10:43:14,690.6,2026-04-17,51,0.1402145484525621,736.0,1.0657399362872864,692.482429032783,0.0609472542271472,True,call,0.98,1.0,0.99,0.02,0.0202020202020202,42.0,650.0,0.1156094299316406,0.11253256261508217,newton,0.07664724315508184,37.27282330630448
2026-02-25 10:43:14,690.6,2026-04-17,51,0.1402145484525621,740.0,1.0715320011584129,692.482429032783,0.0663673216964865,True,call,0.71,0.73,0.72,0.02,0.0277777777777778,107.0,3634.0,0.1148159808349609,0.1118908749173991,newton,0.05871974676378065,30.33785870161985
2026-02-25 10:43:14,690.6,2026-04-17,51,0.1402145484525621,745.0,1.0787720822473212,692.482429032783,0.0731013538778305,True,call,0.48,0.5,0.49,0.02,0.0408163265306122,82.0,1259.0,0.1146328771972656,0.11186841514132947,newton,0.04212633466252693,23.281117226041474
2026-02-25 10:43:14,690.6,2026-04-17,51,0.1402145484525621,746.0,1.0802200984651027,692.482429032783,0.0744427357020317,True,call,0.46,0.47,0.4649999999999999,0.0099999999999999,0.0215053763440859,12.0,631.0,0.1149990844726562,0.11241764640471004,newton,0.04008146775816819,22.360784239763586
2026-02-25 10:43:14,690.6,2026-04-17,51,0.1402145484525621,747.0,1.0816681146828844,692.482429032783,0.0757823206310883,True,call,0.42,0.44,0.43,0.02,0.0465116279069767,64.0,592.0,0.11524322265625,0.11243338065757474,newton,0.037433368637504655,21.15018549111626
2026-02-25 10:43:14,690.6,2026-04-17,51,0.1402145484525621,755.0,1.0932522444251376,692.482429032783,0.0864348847472955,True,call,0.24,0.25,0.245,0.01,0.0408163265306122,11.0,1725.0,0.1164639135742187,0.11408174583429108,newton,0.02252751497168386,13.873383775612034
2026-02-25 10:43:14,690.6,2026-04-17,51,0.1402145484525621,350.0,0.5068056762235736,692.482429032783,-0.6823497100182697,True,put,0.1,0.11,0.105,0.0099999999999999,0.0952380952380951,15.0,16470.0,0.6523472265625001,0.6604512261113247,newton,-0.001961062833167665,1.6141838582850814
2026-02-25 10:43:14,690.6,2026-04-17,51,0.1402145484525621,355.0,0.5140457573124819,692.482429032783,-0.6681650750263132,True,put,0.1,0.11,0.105,0.0099999999999999,0.0952380952380951,10.0,176.0,0.639652041015625,0.6475925413116533,newton,-0.0019994811050863823,1.642871210347931
2026-02-25 10:43:14,690.6,2026-04-17,51,0.1402145484525621,360.0,0.5212858384013901,692.482429032783,-0.6541788330515734,True,put,0.11,0.12,0.1149999999999999,0.0099999999999999,0.0869565217391304,84.0,409.0,0.632816171875,0.6406870394235386,newton,-0.0021972276330743225,1.7895970507996475
2026-02-25 10:43:14,690.6,2026-04-17,51,0.1402145484525621,365.0,0.5285259194902983,692.482429032783,-0.6403855109192375,True,put,0.11,0.12,0.1149999999999999,0.0099999999999999,0.0869565217391304,10.0,235.0,0.6201209863281252,0.6280704455163151,newton,-0.0022406495536673805,1.8216145588544796
2026-02-25 10:43:14,690.6,2026-04-17,51,0.1402145484525621,390.0,0.5647263249348392,692.482429032783,-0.5741361253780369,True,put,0.16,0.17,0.165,0.01,0.0606060606060606,15.0,363.0,0.5820354296875,0.5892234465891589,newton,-0.0033220384369685874,2.59910479240573
2026-02-25 10:43:14,690.6,2026-04-17,51,0.1402145484525621,410.0,0.593686649290472,692.482429032783,-0.5241257048033756,True,put,0.21,0.22,0.215,0.01,0.0465116279069767,57.0,938.0,0.5507857421875001,0.5579162850770988,newton,-0.004461330275691304,3.3851323715100423
2026-02-25 10:43:14,690.6,2026-04-17,51,0.1402145484525621,425.0,0.6154068925571966,692.482429032783,-0.4881936955773122,True,put,0.25,0.26,0.255,0.01,0.0392156862745098,18.0,1148.0,0.526371923828125,0.5332958500538945,newton,-0.005443271416359183,4.04151557333815
2026-02-25 10:43:14,690.6,2026-04-17,51,0.1402145484525621,435.0,0.629887054735013,692.482429032783,-0.4649368334130448,True,put,0.28,0.29,0.285,0.0099999999999999,0.0350877192982454,16.0,236.0,0.5100146655273439,0.5169822137286968,newton,-0.006204442672295454,4.539110199843206
2026-02-25 10:43:14,690.6,2026-04-17,51,0.1402145484525621,450.0,0.6516072980017376,692.482429032783,-0.4310352817373636,True,put,0.34,0.35,0.345,0.0099999999999999,0.0289855072463766,204.0,5490.0,0.4882863671875,0.4943585924391148,newton,-0.0076990012030555615,5.491899855611591
2026-02-25 10:43:14,690.6,2026-04-17,51,0.1402145484525621,480.0,0.6950477845351868,692.482429032783,-0.3664967605997924,True,put,0.48,0.49,0.485,0.01,0.0206185567010309,161.0,1881.0,0.4414118359375,0.4473952997769371,newton,-0.01150209285891231,7.801336920949836
2026-02-25 10:43:14,690.6,2026-04-17,51,0.1402145484525621,485.0,0.702287865624095,692.482429032783,-0.3561339735642457,True,put,0.51,0.52,0.515,0.01,0.0194174757281553,206.0,4170.0,0.4338435522460938,0.43985235999217254,newton,-0.012333791036606081,8.288275895551918
2026-02-25 10:43:14,690.6,2026-04-17,51,0.1402145484525621,490.0,0.7095279467130031,692.482429032783,-0.3458774733970567,True,put,0.55,0.56,0.555,0.01,0.018018018018018,386.0,1051.0,0.4272518212890626,0.43324508123818856,newton,-0.013376346060962599,8.890773299337676
2026-02-25 10:43:14,690.6,2026-04-17,51,0.1402145484525621,495.0,0.7167680278019114,692.482429032783,-0.3357251019330387,True,put,0.58,0.59,0.585,0.01,0.0170940170940171,10.0,1351.0,0.4191952612304687,0.4252695228617081,newton,-0.014267120040922924,9.399017650627407
2026-02-25 10:43:14,690.6,2026-04-17,51,0.1402145484525621,500.0,0.7240081088908196,692.482429032783,-0.3256747660795372,True,put,0.62,0.63,0.625,0.01,0.016,17.0,6366.0,0.41211525390625,0.4181440606251693,newton,-0.015375252036342175,10.023385229192547
2026-02-25 10:43:14,690.6,2026-04-17,51,0.1402145484525621,505.0,0.7312481899797277,692.482429032783,-0.3157244352263692,True,put,0.66,0.67,0.665,0.01,0.0150375939849624,60.0,1167.0,0.4047911083984374,0.41076884485757265,newton,-0.016520658309837646,10.66009690192548
2026-02-25 10:43:14,690.6,2026-04-17,51,0.1402145484525621,515.0,0.7457283521575442,692.482429032783,-0.2961159638379929,True,put,0.74,0.75,0.745,0.01,0.0134228187919463,682.0,2950.0,0.3894104028320312,0.3953701922725331,newton,-0.018936026271570212,11.976174562129597
2026-02-25 10:43:14,690.6,2026-04-17,51,0.1402145484525621,520.0,0.7529684332464524,692.482429032783,-0.286454052926256,True,put,0.78,0.79,0.785,0.01,0.0127388535031847,54.0,5266.0,0.3813538427734374,0.3873874925082381,newton,-0.020212898968077642,12.658429709528814
2026-02-25 10:43:14,690.6,2026-04-17,51,0.1402145484525621,525.0,0.7602085143353605,692.482429032783,-0.2768846019101052,True,put,0.82,0.84,0.83,0.02,0.0240963855421686,41.0,5388.0,0.3740296972656249,0.37961150122342424,newton,-0.02163638668858896,13.408829766732305
2026-02-25 10:43:14,690.6,2026-04-17,51,0.1402145484525621,530.0,0.7674485954242687,692.482429032783,-0.2674058579555615,True,put,0.88,0.89,0.885,0.01,0.0112994350282485,400.0,992.0,0.3663393444824219,0.37234554080725,newton,-0.023308756859194778,14.277481947383338
2026-02-25 10:43:14,690.6,2026-04-17,51,0.1402145484525621,535.0,0.774688676513177,692.482429032783,-0.2580161176057224,True,put,0.94,0.96,0.95,0.02,0.0210526315789473,61.0,791.0,0.3598696826171874,0.36548165997440685,newton,-0.0252379073109387,15.263186949682506
2026-02-25 10:43:14,690.6,2026-04-17,51,0.1402145484525621,540.0,0.7819287576020851,692.482429032783,-0.248713724943409,True,put,1.0,1.01,1.005,0.01,0.0099502487562189,207.0,5140.0,0.3516910534667968,0.3576914748608598,newton,-0.02704698233954009,16.17261277477738
2026-02-25 10:43:14,690.6,2026-04-17,51,0.1402145484525621,545.0,0.7891688386909933,692.482429032783,-0.2394970698384849,True,put,1.06,1.08,1.07,0.02,0.0186915887850467,52.0,2582.0,0.3446110461425781,0.3502748534710187,newton,-0.02912774064010608,17.201824918875644
2026-02-25 10:43:14,690.6,2026-04-17,51,0.1402145484525621,560.0,0.8108890819577179,692.482429032783,-0.212346080772534,True,put,1.31,1.32,1.315,0.01,0.0076045627376425,231.0,7008.0,0.3230048168945311,0.3289746356808035,newton,-0.036912537196648346,20.909499152504655
2026-02-25 10:43:14,690.6,2026-04-17,51,0.1402145484525621,565.0,0.8181291630466261,692.482429032783,-0.203457133355288,True,put,1.39,1.4,1.395,0.01,0.007168458781362,118.0,5379.0,0.3151923950195311,0.32118965429448665,newton,-0.03970301877719819,22.189092065441212
2026-02-25 10:43:14,690.6,2026-04-17,51,0.1402145484525621,575.0,0.8326093252244425,692.482429032783,-0.1859128237043785,True,put,1.62,1.63,1.625,0.0099999999999997,0.006153846153846,355.0,6889.0,0.3016427258300781,0.30765007303846753,newton,-0.0470808540715788,25.461789791865716
2026-02-25 10:43:14,690.6,2026-04-17,51,0.1402145484525621,590.0,0.854329568491167,692.482429032783,-0.1601603276019638,True,put,2.05,2.07,2.0599999999999996,0.02,0.0097087378640776,10.0,15335.0,0.2815013256835937,0.2874615890754428,newton,-0.0612587683229203,31.359882932497683
2026-02-25 10:43:14,690.6,2026-04-17,51,0.1402145484525621,595.0,0.8615696495800753,692.482429032783,-0.1517214589560993,True,put,2.23,2.25,2.24,0.02,0.0089285714285714,17.0,5181.0,0.2749095947265625,0.28091007633455517,newton,-0.06711949337400587,33.66690955316374
2026-02-25 10:43:14,690.6,2026-04-17,51,0.1402145484525621,600.0,0.8688097306689835,692.482429032783,-0.1433532092855826,True,put,2.43,2.44,2.435,0.0099999999999997,0.004106776180698,890.0,22738.0,0.2680737255859374,0.27426484721277183,newton,-0.07354744245411922,36.118432703157815
2026-02-25 10:43:14,690.6,2026-04-17,51,0.1402145484525621,605.0,0.8760498117578916,692.482429032783,-0.1350544064708876,True,put,2.65,2.66,2.655,0.0100000000000002,0.0037664783427496,14.0,9874.0,0.2615430291748046,0.2677435323384357,newton,-0.08076678063644542,38.78023034795099
2026-02-25 10:43:14,690.6,2026-04-17,51,0.1402145484525621,610.0,0.8832898928467998,692.482429032783,-0.1268239073343721,True,put,2.89,2.91,2.9000000000000004,0.02,0.0068965517241379,111.0,6877.0,0.2551038845825196,0.2612583608259823,newton,-0.08881464774753858,41.641156204728674
2026-02-25 10:43:14,690.6,2026-04-17,51,0.1402145484525621,615.0,0.8905299739357081,692.482429032783,-0.1186605966952111,True,put,3.19,3.2,3.1950000000000003,0.0100000000000002,0.0031298904538341,36.0,12855.0,0.2489393954467773,0.25529175836728996,newton,-0.09818702657754057,44.841454577635545
2026-02-25 10:43:14,690.6,2026-04-17,51,0.1402145484525621,620.0,0.8977700550246163,692.482429032783,-0.1105633864625918,True,put,3.49,3.5,3.495,0.0099999999999997,0.0028612303290414,108.0,10380.0,0.2423171472167968,0.2487271842475672,newton,-0.10811401018970457,48.087530223493395
2026-02-25 10:43:14,690.6,2026-04-17,51,0.1402145484525621,625.0,0.9050101361135244,692.482429032783,-0.1025312147653275,True,put,3.84,3.86,3.85,0.02,0.0051948051948052,127.0,16376.0,0.2361526580810546,0.2425694030978994,newton,-0.11954602549038053,51.65541520749319
2026-02-25 10:43:14,690.6,2026-04-17,51,0.1402145484525621,630.0,0.9122502172024326,692.482429032783,-0.0945630451161506,True,put,4.23,4.24,4.235,0.0099999999999997,0.0023612750885477,132.0,15820.0,0.2295914443969726,0.23619971429288725,newton,-0.13210203557091288,55.378280095240534
2026-02-25 10:43:14,690.6,2026-04-17,51,0.1402145484525621,635.0,0.9194902982913408,692.482429032783,-0.0866578656090373,True,put,4.63,4.65,4.640000000000001,0.0200000000000004,0.0043103448275863,57.0,9365.0,0.2227555752563476,0.22939515948658926,newton,-0.14570826531070438,59.19659570019228
2026-02-25 10:43:14,690.6,2026-04-17,51,0.1402145484525621,640.0,0.926730379380249,692.482429032783,-0.0788146881480114,True,put,5.14,5.15,5.145,0.0100000000000006,0.0019436345966959,511.0,19587.0,0.2165605688476562,0.2234013874521184,newton,-0.16174250842480223,63.42707593598105
2026-02-25 10:43:14,690.6,2026-04-17,51,0.1402145484525621,645.0,0.9339704604691572,692.482429032783,-0.0710325477059565,True,put,5.68,5.71,5.695,0.0300000000000002,0.0052677787532924,166.0,9772.0,0.2102740106201172,0.21714440090030024,newton,-0.17938385152845324,67.76700207139537
2026-02-25 10:43:14,690.6,2026-04-17,51,0.1402145484525621,650.0,0.9412105415580654,692.482429032783,-0.0633105016120462,True,put,6.25,6.27,6.26,0.0199999999999995,0.0031948881789136,1026.0,23201.0,0.2030414169311523,0.21013576066914763,newton,-0.19834732308167388,72.08797408399779
2026-02-25 10:43:14,690.6,2026-04-17,51,0.1402145484525621,651.0,0.9426585577758472,692.482429032783,-0.0617732222931597,True,put,6.42,6.45,6.4350000000000005,0.0300000000000002,0.0046620046620047,91.0,788.0,0.2023700369262694,0.20946841852587467,newton,-0.20315263108166381,73.12882879323801
2026-02-25 10:43:14,690.6,2026-04-17,51,0.1402145484525621,652.0,0.9441065739936289,692.482429032783,-0.060238302575076,True,put,6.55,6.58,6.5649999999999995,0.0300000000000002,0.0045696877380046,48.0,553.0,0.2009967596435546,0.20813450712009693,newton,-0.2073796935303408,74.02686945477808
2026-02-25 10:43:14,690.6,2026-04-17,51,0.1402145484525621,655.0,0.9484506226469736,692.482429032783,-0.055647628866477,True,put,6.95,6.98,6.965,0.0300000000000002,0.0043072505384063,83.0,6375.0,0.1967548587036132,0.20400896042579497,newton,-0.220529511659283,76.7176251405716
2026-02-25 10:43:14,690.6,2026-04-17,51,0.1402145484525621,657.0,0.9513466550825368,692.482429032783,-0.0525988460171184,True,put,7.25,7.28,7.265000000000001,0.0300000000000002,0.0041293874741913,14.0,618.0,0.1941303732299805,0.20146884124603104,newton,-0.2300229632545554,78.5656795212326
2026-02-25 10:43:14,690.6,2026-04-17,51,0.1402145484525621,658.0,0.9527946713003186,692.482429032783,-0.0510779331764118,True,put,7.37,7.4,7.385,0.0300000000000002,0.004062288422478,83.0,788.0,0.1923603713989258,0.19975028981673446,newton,-0.23448775094803057,79.40804367384534
2026-02-25 10:43:14,690.6,2026-04-17,51,0.1402145484525621,659.0,0.9542426875181002,692.482429032783,-0.0495593299992218,True,put,7.57,7.6,7.585,0.0299999999999993,0.0039551746868819,50.0,670.0,0.1915364050292969,0.1989889119294024,newton,-0.24000781827611417,80.42618922175417
2026-02-25 10:43:14,690.6,2026-04-17,51,0.1402145484525621,660.0,0.9556907037358818,692.482429032783,-0.0480430294812578,True,put,7.71,7.74,7.725,0.0300000000000002,0.0038834951456311,99.0,9260.0,0.1899495068359375,0.1974288317968063,newton,-0.24485614697576827,81.29941175821628
2026-02-25 10:43:14,690.6,2026-04-17,51,0.1402145484525621,662.0,0.9585867361714452,692.482429032783,-0.0450173085647208,True,put,8.07,8.1,8.085,0.0299999999999993,0.0037105751391464,17.0,816.0,0.1875386422729492,0.1951400807694102,newton,-0.2557084176203944,83.1838328210691
2026-02-25 10:43:14,690.6,2026-04-17,51,0.1402145484525621,665.0,0.96293078482479,692.482429032783,-0.0404958238458748,True,put,8.61,8.64,8.625,0.0300000000000011,0.0034782608695653,132.0,17343.0,0.1835103622436523,0.1913037206688144,newton,-0.27249714524150936,85.91222505333033
2026-02-25 10:43:14,690.6,2026-04-17,51,0.1402145484525621,670.0,0.9701708659136982,692.482429032783,-0.0330051521167172,True,put,9.54,9.57,9.555,0.0300000000000011,0.0031397174254318,399.0,11520.0,0.176064147644043,0.18417970300105918,newton,-0.302427389414303,90.23299573307294
2026-02-25 10:43:14,690.6,2026-04-17,51,0.1402145484525621,675.0,0.9774109470026064,692.482429032783,-0.0255701736291992,True,put,10.65,10.69,10.67,0.0399999999999991,0.0037488284910964,355.0,10640.0,0.1691977612304687,0.17764824738109805,newton,-0.33639769873477493,94.3289727074032
2026-02-25 10:43:14,690.6,2026-04-17,51,0.1402145484525621,677.0,0.9803069794381696,692.482429032783,-0.022611591589454,True,put,11.09,11.13,11.11,0.0400000000000009,0.0036003600360036,21.0,633.0,0.1659018957519531,0.1745355060138881,newton,-0.35069642866330797,95.80502153598286
2026-02-25 10:43:14,690.6,2026-04-17,51,0.1402145484525621,678.0,0.9817549956559514,692.482429032783,-0.0211355765613334,True,put,11.37,11.4,11.385,0.0300000000000011,0.002635046113307,48.0,703.0,0.1646659461975098,0.1734543881762804,newton,-0.3584005474919953,96.54068836449855
2026-02-25 10:43:14,690.6,2026-04-17,51,0.1402145484525621,679.0,0.9832030118737328,692.482429032783,-0.0196617369430328,True,put,11.59,11.63,11.61,0.0400000000000009,0.0034453057708872,70.0,1206.0,0.1629569789123535,0.17178697134269694,newton,-0.3658975882895265,97.21689097931075
2026-02-25 10:43:14,690.6,2026-04-17,51,0.1402145484525621,680.0,0.9846510280915146,692.482429032783,-0.0181900663315766,True,put,11.93,11.95,11.94,0.0199999999999995,0.0016750418760468,602.0,10939.0,0.1620719779968261,0.17112685542943015,newton,-0.3741422687309032,97.91565444794514
2026-02-25 10:43:14,690.6,2026-04-17,51,0.1402145484525621,681.0,0.9860990443092962,692.482429032783,-0.0167205583522166,True,put,12.18,12.21,12.195,0.0300000000000011,0.002460024600246,14.0,1099.0,0.160515597076416,0.16962554508271108,newton,-0.3820615873022552,98.5428858067823
2026-02-25 10:43:14,690.6,2026-04-17,51,0.1402145484525621,682.0,0.987547060527078,692.482429032783,-0.0152532066582668,True,put,12.47,12.5,12.485,0.0299999999999993,0.0024028834601521,81.0,2104.0,0.159188095703125,0.1684065905683339,newton,-0.3902927240234704,99.14946329569186
2026-02-25 10:43:14,690.6,2026-04-17,51,0.1402145484525621,683.0,0.9889950767448596,692.482429032783,-0.0137880049309389,True,put,12.7,12.74,12.72,0.0400000000000009,0.0031446540880503,15.0,1487.0,0.1572655075073242,0.16656041117271259,newton,-0.3984054171719954,99.70235085982944
2026-02-25 10:43:14,690.6,2026-04-17,51,0.1402145484525621,685.0,0.9918911091804228,692.482429032783,-0.0108640262395037,True,put,13.35,13.37,13.36,0.0199999999999995,0.0014970059880239,511.0,8192.0,0.1547020565795898,0.1643426417515258,newton,-0.41577998995510523,100.73740715751525
2026-02-25 10:43:14,690.6,2026-04-17,51,0.1402145484525621,686.0,0.9933391253982043,692.482429032783,-0.0094052367758438,True,put,13.66,13.7,13.68,0.0399999999999991,0.002923976608187,44.0,920.0,0.1534203311157226,0.16311249684807375,newton,-0.42465123911446473,101.1880638771019
2026-02-25 10:43:14,690.6,2026-04-17,51,0.1402145484525621,687.0,0.994787141615986,692.482429032783,-0.0079485722793797,True,put,13.98,14.02,14.0,0.0399999999999991,0.0028571428571427,62.0,1550.0,0.1519555020141602,0.16180038945670638,newton,-0.43366040053090776,101.59220552153492
2026-02-25 10:43:14,690.6,2026-04-17,51,0.1402145484525621,688.0,0.9962351578337676,692.482429032783,-0.0064940265683853,True,put,14.32,14.37,14.345,0.0499999999999989,0.0034855350296269,32.0,2279.0,0.1507042938232422,0.16065040666210895,newton,-0.4428667581816258,101.94969760142138
2026-02-25 10:43:14,690.6,2026-04-17,51,0.1402145484525621,690.0,0.999131190269331,692.482429032783,-0.0035912669104239,True,put,14.98,15.02,15.0,0.0399999999999991,0.0026666666666666,334.0,8682.0,0.1474389456176758,0.15774988370676313,newton,-0.46167543460357363,102.5064692644692
2026-02-25 10:43:14,690.6,2026-04-17,51,0.1402145484525621,691.0,1.0005792064871126,692.482429032783,-0.0021430407340591,True,put,15.38,15.41,15.395,0.0299999999999993,0.0019486846378693,176.0,634.0,0.1462792892456054,0.1568254565843878,newton,-0.4713611264400063,102.70259302178745
2026-02-25 10:43:14,690.6,2026-04-17,51,0.1402145484525621,692.0,1.0020272227048943,692.482429032783,-0.0006969088840594,True,put,15.7,15.75,15.725,0.0500000000000007,0.0031796502384738,67.0,857.0,0.1445398046875,0.15517684999480613,newton,-0.4811941977457769,102.83887216185839
2026-02-25 10:43:14,690.6,2026-04-17,51,0.1402145484525621,695.0,1.0063712713582391,692.482429032783,0.0036289810630631,False,put,16.8,16.85,16.825000000000003,0.0500000000000007,0.0029717682020802,170.0,4620.0,0.1394891960144043,0.15073335311311306,newton,-0.5117983788536596,102.8585939013494
2026-02-25 10:43:14,690.6,2026-04-17,51,0.1402145484525621,699.0,1.0121633362293658,692.482429032783,0.0093678777320813,False,put,18.39,18.69,18.54,0.3000000000000007,0.0161812297734628,20.0,322.0,0.13477427734375,0.14580985353243872,newton,-0.5545528549783482,101.85985516505689
2026-02-25 10:43:14,690.6,2026-04-17,51,0.1402145484525621,700.0,1.0136113524471473,692.482429032783,0.0107974705416756,False,put,19.05,19.2,19.125,0.1499999999999985,0.0078431372549018,79.0,4358.0,0.133797724609375,0.1458493577059444,newton,-0.5647939619452876,101.44206116996092
2026-02-25 10:43:14,690.6,2026-04-17,51,0.1402145484525621,709.0,1.0266434984071822,692.482429032783,0.0235726620303984,False,put,23.78,24.09,23.935,0.3099999999999987,0.0129517443074994,55.0,107.0,0.1220180572509765,0.13668504893870498,newton,-0.6648449623024281,93.63503199224793
2026-02-25 10:43:14,690.6,2026-04-17,51,0.1402145484525621,710.0,1.0280915146249638,692.482429032783,0.0249821055336321,False,put,24.46,24.7,24.58,0.2399999999999984,0.0097640358014645,24.0,403.0,0.1206752972412109,0.13622045812826614,newton,-0.6753529696137558,92.41002324778805
2026-02-25 10:43:14,690.6,2026-04-30,64,0.1758309868087265,675.0,0.9774109470026064,693.3596495134012,-0.0268361484633563,False,call,30.79,31.04,30.915,0.25,0.0080866893093967,24.0,951.0,0.1943134768676758,0.18043936298087407,newton,0.6485428093024908,106.71166136445335
2026-02-25 10:43:14,690.6,2026-04-30,64,0.1758309868087265,680.0,0.9846510280915146,693.3596495134012,-0.0194560411657337,False,call,27.02,27.19,27.105,0.1700000000000017,0.0062719055524811,96.0,1633.0,0.1857838990783691,0.1731706364219595,newton,0.6156198265122824,110.04420547259649
2026-02-25 10:43:14,690.6,2026-04-30,64,0.1758309868087265,681.0,0.9860990443092962,693.3596495134012,-0.0179865331863738,False,call,26.24,26.55,26.395,0.3100000000000023,0.0117446486076909,22.0,821.0,0.1850667431640624,0.17203168962717444,newton,0.6084704151626058,110.65702061813553
2026-02-25 10:43:14,690.6,2026-04-30,64,0.1758309868087265,683.0,0.9889950767448596,693.3596495134012,-0.015053979765096,False,call,24.82,25.13,24.975,0.3099999999999987,0.0124124124124123,19.0,511.0,0.1822591540527343,0.16957871862425897,newton,0.5938752405232677,111.78704851482289
2026-02-25 10:43:14,690.6,2026-04-30,64,0.1758309868087265,684.0,0.9904430929626412,693.3596495134012,-0.0135909217133357,False,call,24.13,24.39,24.26,0.2600000000000015,0.010717230008244,15.0,422.0,0.1805044108581542,0.16821913671792468,newton,0.5864313519458203,112.30126091362705
2026-02-25 10:43:14,690.6,2026-04-30,64,0.1758309868087265,685.0,0.9918911091804228,693.3596495134012,-0.0121300010736608,False,call,23.6,23.78,23.69,0.1799999999999997,0.0075981426762346,32.0,3513.0,0.1798177722167968,0.16808552960220255,newton,0.5784553287913118,112.80594773166365
2026-02-25 10:43:14,690.6,2026-04-30,64,0.1758309868087265,690.0,0.999131190269331,693.3596495134012,-0.004857241744581,False,call,20.19,20.21,20.200000000000003,0.0199999999999995,0.0009900990099009,65.0,1283.0,0.1709982803344726,0.1607819386962202,newton,0.5386908898049216,114.61427061524235
2026-02-25 10:43:14,690.6,2026-04-30,64,0.1758309868087265,695.0,1.0063712713582391,693.3596495134012,0.0023630062289058,True,call,17.06,17.09,17.075,0.0300000000000011,0.0017569546120059,11.0,2197.0,0.1644065493774414,0.15495980992900907,newton,0.49530803072699847,115.25612785427809
2026-02-25 10:43:14,690.6,2026-04-30,64,0.1758309868087265,696.0,1.0078192875760208,693.3596495134012,0.0038008209985334,True,call,16.41,16.45,16.43,0.0399999999999991,0.0024345709068776,15.0,461.0,0.1627433580017089,0.1533992401524543,newton,0.4861717373499062,115.21521698580788
2026-02-25 10:43:14,690.6,2026-04-30,64,0.1758309868087265,698.0,1.0107153200115842,693.3596495134012,0.0066702634264863,True,call,15.25,15.28,15.265,0.0299999999999993,0.0019652800524074,10.0,771.0,0.1601188725280761,0.1511274601851458,newton,0.4677056753731591,114.94548479276159
2026-02-25 10:43:14,690.6,2026-04-30,64,0.1758309868087265,700.0,1.0136113524471473,693.3596495134012,0.0095314957075184,True,call,14.11,14.14,14.125,0.0300000000000011,0.0021238938053098,49.0,2393.0,0.1574486111450195,0.14874825429527044,newton,0.44874778871885723,114.40763769216308
2026-02-25 10:43:14,690.6,2026-04-30,64,0.1758309868087265,701.0,1.015059368664929,693.3596495134012,0.0109590476987039,True,call,13.55,13.58,13.565,0.0299999999999993,0.0022115739034278,42.0,393.0,0.1560753338623047,0.14751942313984268,newton,0.43907974578760406,114.03119080303496
2026-02-25 10:43:14,690.6,2026-04-30,64,0.1758309868087265,703.0,1.0179554011004923,693.3596495134012,0.0138080524747786,True,call,12.42,12.45,12.435,0.0299999999999993,0.0024125452352231,25.0,144.0,0.1529625720214844,0.1447081793852847,newton,0.4191667319748017,113.03718995865557
2026-02-25 10:43:14,690.6,2026-04-30,64,0.1758309868087265,706.0,1.0222994497538371,693.3596495134012,0.0180663981573559,True,call,10.86,10.89,10.875,0.0300000000000011,0.0027586206896552,61.0,238.0,0.1488274815368652,0.14099066239844893,newton,0.3887952786336682,110.94884574611743
2026-02-25 10:43:14,690.6,2026-04-30,64,0.1758309868087265,707.0,1.0237474659716188,693.3596495134012,0.0194818265606866,True,call,10.4,10.44,10.42,0.0399999999999991,0.0038387715930901,96.0,290.0,0.147896704711914,0.140145959322979,newton,0.37887047404365715,110.11474439514731
2026-02-25 10:43:14,690.6,2026-04-30,64,0.1758309868087265,710.0,1.0280915146249638,693.3596495134012,0.0237161306994749,True,call,9.0,9.03,9.015,0.0299999999999993,0.0033277870216305,44.0,7189.0,0.1439599765014648,0.13665533480194098,newton,0.34782702192127984,107.01463386719118
2026-02-25 10:43:14,690.6,2026-04-30,64,0.1758309868087265,712.0,1.030987547060527,693.3596495134012,0.0265290720760896,True,call,8.2,8.23,8.215,0.0300000000000011,0.0036518563603166,20.0,268.0,0.1421441987609863,0.1350938973583506,newton,0.3278894742025293,104.62348320781547
2026-02-25 10:43:14,690.6,2026-04-30,64,0.1758309868087265,720.0,1.0425716768027802,693.3596495134012,0.0377023726742148,True,call,5.25,5.28,5.265000000000001,0.0300000000000002,0.0056980056980057,19.0,2508.0,0.1330653100585937,0.12695251372032923,newton,0.24617586989108828,91.3647990622145
2026-02-25 10:43:14,690.6,2026-04-30,64,0.1758309868087265,723.0,1.046915725456125,693.3596495134012,0.0418603828228784,True,call,4.42,4.45,4.4350000000000005,0.0300000000000002,0.0067643742953777,90.0,18744.0,0.1307154800415039,0.12490979434538821,newton,0.21836929104800953,85.48886522767853
2026-02-25 10:43:14,690.6,2026-04-30,64,0.1758309868087265,725.0,1.0498117578916883,693.3596495134012,0.0446228155187886,True,call,3.89,3.92,3.905,0.0299999999999998,0.0076824583866836,29.0,4728.0,0.1288386677551269,0.12321645169952644,newton,0.19979667424837633,81.14126413353293
2026-02-25 10:43:14,690.6,2026-04-30,64,0.1758309868087265,727.0,1.0527077903272517,693.3596495134012,0.0473776381976331,True,call,3.41,3.44,3.425,0.0299999999999998,0.0087591240875911,11.0,101.0,0.1270534072875976,0.1216251343269832,newton,0.18198229418738804,76.63348187541922
2026-02-25 10:43:14,690.6,2026-04-30,64,0.1758309868087265,730.0,1.0570518389805963,693.3596495134012,0.0514956948065506,True,call,2.8,2.82,2.8099999999999996,0.02,0.0071174377224199,15.0,2067.0,0.1247646118164062,0.11966358215162509,newton,0.15737054129557618,69.82439497694492
2026-02-25 10:43:14,690.6,2026-04-30,64,0.1758309868087265,735.0,1.064291920069505,693.3596495134012,0.0583216598769505,True,call,2.01,2.03,2.0199999999999996,0.02,0.0099009900990099,22.0,2092.0,0.1221096090698242,0.11738346323195659,newton,0.12219318232626457,58.79455188507293
2026-02-25 10:43:14,690.6,2026-04-30,64,0.1758309868087265,742.0,1.0744280335939762,693.3596495134012,0.0678004038314942,True,call,1.23,1.24,1.235,0.01,0.0080971659919028,20.0,146.0,0.1189663299560546,0.11480922681337612,newton,0.08261332777434471,44.21494540188813
2026-02-25 10:43:14,690.6,2026-04-30,64,0.1758309868087265,745.0,1.0787720822473212,693.3596495134012,0.0718353790436732,True,call,1.0,1.01,1.005,0.01,0.0099502487562189,351.0,3109.0,0.1182949499511718,0.11428214580009774,newton,0.06965371670787418,38.831793782405626
2026-02-25 10:43:14,690.6,2026-04-30,64,0.1758309868087265,755.0,1.0932522444251376,693.3596495134012,0.0851689099131384,True,call,0.51,0.53,0.52,0.02,0.0384615384615384,11.0,1422.0,0.1180508117675781,0.11425922547349326,newton,0.03949213371793429,24.766014398580236
2026-02-25 10:43:14,690.6,2026-04-30,64,0.1758309868087265,760.0,1.1004923255140455,693.3596495134012,0.0917695939444905,True,call,0.37,0.38,0.375,0.01,0.0266666666666666,18.0,1113.0,0.1181118463134765,0.11467480495395745,newton,0.029566528555200616,19.52410949420316
2026-02-25 10:43:14,690.6,2026-04-30,64,0.1758309868087265,430.0,0.6226469736461048,693.3596495134012,-0.477763630648278,True,put,0.43,0.44,0.435,0.01,0.0229885057471264,26.0,3384.0,0.4929249926757813,0.4990696252554876,newton,-0.008425278471871241,6.664425856825491
2026-02-25 10:43:14,690.6,2026-04-30,64,0.1758309868087265,435.0,0.629887054735013,693.3596495134012,-0.4662028082472021,True,put,0.45,0.46,0.455,0.01,0.0219780219780219,15.0,164.0,0.4848684326171875,0.49107596204351406,newton,-0.008910602909799236,6.999859567169079
2026-02-25 10:43:14,690.6,2026-04-30,64,0.1758309868087265,440.0,0.6371271358239212,693.3596495134012,-0.4547741124235794,True,put,0.48,0.49,0.485,0.01,0.0206185567010309,17.0,240.0,0.4780325634765625,0.4843552052108198,newton,-0.009562962343566567,7.446280705110283
2026-02-25 10:43:14,690.6,2026-04-30,64,0.1758309868087265,450.0,0.6516072980017376,693.3596495134012,-0.4323012565715207,True,put,0.54,0.55,0.545,0.01,0.018348623853211,221.0,17015.0,0.4641166870117187,0.4703100218352227,newton,-0.010921715860074793,8.360892776366484
2026-02-25 10:43:14,690.6,2026-04-30,64,0.1758309868087265,460.0,0.666087460179554,693.3596495134012,-0.4103223498527454,True,put,0.59,0.6,0.595,0.01,0.0168067226890756,15.0,511.0,0.4482477050781249,0.45452827527268885,newton,-0.012205467819841246,9.207801447963865
2026-02-25 10:43:14,690.6,2026-04-30,64,0.1758309868087265,470.0,0.6805676223573703,693.3596495134012,-0.388816144631782,True,put,0.66,0.67,0.665,0.01,0.0150375939849624,27.0,1846.0,0.4340876904296875,0.44038509952829585,newton,-0.013890840881226304,10.296866085112843
2026-02-25 10:43:14,690.6,2026-04-30,64,0.1758309868087265,485.0,0.702287865624095,693.3596495134012,-0.357399948398403,True,put,0.78,0.8,0.79,0.02,0.0253164556962025,31.0,672.0,0.4137021520996093,0.41969053860933286,newton,-0.016944331788341566,12.212005407144982
2026-02-25 10:43:14,690.6,2026-04-30,64,0.1758309868087265,505.0,0.7312481899797277,693.3596495134012,-0.3169904100605264,True,put,0.97,0.98,0.975,0.01,0.0102564102564102,200.0,107.0,0.3846497082519531,0.391057279822127,newton,-0.021808287604745784,15.132400928941856
2026-02-25 10:43:14,690.6,2026-04-30,64,0.1758309868087265,510.0,0.7384882710686359,693.3596495134012,-0.3071381136175147,True,put,1.03,1.04,1.035,0.01,0.0096618357487922,13.0,1230.0,0.3779359082031249,0.3843753223023264,newton,-0.023358173917533864,16.033859514842295
2026-02-25 10:43:14,690.6,2026-04-30,64,0.1758309868087265,520.0,0.7529684332464524,693.3596495134012,-0.2877200277604131,True,put,1.15,1.17,1.16,0.02,0.0172413793103448,11.0,689.0,0.3645083081054688,0.37066159459888576,newton,-0.026703507918221212,17.937282671314396
2026-02-25 10:43:14,690.6,2026-04-30,64,0.1758309868087265,525.0,0.7602085143353605,693.3596495134012,-0.2781505767442624,True,put,1.22,1.24,1.23,0.02,0.016260162601626,14.0,455.0,0.3576724389648437,0.3639007185412733,newton,-0.02859153637210468,18.98785643664368
2026-02-25 10:43:14,690.6,2026-04-30,64,0.1758309868087265,530.0,0.7674485954242687,693.3596495134012,-0.2686718327897187,True,put,1.29,1.3,1.295,0.01,0.0077220077220077,16.0,1437.0,0.3502262243652343,0.3566713121136207,newton,-0.030465687431119482,20.015002610313026
2026-02-25 10:43:14,690.6,2026-04-30,64,0.1758309868087265,535.0,0.774688676513177,693.3596495134012,-0.2592820924398797,True,put,1.36,1.37,1.3650000000000002,0.01,0.0073260073260073,18.0,467.0,0.3430241479492187,0.3495036158260978,newton,-0.0324974518833811,21.111787189287558
2026-02-25 10:43:14,690.6,2026-04-30,64,0.1758309868087265,540.0,0.7819287576020851,693.3596495134012,-0.2499796997775661,True,put,1.45,1.46,1.455,0.01,0.0068728522336769,38.0,1205.0,0.3365544860839844,0.3430454843718508,newton,-0.03494573266436879,22.411520291951536
2026-02-25 10:43:14,690.6,2026-04-30,64,0.1758309868087265,545.0,0.7891688386909933,693.3596495134012,-0.2407630446726421,True,put,1.54,1.56,1.55,0.02,0.0129032258064516,130.0,473.0,0.3302068933105468,0.3365304514097178,newton,-0.03756946275535484,23.779316215034047
2026-02-25 10:43:14,690.6,2026-04-30,64,0.1758309868087265,550.0,0.7964089197799015,693.3596495134012,-0.2316305611093695,True,put,1.64,1.66,1.65,0.02,0.0121212121212121,14.0,25872.0,0.323554127807617,0.32994584364137947,newton,-0.04037813102278114,25.21642260613411
2026-02-25 10:43:14,690.6,2026-04-30,64,0.1758309868087265,585.0,0.8470894874022589,693.3596495134012,-0.1699369921040296,True,put,2.63,2.65,2.6399999999999997,0.02,0.0075757575757575,54.0,801.0,0.2782664947509765,0.28504352989151827,newton,-0.06879564778297752,38.462993999408184
2026-02-25 10:43:14,690.6,2026-04-30,64,0.1758309868087265,600.0,0.8688097306689835,693.3596495134012,-0.1446191841197398,True,put,3.31,3.34,3.325,0.0299999999999998,0.0090225563909773,18.0,9080.0,0.2601697518920898,0.26707895710304136,newton,-0.08837582091817024,46.50293672692479
2026-02-25 10:43:14,690.6,2026-04-30,64,0.1758309868087265,610.0,0.8832898928467998,693.3596495134012,-0.1280898821685292,True,put,3.89,3.91,3.9,0.02,0.0051282051282051,259.0,7356.0,0.2479933599853515,0.2551979574081412,newton,-0.10489360498734873,52.73595434335574
2026-02-25 10:43:14,690.6,2026-04-30,64,0.1758309868087265,615.0,0.8905299739357081,693.3596495134012,-0.1199265715293683,True,put,4.2,4.22,4.21,0.0199999999999995,0.0047505938242279,21.0,981.0,0.2415847326660156,0.24889937447451363,newton,-0.11410301768092061,56.01762543426395
2026-02-25 10:43:14,690.6,2026-04-30,64,0.1758309868087265,625.0,0.9050101361135244,693.3596495134012,-0.1037971895994846,True,put,4.99,5.02,5.005,0.0299999999999993,0.0059940059940058,17.0,747.0,0.2300492034912109,0.2375671149824608,newton,-0.13659973946684417,63.5091323064049
2026-02-25 10:43:14,690.6,2026-04-30,64,0.1758309868087265,629.0,0.910802200984651,693.3596495134012,-0.0974175826354456,True,put,5.36,5.39,5.375,0.0299999999999993,0.005581395348837,72.0,511.0,0.2254410952758789,0.23311414724036036,newton,-0.1469684393844692,66.73003302654489
2026-02-25 10:43:14,690.6,2026-04-30,64,0.1758309868087265,630.0,0.9122502172024326,693.3596495134012,-0.0958290199503078,True,put,5.45,5.47,5.46,0.0199999999999995,0.0036630036630035,16.0,6248.0,0.224067817993164,0.23181960787877362,newton,-0.1495188382552643,67.50115468204824
2026-02-25 10:43:14,690.6,2026-04-30,64,0.1758309868087265,635.0,0.9194902982913408,693.3596495134012,-0.0879238404431945,True,put,5.96,5.98,5.970000000000001,0.0200000000000004,0.0033500837520938,82.0,17128.0,0.2182390188598632,0.22616750154482046,newton,-0.1638579349898308,71.68752235570466
2026-02-25 10:43:14,690.6,2026-04-30,64,0.1758309868087265,638.0,0.9238343469446858,693.3596495134012,-0.0832105559910963,True,put,6.26,6.29,6.275,0.0300000000000002,0.0047808764940239,10.0,280.0,0.2144243597412109,0.22241305079255147,newton,-0.17280700581375955,74.17642227980325
2026-02-25 10:43:14,690.6,2026-04-30,64,0.1758309868087265,640.0,0.926730379380249,693.3596495134012,-0.0800806629821686,True,put,6.51,6.54,6.525,0.0300000000000002,0.0045977011494253,105.0,16857.0,0.2123186679077148,0.22038455314065575,newton,-0.17954261818117506,75.989345228465
2026-02-25 10:43:14,690.6,2026-04-30,64,0.1758309868087265,645.0,0.9339704604691572,693.3596495134012,-0.0722985225401137,True,put,7.11,7.14,7.125,0.0299999999999993,0.0042105263157893,21.0,5082.0,0.2061236614990234,0.21440780402997556,newton,-0.19666111346978812,80.37233812857133
2026-02-25 10:43:14,690.6,2026-04-30,64,0.1758309868087265,649.0,0.9397625253402838,693.3596495134012,-0.0661161226317962,True,put,7.65,7.68,7.665,0.0299999999999993,0.0039138943248531,38.0,149.0,0.2012866737365722,0.20977553647305436,newton,-0.2117836775016568,83.98719431153826
2026-02-25 10:43:14,690.6,2026-04-30,64,0.1758309868087265,650.0,0.9412105415580654,693.3596495134012,-0.0645764764462033,True,put,7.74,7.76,7.75,0.0199999999999995,0.0025806451612902,30.0,3721.0,0.1993488269042968,0.20794173600462035,newton,-0.215095692508834,84.7478171933718
2026-02-25 10:43:14,690.6,2026-04-30,64,0.1758309868087265,651.0,0.9426585577758472,693.3596495134012,-0.063039197127317,True,put,7.9,7.93,7.915,0.0299999999999993,0.0037902716361338,14.0,198.0,0.1984333087158203,0.20701974952931598,newton,-0.21937689084441078,85.71481972417602
2026-02-25 10:43:14,690.6,2026-04-30,64,0.1758309868087265,652.0,0.9441065739936289,693.3596495134012,-0.0615042774092332,True,put,8.09,8.13,8.11,0.0400000000000009,0.0049321824907522,71.0,301.0,0.1977924459838867,0.20640234229641374,newton,-0.22403094924482056,86.74554139990597
2026-02-25 10:43:14,690.6,2026-04-30,64,0.1758309868087265,653.0,0.9455545902114104,693.3596495134012,-0.0599717100594551,True,put,8.24,8.27,8.254999999999999,0.0299999999999993,0.0036341611144759,35.0,152.0,0.1964496859741211,0.2051661491906423,newton,-0.22816714948422337,87.64385111920906
2026-02-25 10:43:14,690.6,2026-04-30,64,0.1758309868087265,656.0,0.9498986388647552,693.3596495134012,-0.0553880503917971,True,put,8.69,8.72,8.705,0.0300000000000011,0.003446295232625,27.0,167.0,0.1925282164001465,0.20141020733053847,newton,-0.2410419569976175,90.3351454151873
2026-02-25 10:43:14,690.6,2026-04-30,64,0.1758309868087265,660.0,0.9556907037358818,693.3596495134012,-0.049309004315415,True,put,9.31,9.34,9.325,0.0299999999999993,0.0032171581769436,266.0,4651.0,0.1869740727233886,0.1961068556650159,newton,-0.2591968990198692,93.86753162816788
2026-02-25 10:43:14,690.6,2026-04-30,64,0.1758309868087265,666.0,0.9643788010425716,693.3596495134012,-0.040259168795497,True,put,10.49,10.53,10.51,0.0399999999999991,0.0038058991436726,26.0,241.0,0.1800619104003906,0.18960873911872198,newton,-0.2906485805511495,99.28999046381963
2026-02-25 10:43:14,690.6,2026-04-30,64,0.1758309868087265,668.0,0.9672748334781348,693.3596495134012,-0.0372606657992404,True,put,10.88,10.91,10.895,0.0299999999999993,0.0027535566773748,11.0,346.0,0.1772238040161132,0.186986044443586,newton,-0.3015633589392207,100.97258712456774
2026-02-25 10:43:14,690.6,2026-04-30,64,0.1758309868087265,670.0,0.9701708659136982,693.3596495134012,-0.0342711269508744,True,put,11.33,11.36,11.345,0.0299999999999993,0.0026443367122079,73.0,5294.0,0.1748739739990234,0.18482160130537806,newton,-0.3132833776471569,102.6683056872103
2026-02-25 10:43:14,690.6,2026-04-30,64,0.1758309868087265,672.0,0.9730668983492616,693.3596495134012,-0.0312904988127366,True,put,11.71,11.75,11.73,0.0399999999999991,0.0034100596760442,15.0,350.0,0.1717612121582031,0.1818378650860783,newton,-0.32483389802738266,104.22882640471123
2026-02-25 10:43:14,690.6,2026-04-30,64,0.1758309868087265,675.0,0.9774109470026064,693.3596495134012,-0.0268361484633563,True,put,12.41,12.45,12.43,0.0399999999999991,0.0032180209171358,64.0,1445.0,0.1677939666748047,0.17817729547468736,newton,-0.3436697886056895,106.54218629156057
2026-02-25 10:43:14,690.6,2026-04-30,64,0.1758309868087265,680.0,0.9846510280915146,693.3596495134012,-0.0194560411657337,True,put,13.74,13.78,13.76,0.0399999999999991,0.0029069767441859,712.0,4524.0,0.1615379257202148,0.1725376375122281,newton,-0.377748463843121,110.01570174453407
2026-02-25 10:43:14,690.6,2026-04-30,64,0.1758309868087265,681.0,0.9860990443092962,693.3596495134012,-0.0179865331863738,True,put,14.0,14.04,14.02,0.0399999999999991,0.0028530670470755,59.0,277.0,0.1600578379821777,0.1711880654735193,newton,-0.38481937044582615,110.6237433812753
2026-02-25 10:43:14,690.6,2026-04-30,64,0.1758309868087265,682.0,0.987547060527078,693.3596495134012,-0.016519181492424,True,put,14.33,14.38,14.355,0.0500000000000007,0.0034831069313828,82.0,592.0,0.1592338716125488,0.17045668642577572,newton,-0.39230029921198883,111.22545468126529
2026-02-25 10:43:14,690.6,2026-04-30,64,0.1758309868087265,683.0,0.9889950767448596,693.3596495134012,-0.015053979765096,True,put,14.62,14.66,14.64,0.0400000000000009,0.0027322404371585,32.0,1119.0,0.1577995597839355,0.1692144457012438,newton,-0.3996689781061056,111.77655498924786
2026-02-25 10:43:14,690.6,2026-04-30,64,0.1758309868087265,684.0,0.9904430929626412,693.3596495134012,-0.0135909217133357,True,put,14.86,14.91,14.885,0.0500000000000007,0.0033590863285186,26.0,266.0,0.1560448165893554,0.1675565044241129,newton,-0.4070180864838531,112.28529140038265
2026-02-25 10:43:14,690.6,2026-04-30,64,0.1758309868087265,685.0,0.9918911091804228,693.3596495134012,-0.0121300010736608,True,put,15.16,15.21,15.185,0.0500000000000007,0.0032927230819888,80.0,2051.0,0.154656280670166,0.1663291599994933,newton,-0.4146725994029973,112.77194149456646
2026-02-25 10:43:14,690.6,2026-04-30,64,0.1758309868087265,687.0,0.994787141615986,693.3596495134012,-0.0092145471135368,True,put,15.8,15.85,15.825,0.0499999999999989,0.0031595576619272,37.0,389.0,0.1520317951965332,0.16403918803479886,newton,-0.43041934937609166,113.63515028444868
2026-02-25 10:43:14,690.6,2026-04-30,64,0.1758309868087265,688.0,0.9962351578337676,693.3596495134012,-0.0077600014025425,True,put,16.19,16.24,16.215,0.0499999999999971,0.0030835646006782,15.0,574.0,0.1512230874633789,0.1634110700756281,newton,-0.43857997162825496,114.00984955226872
2026-02-25 10:43:14,690.6,2026-04-30,64,0.1758309868087265,690.0,0.999131190269331,693.3596495134012,-0.004857241744581,True,put,16.89,16.94,16.915,0.0500000000000007,0.0029559562518475,180.0,1786.0,0.1486901538085937,0.16124828610312517,newton,-0.4550427817972787,114.61561035452216
2026-02-25 10:43:14,690.6,2026-04-30,64,0.1758309868087265,691.0,1.0005792064871126,693.3596495134012,-0.0034090155682163,True,put,17.17,17.22,17.195,0.0499999999999971,0.0029078220412909,15.0,329.0,0.1467065310668945,0.15945446012952896,newton,-0.46341987554107156,114.84705447372835
2026-02-25 10:43:14,690.6,2026-04-30,64,0.1758309868087265,692.0,1.0020272227048943,693.3596495134012,-0.0019628837182165,True,put,17.59,17.65,17.619999999999997,0.0599999999999987,0.0034052213393869,21.0,252.0,0.1459283406066894,0.15885310123702154,newton,-0.4719764516378843,115.03013307628099
2026-02-25 10:43:14,690.6,2026-04-30,64,0.1758309868087265,693.0,1.003475238922676,693.3596495134012,-0.0005188401459829,True,put,17.91,17.96,17.935000000000002,0.0500000000000007,0.0027878449958182,14.0,975.0,0.1440362696838378,0.15722351262929654,newton,-0.4806621046571946,115.16094576461877
2026-02-25 10:43:14,690.6,2026-04-30,64,0.1758309868087265,695.0,1.0063712713582391,693.3596495134012,0.0023630062289058,False,put,18.68,18.73,18.705,0.0500000000000007,0.0026730820636193,32.0,568.0,0.1413049737548828,0.1549598099290084,newton,-0.49838204545897624,115.25612785427809
2026-02-25 10:43:14,690.6,2026-04-30,64,0.1758309868087265,700.0,1.0136113524471473,693.3596495134012,0.0095314957075184,False,put,20.91,20.96,20.935,0.0500000000000007,0.0023883448770002,65.0,1163.0,0.1355524678039551,0.15059708698411128,newton,-0.5440514032339636,114.43884784514724
2026-02-25 10:43:14,690.6,2026-05-15,79,0.2169268772196854,600.0,0.8688097306689835,694.4759232310838,-0.1462278386034935,False,call,98.2,98.63,98.415,0.4299999999999926,0.0043692526545749,46.0,205.0,0.3062813513183594,0.2667634235884815,newton,0.8853938692165781,59.42397279323061
2026-02-25 10:43:14,690.6,2026-05-15,79,0.2169268772196854,610.0,0.8832898928467998,694.4759232310838,-0.129698536652283,False,call,89.02,89.4,89.21000000000001,0.3800000000000096,0.0042596121511042,27.0,139.0,0.2915415084838866,0.2557690950010124,newton,0.8677780503883302,66.22081323542409
2026-02-25 10:43:14,690.6,2026-05-15,79,0.2169268772196854,660.0,0.9556907037358818,694.4759232310838,-0.0509176587991686,False,call,45.58,45.83,45.705,0.25,0.0054698610655289,10.0,296.0,0.2208787629699706,0.200028412250666,newton,0.7178217765266286,107.38458709472467
2026-02-25 10:43:14,690.6,2026-05-15,79,0.2169268772196854,668.0,0.9672748334781348,694.4759232310838,-0.0388693202829941,False,call,39.11,39.4,39.254999999999995,0.2899999999999991,0.007387593937078,200.0,201.0,0.2092059060668945,0.1900141607283693,newton,0.6802792076733277,113.91462166320362
2026-02-25 10:43:14,690.6,2026-05-15,79,0.2169268772196854,669.0,0.9687228496959166,694.4759232310838,-0.0373734336914114,False,call,38.35,38.63,38.49,0.2800000000000011,0.0072746167835801,620.0,203.0,0.207893663330078,0.18897192174806413,newton,0.6750426515916903,114.7209252279956
2026-02-25 10:43:14,690.6,2026-05-15,79,0.2169268772196854,671.0,0.9716188821314798,694.4759232310838,-0.034388356847958,False,call,36.88,37.16,37.02,0.279999999999994,0.007563479200432,204.0,214.0,0.2057421955871581,0.18728726391110972,newton,0.6640435362524302,116.33329415047768
2026-02-25 10:43:14,690.6,2026-05-15,79,0.2169268772196854,675.0,0.9774109470026064,694.4759232310838,-0.02844480294711,False,call,33.87,34.07,33.97,0.2000000000000028,0.0058875478363262,34.0,748.0,0.1997608100891113,0.1824909741013012,newton,0.6419394238697936,119.2458999982199
2026-02-25 10:43:14,690.6,2026-05-15,79,0.2169268772196854,676.0,0.978858963220388,694.4759232310838,-0.0269644177766758,False,call,33.03,33.29,33.16,0.259999999999998,0.0078407720144752,420.0,419.0,0.1981128773498535,0.18079726540637106,newton,0.6364534680445187,119.90197490445806
2026-02-25 10:43:14,690.6,2026-05-15,79,0.2169268772196854,678.0,0.9817549956559514,694.4759232310838,-0.0240102058792443,False,call,31.55,31.81,31.68,0.259999999999998,0.0082070707070706,206.0,568.0,0.1953510641479492,0.17845741668253928,newton,0.6245659293520426,121.23370148089181
2026-02-25 10:43:14,690.6,2026-05-15,79,0.2169268772196854,679.0,0.9832030118737328,694.4759232310838,-0.0225363662609437,False,call,30.96,31.24,31.1,0.2799999999999976,0.0090032154340835,421.0,504.0,0.1952595123291015,0.17853621798953828,newton,0.6178624522288129,121.93081187209287
2026-02-25 10:43:14,690.6,2026-05-15,79,0.2169268772196854,682.0,0.987547060527078,694.4759232310838,-0.0181278359761777,False,call,28.65,28.96,28.805,0.3100000000000023,0.0107620204825551,107.0,221.0,0.1902089036560059,0.17395024238236886,newton,0.5995099475856297,123.64264855529443
2026-02-25 10:43:14,690.6,2026-05-15,79,0.2169268772196854,685.0,0.9918911091804228,694.4759232310838,-0.0137386555574146,False,call,26.67,26.85,26.76,0.1799999999999997,0.0067264573991031,63.0,4425.0,0.1861195890808105,0.1709790458845187,newton,0.5795352575681253,125.18193452988645
2026-02-25 10:43:14,690.6,2026-05-15,79,0.2169268772196854,686.0,0.9933391253982043,694.4759232310838,-0.0122798660937546,False,call,25.88,26.11,25.994999999999997,0.2300000000000004,0.0088478553567994,11.0,456.0,0.1843801045227051,0.16922704814617132,newton,0.572893876950083,125.61966881928461
2026-02-25 10:43:14,690.6,2026-05-15,79,0.2169268772196854,689.0,0.9976831740515494,694.4759232310838,-0.0079162228059813,False,call,23.86,24.1,23.98,0.240000000000002,0.0100083402835697,13.0,741.0,0.1805044108581542,0.165902372226155,newton,0.5517723822623865,126.7681409007908
2026-02-25 10:43:14,690.6,2026-05-15,79,0.2169268772196854,690.0,0.999131190269331,694.4759232310838,-0.0064658962283347,False,call,23.21,23.39,23.3,0.1799999999999997,0.007725321888412,35.0,1176.0,0.1788107022094726,0.16462477505368572,newton,0.5445451283156413,127.07641572154643
2026-02-25 10:43:14,690.6,2026-05-15,79,0.2169268772196854,691.0,1.0005792064871126,694.4759232310838,-0.0050176700519699,False,call,22.65,22.69,22.67,0.0400000000000027,0.0017644464049405,18.0,476.0,0.1771322521972656,0.16368697194153298,newton,0.5371780551922288,127.34639374539964
2026-02-25 10:43:14,690.6,2026-05-15,79,0.2169268772196854,693.0,1.003475238922676,694.4759232310838,-0.0021274946297367,False,call,21.37,21.4,21.385,0.0299999999999975,0.0014028524666821,31.0,577.0,0.1744925080871582,0.1614494130330336,newton,0.5221737360325389,127.75844456340532
2026-02-25 10:43:14,690.6,2026-05-15,79,0.2169268772196854,695.0,1.0063712713582391,694.4759232310838,0.0007543517451523,True,call,20.15,20.19,20.17,0.0400000000000027,0.0019831432821022,134.0,871.0,0.1722494885253906,0.15953268654423558,newton,0.506796530992683,127.98942454663904
2026-02-25 10:43:14,690.6,2026-05-15,79,0.2169268772196854,697.0,1.0092673037938025,694.4759232310838,0.003627916940884,True,call,18.89,18.92,18.905,0.0300000000000011,0.0015868817773076,255.0,655.0,0.1693198303222656,0.15699022497030637,newton,0.49094208286704344,128.02516801713534
2026-02-25 10:43:14,690.6,2026-05-15,79,0.2169268772196854,700.0,1.0136113524471473,694.4759232310838,0.0079228412237646,True,call,17.17,17.2,17.185000000000002,0.0299999999999975,0.0017457084666859,221.0,4031.0,0.1659018957519531,0.15410378395486493,newton,0.46664857096299095,127.68127768086205
2026-02-25 10:43:14,690.6,2026-05-15,79,0.2169268772196854,703.0,1.0179554011004923,694.4759232310838,0.0121993979910249,True,call,15.47,15.5,15.485,0.0299999999999993,0.0019373587342589,28.0,710.0,0.1620872366333007,0.15079546321570944,newton,0.44142998373549186,126.81252545680186
2026-02-25 10:43:14,690.6,2026-05-15,79,0.2169268772196854,704.0,1.019403417318274,694.4759232310838,0.0136208623384024,True,call,14.87,14.9,14.885,0.0300000000000011,0.0020154517971112,64.0,744.0,0.1604087866210937,0.1492934724345772,newton,0.43260757163797536,126.3849217584749
2026-02-25 10:43:14,690.6,2026-05-15,79,0.2169268772196854,705.0,1.0208514335360557,694.4759232310838,0.0150403089926287,True,call,14.37,14.41,14.39,0.0400000000000009,0.0027797081306463,85.0,710.0,0.1595543029785156,0.14855244371038637,newton,0.4241576389322279,125.9149621028708
2026-02-25 10:43:14,690.6,2026-05-15,79,0.2169268772196854,706.0,1.0222994497538371,694.4759232310838,0.0164577436736021,True,call,13.79,13.83,13.81,0.0400000000000009,0.0028964518464881,62.0,309.0,0.1579063702392578,0.14706494050173435,newton,0.41513121713599255,125.34739395978247
2026-02-25 10:43:14,690.6,2026-05-15,79,0.2169268772196854,707.0,1.0237474659716188,694.4759232310838,0.0178731720769328,True,call,13.34,13.38,13.36,0.0400000000000009,0.0029940119760479,28.0,311.0,0.1572197315979004,0.1465428908679517,newton,0.40673533678762896,124.75843177970806
2026-02-25 10:43:14,690.6,2026-05-15,79,0.2169268772196854,710.0,1.0280915146249638,694.4759232310838,0.0221074762157212,True,call,11.8,11.83,11.815,0.0299999999999993,0.0025391451544646,35.0,2076.0,0.1531304170227051,0.14296939820055893,newton,0.37960583094195405,122.44956936829429
2026-02-25 10:43:14,690.6,2026-05-15,79,0.2169268772196854,711.0,1.0295395308427453,694.4759232310838,0.023514935983601,True,call,11.32,11.35,11.335,0.0299999999999993,0.0026466696074106,28.0,107.0,0.1519097261047363,0.14190653650932142,newton,0.3705426230201821,121.53872136466639
2026-02-25 10:43:14,690.6,2026-05-15,79,0.2169268772196854,713.0,1.0324355632783089,694.4759232310838,0.026323926594656,True,call,10.45,10.48,10.465,0.0300000000000011,0.0028666985188725,15.0,334.0,0.1500023965454102,0.14028919936577122,newton,0.3528488079628446,119.5561923292436
2026-02-25 10:43:14,690.6,2026-05-15,79,0.2169268772196854,714.0,1.0338835794960903,694.4759232310838,0.0277254685199445,True,call,10.03,10.05,10.04,0.0200000000000013,0.00199203187251,12.0,1892.0,0.1489648092651367,0.1394467558333984,newton,0.3439412613096995,118.45474069888157
2026-02-25 10:43:14,690.6,2026-05-15,79,0.2169268772196854,715.0,1.035331595713872,694.4759232310838,0.0291250488743678,True,call,9.55,9.58,9.565,0.0299999999999993,0.0031364349189753,79.0,2199.0,0.1475152388000488,0.13809690423657467,newton,0.33437985603458864,117.19442855868596
2026-02-25 10:43:14,690.6,2026-05-15,79,0.2169268772196854,720.0,1.0425716768027802,694.4759232310838,0.036093718190461,True,call,7.63,7.66,7.645,0.0300000000000002,0.0039241334205363,38.0,1568.0,0.1427087683105468,0.1339746381840207,newton,0.2898372224907237,110.23125192887039
2026-02-25 10:43:14,690.6,2026-05-15,79,0.2169268772196854,725.0,1.0498117578916883,694.4759232310838,0.0430141610350348,True,call,5.94,5.97,5.955,0.0299999999999993,0.0050377833753147,27.0,1958.0,0.1378107460021972,0.12972853670207152,newton,0.24579062884114894,101.49014901166119
2026-02-25 10:43:14,690.6,2026-05-15,79,0.2169268772196854,730.0,1.0570518389805963,694.4759232310838,0.0498870403227969,True,call,4.57,4.59,4.58,0.0199999999999995,0.0043668122270741,53.0,1503.0,0.1337061727905273,0.1262454748839134,newton,0.20477953102849397,91.55208326335475
2026-02-25 10:43:14,690.6,2026-05-15,79,0.2169268772196854,740.0,1.0715320011584129,694.4759232310838,0.0634926923785754,True,call,2.59,2.61,2.5999999999999996,0.02,0.0076923076923077,28.0,2030.0,0.1273585800170898,0.12088212507125429,newton,0.13470176252820049,69.94961660973051
2026-02-25 10:43:14,690.6,2026-05-15,79,0.2169268772196854,745.0,1.0787720822473212,694.4759232310838,0.0702267245599195,True,call,1.92,1.94,1.93,0.02,0.0103626943005181,28.0,515.0,0.1250697845458984,0.11899554731895563,newton,0.10676156409787892,59.39767296701776
2026-02-25 10:43:14,690.6,2026-05-15,79,0.2169268772196854,750.0,1.0860121633362294,694.4759232310838,0.0769157127107162,True,call,1.41,1.43,1.42,0.02,0.0140845070422535,41.0,2252.0,0.1232387481689453,0.11751227616422238,newton,0.08345449313232423,49.54759557212269
2026-02-25 10:43:14,690.6,2026-05-15,79,0.2169268772196854,755.0,1.0932522444251376,694.4759232310838,0.0835602554293848,True,call,1.04,1.06,1.05,0.02,0.019047619047619,114.0,800.0,0.1221401263427734,0.116694715160024,newton,0.06498136450215229,40.93135248209703
2026-02-25 10:43:14,690.6,2026-05-15,79,0.2169268772196854,765.0,1.107732406602954,694.4759232310838,0.0967183400068959,True,call,0.58,0.59,0.585,0.01,0.0170940170940171,85.0,1325.0,0.1213466772460937,0.11649229394296054,newton,0.03928100575163213,27.42525303019271
2026-02-25 10:43:14,690.6,2026-05-15,79,0.2169268772196854,770.0,1.114972487691862,694.4759232310838,0.1032330210280896,True,call,0.44,0.46,0.45,0.02,0.0444444444444444,23.0,1427.0,0.1222011608886718,0.11729653513113153,newton,0.03103607870448817,22.60576177322875
2026-02-25 10:43:14,690.6,2026-05-15,79,0.2169268772196854,780.0,1.1294526498696784,694.4759232310838,0.1161364258639976,True,call,0.27,0.28,0.275,0.01,0.0363636363636363,47.0,2841.0,0.124032197265625,0.11964936768968225,newton,0.01972916511942337,15.46265282466187
2026-02-25 10:43:14,690.6,2026-05-15,79,0.2169268772196854,400.0,0.5792064871126557,694.4759232310838,-0.5516929467116578,True,put,0.48,0.49,0.485,0.01,0.0206185567010309,23.0,4165.0,0.5117236328125,0.5190642575146108,newton,-0.008069572638683145,7.137410952028077
2026-02-25 10:43:14,690.6,2026-05-15,79,0.2169268772196854,410.0,0.593686649290472,694.4759232310838,-0.5270003341212863,True,put,0.54,0.55,0.545,0.01,0.018348623853211,41.0,161.0,0.499028447265625,0.5057769407487213,newton,-0.009190935383911114,8.000103373335353
2026-02-25 10:43:14,690.6,2026-05-15,79,0.2169268772196854,425.0,0.6154068925571966,694.4759232310838,-0.4910683248952231,True,put,0.62,0.63,0.625,0.01,0.016,122.0,201.0,0.4768118725585937,0.4836623749329221,newton,-0.010851432709185597,9.247776243996627
2026-02-25 10:43:14,690.6,2026-05-15,79,0.2169268772196854,430.0,0.6226469736461048,694.4759232310838,-0.4793722851320317,True,put,0.65,0.66,0.655,0.01,0.015267175572519,101.0,356.0,0.4694877270507813,0.4764717099632709,newton,-0.01148089176705648,9.712341925242384
2026-02-25 10:43:14,690.6,2026-05-15,79,0.2169268772196854,450.0,0.6516072980017376,694.4759232310838,-0.4339099110552744,True,put,0.8,0.82,0.81,0.0199999999999999,0.0246913580246912,21.0,3061.0,0.4431208032226562,0.44979662041232055,newton,-0.014663805588903895,11.99980483716979
2026-02-25 10:43:14,690.6,2026-05-15,79,0.2169268772196854,455.0,0.6588473790906458,694.4759232310838,-0.4228600748686895,True,put,0.85,0.86,0.855,0.01,0.0116959064327485,10.0,129.0,0.4361628649902344,0.44328314485749937,newton,-0.015601331000941073,12.655898189346857
2026-02-25 10:43:14,690.6,2026-05-15,79,0.2169268772196854,465.0,0.6733275412684622,694.4759232310838,-0.4011200882322836,True,put,0.94,0.95,0.945,0.01,0.0105820105820105,16.0,445.0,0.4226131958007812,0.4298032399414264,newton,-0.017557587786936994,14.001916516636413
2026-02-25 10:43:14,690.6,2026-05-15,79,0.2169268772196854,495.0,0.7167680278019114,694.4759232310838,-0.3385997312509496,True,put,1.27,1.28,1.275,0.01,0.0078431372549019,21.0,257.0,0.3825745336914062,0.3898608376793037,newton,-0.025063286040175395,18.920519035740963
2026-02-25 10:43:14,690.6,2026-05-15,79,0.2169268772196854,500.0,0.7240081088908196,694.4759232310838,-0.3285493953974481,True,put,1.32,1.34,1.33,0.02,0.0150375939849624,18.0,2529.0,0.3756776300048828,0.38273946405100706,newton,-0.02646017402503205,19.798777607595223
2026-02-25 10:43:14,690.6,2026-05-15,79,0.2169268772196854,520.0,0.7529684332464524,694.4759232310838,-0.2893286822441668,True,put,1.62,1.63,1.625,0.0099999999999997,0.006153846153846,10.0,3167.0,0.3490055334472656,0.35641818171268624,newton,-0.03366783598864113,24.175398933285337
2026-02-25 10:43:14,690.6,2026-05-15,79,0.2169268772196854,530.0,0.7674485954242687,694.4759232310838,-0.2702804872734723,True,put,1.81,1.83,1.82,0.02,0.0109890109890109,24.0,702.0,0.3367986242675781,0.3441356873327777,newton,-0.038362291195014386,26.901970590109958
2026-02-25 10:43:14,690.6,2026-05-15,79,0.2169268772196854,535.0,0.774688676513177,694.4759232310838,-0.2608907469236333,True,put,1.91,1.92,1.915,0.01,0.0052219321148825,138.0,1130.0,0.3300237896728515,0.33759152367870265,newton,-0.04079770619494735,28.28211936145123
2026-02-25 10:43:14,690.6,2026-05-15,79,0.2169268772196854,540.0,0.7819287576020851,694.4759232310838,-0.2515883542613198,True,put,2.02,2.03,2.025,0.0099999999999997,0.0049382716049381,17.0,1333.0,0.3237372314453124,0.3313713406267253,newton,-0.04354305347845512,29.811639737870117
2026-02-25 10:43:14,690.6,2026-05-15,79,0.2169268772196854,545.0,0.7891688386909933,694.4759232310838,-0.2423716991563957,True,put,2.12,2.14,2.13,0.02,0.0093896713615023,47.0,2289.0,0.317267569580078,0.3247750063367602,newton,-0.046317433323525954,31.33045445393002
2026-02-25 10:43:14,690.6,2026-05-15,79,0.2169268772196854,555.0,0.8036490008688097,694.4759232310838,-0.2241893800732053,True,put,2.41,2.42,2.415,0.0099999999999997,0.0041407867494823,37.0,938.0,0.3054268676757812,0.31319331940062883,newton,-0.05329892425487124,35.04123272698515
2026-02-25 10:43:14,690.6,2026-05-15,79,0.2169268772196854,565.0,0.8181291630466261,694.4759232310838,-0.2063317626731989,True,put,2.72,2.74,2.7300000000000004,0.02,0.0073260073260073,77.0,144.0,0.2935251312255859,0.30131692318141867,newton,-0.061251013208384573,39.091037206079456
2026-02-25 10:43:14,690.6,2026-05-15,79,0.2169268772196854,585.0,0.8470894874022589,694.4759232310838,-0.1715456465877833,True,put,3.52,3.54,3.53,0.02,0.0056657223796034,20.0,906.0,0.2698437274169921,0.2779989138132393,newton,-0.08168028255345573,48.753477875070004
2026-02-25 10:43:14,690.6,2026-05-15,79,0.2169268772196854,600.0,0.8688097306689835,694.4759232310838,-0.1462278386034935,True,put,4.37,4.39,4.38,0.0199999999999995,0.004566210045662,135.0,8938.0,0.2532423309326171,0.2617501807614788,newton,-0.1029522889648709,57.857680369832366
2026-02-25 10:43:14,690.6,2026-05-15,79,0.2169268772196854,605.0,0.8760498117578916,694.4759232310838,-0.1379290357887984,True,put,4.7,4.72,4.71,0.0199999999999995,0.0042462845010614,10.0,665.0,0.2476271527099609,0.25629453037515687,newton,-0.1112805252955829,61.191475407674595
2026-02-25 10:43:14,690.6,2026-05-15,79,0.2169268772196854,610.0,0.8832898928467998,694.4759232310838,-0.129698536652283,True,put,5.06,5.07,5.0649999999999995,0.0100000000000006,0.001974333662389,103.0,1681.0,0.2418899053955078,0.250784902386454,newton,-0.12029981489292942,64.66824746707454
2026-02-25 10:43:14,690.6,2026-05-15,79,0.2169268772196854,625.0,0.9050101361135244,694.4759232310838,-0.1054058440832383,True,put,6.36,6.38,6.37,0.0199999999999995,0.0031397174254316,37.0,3435.0,0.2254105780029296,0.2347803311763835,newton,-0.15299538004669694,76.21301770125464
2026-02-25 10:43:14,690.6,2026-05-15,79,0.2169268772196854,630.0,0.9122502172024326,694.4759232310838,-0.0974376744340615,True,put,6.85,6.87,6.859999999999999,0.0200000000000004,0.0029154518950437,126.0,2012.0,0.2195512615966796,0.2291089849559854,newton,-0.16560500393399458,80.2603232691408
2026-02-25 10:43:14,690.6,2026-05-15,79,0.2169268772196854,635.0,0.9194902982913408,694.4759232310838,-0.0895324949269482,True,put,7.42,7.46,7.44,0.04,0.0053763440860215,51.0,2045.0,0.2142717733764648,0.2239618731140761,newton,-0.17987531078075442,84.5910103005347
2026-02-25 10:43:14,690.6,2026-05-15,79,0.2169268772196854,640.0,0.926730379380249,694.4759232310838,-0.0816893174659223,True,put,8.04,8.07,8.055,0.0300000000000011,0.0037243947858474,12.0,1880.0,0.2085650433349609,0.2185844136029203,newton,-0.19521586788015477,88.96573242799967
2026-02-25 10:43:14,690.6,2026-05-15,79,0.2169268772196854,650.0,0.9412105415580654,694.4759232310838,-0.066185130929957,True,put,9.47,9.49,9.48,0.0199999999999995,0.0021097046413501,41.0,7964.0,0.1972431350708007,0.20793047553245012,newton,-0.23032767760997308,97.95595940989783
2026-02-25 10:43:14,690.6,2026-05-15,79,0.2169268772196854,651.0,0.9426585577758472,694.4759232310838,-0.0646478516110707,True,put,9.57,9.6,9.585,0.0299999999999993,0.003129890453834,123.0,284.0,0.1956409782409668,0.20633066826265242,newton,-0.23369381011302082,98.7467453626588
2026-02-25 10:43:14,690.6,2026-05-15,79,0.2169268772196854,652.0,0.9441065739936289,694.4759232310838,-0.0631129318929869,True,put,9.74,9.77,9.755,0.0299999999999993,0.0030753459764222,56.0,552.0,0.1945881323242187,0.2053621594809855,newton,-0.23771204718971584,99.67501515763702
2026-02-25 10:43:14,690.6,2026-05-15,79,0.2169268772196854,653.0,0.9455545902114104,694.4759232310838,-0.0615803645432088,True,put,9.92,9.95,9.935,0.0299999999999993,0.0030196275792651,25.0,160.0,0.1936115795898437,0.20446054702898972,newton,-0.2418589572932466,100.61524096013451
2026-02-25 10:43:14,690.6,2026-05-15,79,0.2169268772196854,654.0,0.947002606429192,694.4759232310838,-0.0600501423624412,True,put,10.03,10.07,10.05,0.0400000000000009,0.0039800995024876,10.0,574.0,0.1920246813964844,0.20288434479580797,newton,-0.24546203415002826,101.4176395548085
2026-02-25 10:43:14,690.6,2026-05-15,79,0.2169268772196854,655.0,0.9484506226469736,694.4759232310838,-0.0585222581843879,True,put,10.27,10.31,10.29,0.0400000000000009,0.0038872691933917,20.0,836.0,0.1915516636657714,0.20250654997633122,newton,-0.25022139278532235,102.4570276970513
2026-02-25 10:43:14,690.6,2026-05-15,79,0.2169268772196854,656.0,0.9498986388647552,694.4759232310838,-0.0569967048755508,True,put,10.39,10.43,10.41,0.0399999999999991,0.0038424591738711,406.0,445.0,0.1899037309265137,0.20092314154141833,newton,-0.25396773771999487,103.25890396460147
2026-02-25 10:43:14,690.6,2026-05-15,79,0.2169268772196854,660.0,0.9556907037358818,694.4759232310838,-0.0509176587991686,True,put,11.15,11.18,11.165,0.0299999999999993,0.0026869682042095,12.0,4803.0,0.1855245022583007,0.1969270366263448,newton,-0.27178761480344,106.88021970493267
2026-02-25 10:43:14,690.6,2026-05-15,79,0.2169268772196854,661.0,0.9571387199536634,694.4759232310838,-0.0494036539679535,True,put,11.31,11.35,11.33,0.0399999999999991,0.0035304501323918,12.0,470.0,0.1841817422485351,0.19562143355595177,newton,-0.2761718769238983,107.72312831478388
2026-02-25 10:43:14,690.6,2026-05-15,79,0.2169268772196854,665.0,0.96293078482479,694.4759232310838,-0.0433704531637857,True,put,12.15,12.19,12.17,0.0399999999999991,0.0032867707477402,35.0,1777.0,0.1798788067626953,0.19171033355692882,newton,-0.29560966764235946,111.23723929925376
2026-02-25 10:43:14,690.6,2026-05-15,79,0.2169268772196854,666.0,0.9643788010425716,694.4759232310838,-0.0418678232792507,True,put,12.33,12.37,12.35,0.0399999999999991,0.003238866396761,11.0,1393.0,0.178444494934082,0.19037224638978123,newton,-0.3003882049024116,112.0462912457464
2026-02-25 10:43:14,690.6,2026-05-15,79,0.2169268772196854,667.0,0.9658268172603532,694.4759232310838,-0.0403674479040161,True,put,12.57,12.61,12.59,0.0399999999999991,0.0031771247021444,10.0,762.0,0.1774984594726562,0.1895326783712617,newton,-0.3056392838914274,112.9107655658462
2026-02-25 10:43:14,690.6,2026-05-15,79,0.2169268772196854,670.0,0.9701708659136982,694.4759232310838,-0.0358797814346281,True,put,13.23,13.27,13.25,0.0399999999999991,0.0030188679245282,86.0,1614.0,0.1738821626281738,0.18624949319611972,newton,-0.32132003113998675,115.3409174687271
2026-02-25 10:43:14,690.6,2026-05-15,79,0.2169268772196854,671.0,0.9716188821314798,694.4759232310838,-0.034388356847958,True,put,13.4,13.45,13.425,0.0499999999999989,0.0037243947858472,79.0,225.0,0.1722647471618652,0.1846910974523984,newton,-0.3264038068982209,116.08068272300368
2026-02-25 10:43:14,690.6,2026-05-15,79,0.2169268772196854,673.0,0.9745149145670432,694.4759232310838,-0.0314121641749121,True,put,13.92,13.97,13.945,0.0500000000000007,0.0035855145213338,82.0,186.0,0.1702353485107422,0.1829194484872267,newton,-0.3377764276999609,117.65143973722735
2026-02-25 10:43:14,690.6,2026-05-15,79,0.2169268772196854,674.0,0.9759629307848248,694.4759232310838,-0.0299273829073328,True,put,14.1,14.15,14.125,0.0500000000000007,0.0035398230088496,52.0,128.0,0.1684958639526367,0.1812933619664576,newton,-0.3431231645985592,118.3500762341566
2026-02-25 10:43:14,690.6,2026-05-15,79,0.2169268772196854,675.0,0.9774109470026064,694.4759232310838,-0.02844480294711,True,put,14.41,14.46,14.435,0.0500000000000007,0.0034638032559751,32.0,1975.0,0.1677939666748047,0.18072409954219953,newton,-0.34922767102512026,119.11683688906031
2026-02-25 10:43:14,690.6,2026-05-15,79,0.2169268772196854,678.0,0.9817549956559514,694.4759232310838,-0.0240102058792443,True,put,15.18,15.23,15.205,0.0500000000000007,0.0032883919763236,60.0,157.0,0.1640556007385254,0.17740760145335985,newton,-0.3671061824037314,121.1749017191196
2026-02-25 10:43:14,690.6,2026-05-15,79,0.2169268772196854,679.0,0.9832030118737328,694.4759232310838,-0.0225363662609437,True,put,15.38,15.43,15.405,0.0499999999999989,0.003245699448231,33.0,145.0,0.162270340270996,0.17575056980704645,newton,-0.37298461196394095,121.79107697497106
2026-02-25 10:43:14,690.6,2026-05-15,79,0.2169268772196854,680.0,0.9846510280915146,694.4759232310838,-0.0210646956494874,True,put,15.76,15.8,15.78,0.0400000000000009,0.0025348542458809,22.0,1973.0,0.1617973225402831,0.17548402436852586,newton,-0.3796485775407988,122.4536986862937
2026-02-25 10:43:14,690.6,2026-05-15,79,0.2169268772196854,681.0,0.9860990443092962,694.4759232310838,-0.0195951876701274,True,put,16.03,16.08,16.055,0.0499999999999971,0.0031142946122701,10.0,724.0,0.1605461143493652,0.17435119911471597,newton,-0.38598087701129796,123.04818105805491
2026-02-25 10:43:14,690.6,2026-05-15,79,0.2169268772196854,684.0,0.9904430929626412,694.4759232310838,-0.0151995761970894,True,put,16.89,16.94,16.915,0.0500000000000007,0.0029559562518475,82.0,371.0,0.1566399034118652,0.170957788684607,newton,-0.4055928144075949,124.67372188943463
2026-02-25 10:43:14,690.6,2026-05-15,79,0.2169268772196854,685.0,0.9918911091804228,694.4759232310838,-0.0137386555574146,True,put,17.18,17.23,17.205,0.0500000000000007,0.00290613193839,110.0,5861.0,0.1552666261291504,0.16975838233282795,newton,-0.4123157349307347,125.15646120369406
2026-02-25 10:43:14,690.6,2026-05-15,79,0.2169268772196854,686.0,0.9933391253982043,694.4759232310838,-0.0122798660937546,True,put,17.54,17.59,17.564999999999998,0.0500000000000007,0.0028465698832906,183.0,579.0,0.154381625213623,0.1690677514562649,newton,-0.41928456616497484,125.61697804131906
2026-02-25 10:43:14,690.6,2026-05-15,79,0.2169268772196854,687.0,0.994787141615986,694.4759232310838,-0.0108232015972905,True,put,17.87,17.92,17.895000000000003,0.0500000000000007,0.0027940765576977,124.0,625.0,0.1532067102050781,0.16808626749806796,newton,-0.4262576363814444,126.0372887367543
2026-02-25 10:43:14,690.6,2026-05-15,79,0.2169268772196854,688.0,0.9962351578337676,694.4759232310838,-0.0093686558862962,True,put,18.2,18.25,18.225,0.0500000000000007,0.0027434842249657,36.0,1163.0,0.1519707606506348,0.16705320528390355,newton,-0.4333136889302766,126.42151490421574
2026-02-25 10:43:14,690.6,2026-05-15,79,0.2169268772196854,689.0,0.9976831740515494,694.4759232310838,-0.0079162228059813,True,put,18.55,18.6,18.575000000000003,0.0500000000000007,0.0026917900403768,11.0,1067.0,0.1508263629150391,0.16612582037478793,newton,-0.4404822766988913,126.76967432632587
2026-02-25 10:43:14,690.6,2026-05-15,79,0.2169268772196854,690.0,0.999131190269331,694.4759232310838,-0.0064658962283347,True,put,18.85,18.9,18.875,0.0499999999999971,0.0026490066225164,268.0,2527.0,0.1492394647216797,0.16475151136816818,newton,-0.4476898086851025,127.07696678356906
2026-02-25 10:43:14,690.6,2026-05-15,79,0.2169268772196854,691.0,1.0005792064871126,694.4759232310838,-0.0050176700519699,True,put,19.15,19.21,19.18,0.0600000000000022,0.0031282586027112,52.0,1335.0,0.1476830838012695,0.16336410506897558,newton,-0.4550213814025497,127.34566707244028
2026-02-25 10:43:14,690.6,2026-05-15,79,0.2169268772196854,694.0,1.0049232551404574,694.4759232310838,-0.0006855333128354,True,put,20.29,20.34,20.315,0.0500000000000007,0.0024612355402412,11.0,340.0,0.1441278215026855,0.16059601137698773,newton,-0.47768524958443526,127.89735175841459
2026-02-25 10:43:14,690.6,2026-05-15,79,0.2169268772196854,695.0,1.0063712713582391,694.4759232310838,0.0007543517451523,False,put,20.66,20.72,20.69,0.0599999999999987,0.0028999516674721,13.0,1495.0,0.1428460960388183,0.15953268654423577,newton,-0.4854245153158332,127.98942454663904
2026-02-25 10:43:14,690.6,2026-05-15,79,0.2169268772196854,696.0,1.0078192875760208,694.4759232310838,0.0021921665147798,False,put,21.0,21.06,21.03,0.0599999999999987,0.0028530670470755,10.0,238.0,0.1411676460266113,0.15813731176598958,newton,-0.493314675613655,128.03288848288796
2026-02-25 10:43:14,690.6,2026-05-15,79,0.2169268772196854,700.0,1.0136113524471473,694.4759232310838,0.0079228412237646,False,put,22.82,22.88,22.85,0.0599999999999987,0.0026258205689277,26.0,1946.0,0.137352986907959,0.1555439755672804,newton,-0.5250366052972524,127.69407276188024
2026-02-25 10:43:14,690.6,2026-05-15,79,0.2169268772196854,701.0,1.015059368664929,694.4759232310838,0.0093503932149501,False,put,23.27,23.33,23.299999999999997,0.0599999999999987,0.0025751072961372,24.0,568.0,0.136178071899414,0.15470155250691597,newton,-0.5331640920569326,127.47472003623471
2026-02-25 10:43:14,690.6,2026-05-15,79,0.2169268772196854,705.0,1.0208514335360557,694.4759232310838,0.0150403089926287,False,put,24.94,25.25,25.095,0.3099999999999987,0.0123530583781629,11.0,261.0,0.1316004809570312,0.1506388182381337,newton,-0.5667018044602437,125.99469409946173
2026-02-25 10:43:14,690.6,2026-05-29,93,0.2552830416032471,665.0,0.96293078482479,695.2818378336419,-0.0445302447698827,False,call,43.91,44.1,44.004999999999995,0.1900000000000048,0.0043176911714578,12.0,1274.0,0.2150804811096191,0.19392008463640842,newton,0.6863485764913637,122.33376865360002
2026-02-25 10:43:14,690.6,2026-05-29,93,0.2552830416032471,675.0,0.9774109470026064,695.2818378336419,-0.0296045945532071,False,call,36.37,36.59,36.48,0.2200000000000059,0.0060307017543861,19.0,438.0,0.2030261582946776,0.18398539205911182,newton,0.636547584363232,129.918091948619
2026-02-25 10:43:14,690.6,2026-05-29,93,0.2552830416032471,681.0,0.9860990443092962,695.2818378336419,-0.0207549792762245,False,call,31.9,32.17,32.035,0.2700000000000031,0.0084282815670361,27.0,213.0,0.1949238223266601,0.176920999504925,newton,0.6034917085285265,133.64224184258882
2026-02-25 10:43:14,690.6,2026-05-29,93,0.2552830416032471,700.0,1.0136113524471473,695.2818378336419,0.0067630496176677,True,call,19.56,19.6,19.58,0.0400000000000027,0.0020429009193055,125.0,1455.0,0.1703345296478271,0.15677053134519317,newton,0.4773367279978663,138.71889925219173
2026-02-25 10:43:14,690.6,2026-05-29,93,0.2552830416032471,715.0,1.035331595713872,695.2818378336419,0.0279652572682706,True,call,11.72,11.76,11.74,0.0399999999999991,0.0034071550255535,11.0,809.0,0.1532219688415527,0.14212040805351578,newton,0.35852937411927177,130.45129351891038
2026-02-25 10:43:14,690.6,2026-05-29,93,0.2552830416032471,720.0,1.0425716768027802,695.2818378336419,0.0349339265843641,True,call,9.61,9.65,9.63,0.0400000000000009,0.0041536863966771,11.0,986.0,0.1482018774414062,0.13783775383210187,newton,0.3173944452825853,124.53048926470896
2026-02-25 10:43:14,690.6,2026-05-29,93,0.2552830416032471,750.0,1.0860121633362294,695.2818378336419,0.0757559211046191,True,call,2.2,2.21,2.205,0.0099999999999997,0.0045351473922901,18.0,1350.0,0.1269923727416992,0.12013111949402873,newton,0.11063735718081724,66.15731906711711
2026-02-25 10:43:14,690.6,2026-05-29,93,0.2552830416032471,755.0,1.0932522444251376,695.2818378336419,0.0824004638232878,True,call,1.68,1.7,1.69,0.02,0.0118343195266272,13.0,576.0,0.1256190954589844,0.11903588838963258,newton,0.0892995230784112,56.58297775669633
2026-02-25 10:43:14,690.6,2026-05-29,93,0.2552830416032471,765.0,1.107732406602954,695.2818378336419,0.0955585484007988,True,call,0.97,0.99,0.98,0.02,0.0204081632653061,27.0,1173.0,0.1236659899902343,0.11763988839490633,newton,0.05676139447094087,39.98449141844096
2026-02-25 10:43:14,690.6,2026-05-29,93,0.2552830416032471,770.0,1.114972487691862,695.2818378336419,0.1020732294219926,True,call,0.74,0.76,0.75,0.02,0.0266666666666666,15.0,858.0,0.1232387481689453,0.11748437779898996,newton,0.045107685652670766,33.30231712436087
2026-02-25 10:43:14,690.6,2026-05-29,93,0.2552830416032471,775.0,1.1222125687807702,695.2818378336419,0.10854574392761,True,call,0.57,0.59,0.58,0.02,0.0344827586206896,87.0,604.0,0.1232997827148437,0.11773271001009092,newton,0.03599350799188767,27.728524796429696
2026-02-25 10:43:14,690.6,2026-05-29,93,0.2552830416032471,780.0,1.1294526498696784,695.2818378336419,0.1149766342579005,True,call,0.45,0.46,0.455,0.01,0.0219780219780219,21.0,809.0,0.1236049554443359,0.11837753148652387,newton,0.02894953230189314,23.169816492800443
2026-02-25 10:43:14,690.6,2026-05-29,93,0.2552830416032471,435.0,0.629887054735013,695.2818378336419,-0.4689712543370528,True,put,0.9,0.92,0.91,0.02,0.0219780219780219,12.0,1275.0,0.4449518395996094,0.4520212682439135,newton,-0.014956238971567415,13.253194501576605
2026-02-25 10:43:14,690.6,2026-05-29,93,0.2552830416032471,450.0,0.6516072980017376,695.2818378336419,-0.4350697026613715,True,put,1.05,1.06,1.0550000000000002,0.01,0.0094786729857819,16.0,390.0,0.4254207849121094,0.43291745298638684,newton,-0.0177706896730996,15.361260051935476
2026-02-25 10:43:14,690.6,2026-05-29,93,0.2552830416032471,470.0,0.6805676223573703,695.2818378336419,-0.3915845907216327,True,put,1.25,1.27,1.26,0.02,0.0158730158730158,10.0,176.0,0.3991759301757813,0.40655200057830215,newton,-0.022062846639030048,18.455827737325876
2026-02-25 10:43:14,690.6,2026-05-29,93,0.2552830416032471,480.0,0.6950477845351868,695.2818378336419,-0.3705311815238003,True,put,1.38,1.4,1.39,0.02,0.0143884892086331,20.0,355.0,0.3867248828124999,0.39416219013867965,newton,-0.024762527371205545,20.337593567475853
2026-02-25 10:43:14,690.6,2026-05-29,93,0.2552830416032471,515.0,0.7457283521575442,695.2818378336419,-0.3001503847620007,True,put,1.93,1.94,1.935,0.01,0.0051679586563307,19.0,174.0,0.3424138024902343,0.3503731015419718,newton,-0.036870490088250794,28.279831002643764
2026-02-25 10:43:14,690.6,2026-05-29,93,0.2552830416032471,550.0,0.7964089197799015,695.2818378336419,-0.2343990071992203,True,put,2.82,2.84,2.83,0.02,0.0070671378091872,503.0,1647.0,0.3017342776489258,0.3100317653387246,newton,-0.057136351902360265,40.19212697091363
2026-02-25 10:43:14,690.6,2026-05-29,93,0.2552830416032471,575.0,0.8326093252244425,695.2818378336419,-0.1899472446283865,True,put,3.81,3.83,3.82,0.02,0.0052356020942408,10.0,507.0,0.2739940765380859,0.28278238693348884,newton,-0.07988719701326828,52.053025309697325
2026-02-25 10:43:14,690.6,2026-05-29,93,0.2552830416032471,592.0,0.8572256009267304,695.2818378336419,-0.1608106505417312,True,put,4.73,4.76,4.745,0.0299999999999993,0.0063224446786089,21.0,103.0,0.2556531954956055,0.26479412652761786,newton,-0.10130847866133802,62.08364106377457
2026-02-25 10:43:14,690.6,2026-05-29,93,0.2552830416032471,594.0,0.8601216333622936,695.2818378336419,-0.1574379660630919,True,put,4.86,4.89,4.875,0.0299999999999993,0.006153846153846,130.0,209.0,0.2535780209350586,0.26276589280941987,newton,-0.10428003952879572,63.399491938986294
2026-02-25 10:43:14,690.6,2026-05-29,93,0.2552830416032471,600.0,0.8688097306689835,695.2818378336419,-0.1473876302095906,True,put,5.27,5.3,5.285,0.0300000000000002,0.0056764427625355,14.0,47863.0,0.2472304281616211,0.2566188009758899,newton,-0.11371517133576271,67.46520168575488
2026-02-25 10:43:14,690.6,2026-05-29,93,0.2552830416032471,620.0,0.8977700550246163,695.2818378336419,-0.1145978073865996,True,put,6.97,7.0,6.984999999999999,0.0300000000000002,0.0042949176807444,44.0,3812.0,0.2262803202819824,0.2364381187100295,newton,-0.15268793634331462,82.62401297531947
2026-02-25 10:43:14,690.6,2026-05-29,93,0.2552830416032471,625.0,0.9050101361135244,695.2818378336419,-0.1065656356893354,True,put,7.48,7.52,7.5,0.0399999999999991,0.0053333333333332,31.0,1160.0,0.2210466079711914,0.23137941253650146,newton,-0.164503234615875,86.75105628401957
2026-02-25 10:43:14,690.6,2026-05-29,93,0.2552830416032471,628.0,0.9093541847668694,695.2818378336419,-0.1017771189575382,True,put,7.8,7.84,7.82,0.04,0.0051150895140665,41.0,401.0,0.2177507424926758,0.2282354109238206,newton,-0.17195890243239392,89.25247301877076
2026-02-25 10:43:14,690.6,2026-05-29,93,0.2552830416032471,635.0,0.9194902982913408,695.2818378336419,-0.0906922865330452,True,put,8.64,8.68,8.66,0.0399999999999991,0.0046189376443417,36.0,275.0,0.2103503038024902,0.22120391200771733,newton,-0.19111308137282662,95.33118491288309
2026-02-25 10:43:14,690.6,2026-05-29,93,0.2552830416032471,640.0,0.926730379380249,695.2818378336419,-0.0828491090720193,True,put,9.28,9.33,9.305,0.0500000000000007,0.0053734551316497,89.0,490.0,0.2049029705810546,0.21599906168909988,newton,-0.2060028182486518,99.72666662031168
2026-02-25 10:43:14,690.6,2026-05-29,93,0.2552830416032471,649.0,0.9397625253402838,695.2818378336419,-0.0688845687216468,True,put,10.63,10.67,10.65,0.0399999999999991,0.0037558685446008,63.0,392.0,0.1951832191467285,0.20696404299313192,newton,-0.23635134034349642,107.84737319151607
2026-02-25 10:43:14,690.6,2026-05-29,93,0.2552830416032471,660.0,0.9556907037358818,695.2818378336419,-0.0520774504052656,True,put,12.59,12.63,12.61,0.0400000000000009,0.0031720856463125,26.0,15536.0,0.1832204481506347,0.19594269221660707,newton,-0.27988258597312793,117.66954819355811
2026-02-25 10:43:14,690.6,2026-05-29,93,0.2552830416032471,665.0,0.96293078482479,695.2818378336419,-0.0445302447698827,True,put,13.56,13.62,13.59,0.0599999999999987,0.0044150110375275,34.0,640.0,0.1774221662902831,0.19056106273059414,newton,-0.30201354652216733,121.89027251314702
2026-02-25 10:43:14,690.6,2026-05-29,93,0.2552830416032471,675.0,0.9774109470026064,695.2818378336419,-0.0296045945532071,True,put,15.92,15.98,15.95,0.0600000000000005,0.0037617554858934,11.0,376.0,0.1662528443908691,0.1806440507251434,newton,-0.3524397174989964,129.67738918130735
2026-02-25 10:43:14,690.6,2026-05-29,93,0.2552830416032471,676.0,0.978858963220388,695.2818378336419,-0.0281242093827728,True,put,16.2,16.25,16.225,0.0500000000000007,0.0030816640986132,206.0,342.0,0.1651847398376464,0.17976415562742284,newton,-0.3579673870377725,130.3813458867408
2026-02-25 10:43:14,690.6,2026-05-29,93,0.2552830416032471,678.0,0.9817549956559514,695.2818378336419,-0.0251699974853413,True,put,16.68,16.73,16.705,0.0500000000000007,0.0029931158335828,206.0,478.0,0.1624992198181152,0.17735965328399708,newton,-0.36892570427036314,131.69154749173904
2026-02-25 10:43:14,690.6,2026-05-29,93,0.2552830416032471,680.0,0.9846510280915146,695.2818378336419,-0.0222244872555845,True,put,17.29,17.35,17.32,0.0600000000000022,0.0034642032332564,42.0,882.0,0.1606681834411621,0.17582878016729706,newton,-0.3806405393601878,132.96776327161155
2026-02-25 10:43:14,690.6,2026-05-29,93,0.2552830416032471,690.0,0.999131190269331,695.2818378336419,-0.0076256878344318,True,put,20.35,20.42,20.385,0.0700000000000002,0.0034338974736325,52.0,1557.0,0.1485833433532715,0.1656353057191641,newton,-0.4430205722355994,137.64220630995155
2026-02-25 10:43:14,690.6,2026-05-29,93,0.2552830416032471,700.0,1.0136113524471473,695.2818378336419,0.0067630496176677,False,put,24.22,24.29,24.255,0.0700000000000002,0.0028860028860028,34.0,1054.0,0.1369562623596191,0.1567705313451929,newton,-0.5135151832260039,138.7188992521917
2026-02-25 10:43:14,690.6,2026-05-29,93,0.2552830416032471,705.0,1.0208514335360557,695.2818378336419,0.0138805173865318,False,put,26.47,26.73,26.6,0.2600000000000015,0.0097744360902256,12.0,106.0,0.1324397059631348,0.15338013288900074,newton,-0.5507292796719587,137.50307830825986
2026-02-25 10:43:14,690.6,2026-06-18,113,0.3100775621511923,650.0,0.9412105415580654,696.3348174338574,-0.0688582413041001,False,call,59.08,59.37,59.224999999999994,0.2899999999999991,0.0048965808357956,46.0,6126.0,0.2368850726318359,0.2104401670076351,newton,0.7327019979207264,124.14772446521609
2026-02-25 10:43:14,690.6,2026-06-18,113,0.3100775621511923,665.0,0.96293078482479,696.3348174338574,-0.0460435635379287,False,call,47.12,47.36,47.239999999999995,0.240000000000002,0.0050804403048264,56.0,4912.0,0.2181016911315917,0.19517413548172727,newton,0.676083909013322,136.45886156396796
2026-02-25 10:43:14,690.6,2026-06-18,113,0.3100775621511923,675.0,0.9774109470026064,696.3348174338574,-0.031117913321253,False,call,39.71,39.9,39.805,0.1899999999999977,0.0047732696897374,62.0,4495.0,0.2066119378662109,0.18598695402974902,newton,0.6305949643347026,143.7712923064069
2026-02-25 10:43:14,690.6,2026-06-18,113,0.3100775621511923,680.0,0.9846510280915146,696.3348174338574,-0.0237378060236304,False,call,36.01,36.2,36.105,0.1900000000000048,0.0052624290264507,37.0,4537.0,0.2001117587280273,0.18046888922597729,newton,0.6059349987199246,146.82382636884154
2026-02-25 10:43:14,690.6,2026-06-18,113,0.3100775621511923,685.0,0.9918911091804228,696.3348174338574,-0.0164117659315576,False,call,32.5,32.67,32.585,0.1700000000000017,0.0052171244437625,12.0,9474.0,0.1940235627746582,0.17542401502167182,newton,0.579334364468945,149.41845567591065
2026-02-25 10:43:14,690.6,2026-06-18,113,0.3100775621511923,690.0,0.999131190269331,696.3348174338574,-0.0091390066024778,False,call,29.1,29.29,29.195,0.1899999999999977,0.006507963692413,550.0,9119.0,0.1881489877319335,0.17042833223470696,newton,0.5509663687950546,151.40082774798486
2026-02-25 10:43:14,690.6,2026-06-18,113,0.3100775621511923,695.0,1.0063712713582391,696.3348174338574,-0.0019187586289908,False,call,25.87,25.92,25.895000000000003,0.0500000000000007,0.0019308746862328,17.0,7603.0,0.1814962222290039,0.16514403974489691,newton,0.5208013214706111,152.6318388170083
2026-02-25 10:43:14,690.6,2026-06-18,113,0.3100775621511923,700.0,1.0136113524471473,696.3348174338574,0.0052497308496217,True,call,22.87,22.89,22.880000000000003,0.0199999999999995,0.0008741258741258,51.0,23236.0,0.1761328115081787,0.16076941030940248,newton,0.4889744792594243,152.95848787108122
2026-02-25 10:43:14,690.6,2026-06-18,113,0.3100775621511923,705.0,1.0208514335360557,696.3348174338574,0.0123671986184856,True,call,19.91,19.96,19.935,0.0500000000000007,0.0025081514923501,23.0,9614.0,0.1704184521484375,0.15581630375753713,newton,0.45539652953675824,152.2231050775924
2026-02-25 10:43:14,690.6,2026-06-18,113,0.3100775621511923,710.0,1.0280915146249638,696.3348174338574,0.0194343658415783,True,call,17.18,17.22,17.2,0.0399999999999991,0.0023255813953487,81.0,9432.0,0.1648643084716797,0.1511217311784245,newton,0.4203788240969901,150.26901305210455
2026-02-25 10:43:14,690.6,2026-06-18,113,0.3100775621511923,715.0,1.035331595713872,696.3348174338574,0.0264519385002247,True,call,14.67,14.7,14.685,0.0299999999999993,0.0020429009193053,103.0,18716.0,0.1596000788879394,0.14668277082102618,newton,0.38427115553114843,146.96811313888193
2026-02-25 10:43:14,690.6,2026-06-18,113,0.3100775621511923,720.0,1.0425716768027802,696.3348174338574,0.033420607816318,True,call,12.47,12.5,12.485,0.0299999999999993,0.0024028834601521,90.0,9053.0,0.155281884765625,0.1431112609040498,newton,0.3482372496160631,142.34312343474878
2026-02-25 10:43:14,690.6,2026-06-18,113,0.3100775621511923,725.0,1.0498117578916883,696.3348174338574,0.0403410506608917,True,call,10.4,10.44,10.42,0.0399999999999991,0.0038387715930901,69.0,22462.0,0.1506127420043945,0.13913317857515836,newton,0.3114232621145346,136.19977517259832
2026-02-25 10:43:14,690.6,2026-06-18,113,0.3100775621511923,730.0,1.0570518389805963,696.3348174338574,0.0472139299486539,True,call,8.55,8.58,8.565000000000001,0.0299999999999993,0.0035026269702275,17.0,13767.0,0.1460046337890624,0.13522781270134504,newton,0.27472882862038644,128.585656997224
2026-02-25 10:43:14,690.6,2026-06-18,113,0.3100775621511923,740.0,1.0715320011584129,696.3348174338574,0.0608195820044324,True,call,5.69,5.72,5.705,0.0299999999999993,0.0052585451358456,1046.0,11814.0,0.1391687646484375,0.12959793068836106,newton,0.20759250869922455,110.48604161843576
2026-02-25 10:43:14,690.6,2026-06-18,113,0.3100775621511923,745.0,1.0787720822473212,696.3348174338574,0.0675536141857767,True,call,4.54,4.57,4.555,0.0300000000000002,0.0065861690450055,34.0,15556.0,0.1359339337158203,0.1268999392119623,newton,0.17663248585973473,100.12905451782137
2026-02-25 10:43:14,690.6,2026-06-18,113,0.3100775621511923,750.0,1.0860121633362294,696.3348174338574,0.0742426023365732,True,call,3.62,3.65,3.635,0.0299999999999998,0.0082530949105914,34.0,17968.0,0.1334772932434081,0.12490695203057253,newton,0.14921279133670012,89.75619403453823
2026-02-25 10:43:14,690.6,2026-06-18,113,0.3100775621511923,755.0,1.0932522444251376,696.3348174338574,0.0808871450552417,True,call,2.86,2.89,2.875,0.0300000000000002,0.0104347826086957,22.0,8572.0,0.131295308227539,0.12314657414079842,newton,0.1246476945354097,79.39468752271416
2026-02-25 10:43:14,690.6,2026-06-18,113,0.3100775621511923,760.0,1.1004923255140455,696.3348174338574,0.0874878290865937,True,call,2.25,2.28,2.2649999999999997,0.0299999999999998,0.0132450331125826,10.0,8033.0,0.1294947891235351,0.12174947504163255,newton,0.10329613836934871,69.46239907087117
2026-02-25 10:43:14,690.6,2026-06-18,113,0.3100775621511923,770.0,1.114972487691862,696.3348174338574,0.1005599106539466,True,call,1.39,1.4,1.395,0.01,0.007168458781362,67.0,7538.0,0.1267787518310547,0.11987035555965024,newton,0.06957353156053872,51.68506653519118
2026-02-25 10:43:14,690.6,2026-06-18,113,0.3100775621511923,775.0,1.1222125687807702,696.3348174338574,0.107032425159564,True,call,1.09,1.11,1.1,0.02,0.0181818181818181,663.0,4310.0,0.1262294409179687,0.11948080927708127,newton,0.056936067921028406,44.222174011119655
2026-02-25 10:43:14,690.6,2026-06-18,113,0.3100775621511923,780.0,1.1294526498696784,696.3348174338574,0.1134633154898545,True,call,0.87,0.88,0.875,0.01,0.0114285714285714,60.0,3928.0,0.1258632336425781,0.11948552978366811,newton,0.04673274527878696,37.80302172114798
2026-02-25 10:43:14,690.6,2026-06-18,113,0.3100775621511923,790.0,1.143932812047495,696.3348174338574,0.1262023412672842,True,call,0.55,0.56,0.555,0.01,0.018018018018018,1040.0,5358.0,0.1258632336425781,0.11990021713007416,newton,0.031315669527176765,27.285125040890335
2026-02-25 10:43:14,690.6,2026-06-18,113,0.3100775621511923,800.0,1.1584129742253113,696.3348174338574,0.1387811234741444,True,call,0.36,0.37,0.365,0.01,0.0273972602739726,32.0,16445.0,0.12696185546875,0.1212979221612002,newton,0.021404944175147225,19.850929272686372
2026-02-25 10:43:14,690.6,2026-06-18,113,0.3100775621511923,810.0,1.1728931364031276,696.3348174338574,0.1512036434727014,True,call,0.24,0.25,0.245,0.01,0.0408163265306122,20.0,1483.0,0.1285487536621093,0.12312811967481618,newton,0.014798363530863043,14.49173999716223
2026-02-25 10:43:14,690.6,2026-06-18,113,0.3100775621511923,820.0,1.187373298580944,696.3348174338574,0.1634737360645159,True,call,0.17,0.18,0.175,0.0099999999999999,0.057142857142857,114.0,11099.0,0.1313563427734375,0.1259353872037887,newton,0.01071596773460246,10.960739170428042
2026-02-25 10:43:14,690.6,2026-06-18,113,0.3100775621511923,835.0,1.2090935418476687,696.3348174338574,0.1816011206570726,True,call,0.1,0.11,0.105,0.0099999999999999,0.0952380952380951,16.0,351.0,0.1350184155273437,0.12979842119164714,newton,0.006561955611858507,7.12755211679978
2026-02-25 10:43:14,690.6,2026-06-18,113,0.3100775621511923,245.0,0.3547639733565015,696.3348174338574,-1.044572393649056,True,put,0.17,0.18,0.175,0.0099999999999999,0.057142857142857,80.0,22455.0,0.6914093359375001,0.6990193281012234,newton,-0.001977553168897276,2.4308542039340257
2026-02-25 10:43:14,690.6,2026-06-18,113,0.3100775621511923,250.0,0.3620040544454098,696.3348174338574,-1.0243696863315366,True,put,0.18,0.19,0.185,0.01,0.0540540540540541,70.0,19728.0,0.6821320849609377,0.6900835494287492,newton,-0.002108684080422324,2.576678303094052
2026-02-25 10:43:14,690.6,2026-06-18,113,0.3100775621511923,280.0,0.4054445409788589,696.3348174338574,-0.9110410010245332,True,put,0.26,0.28,0.27,0.02,0.0740740740740741,200.0,4059.0,0.6352575537109376,0.6432193467343558,newton,-0.0032020204739000566,3.7577963590691876
2026-02-25 10:43:14,690.6,2026-06-18,113,0.3100775621511923,300.0,0.4344048653344917,696.3348174338574,-0.8420481295375819,True,put,0.34,0.35,0.345,0.0099999999999999,0.0289855072463766,12106.0,21701.0,0.6064492480468751,0.6143910664946267,newton,-0.004193165137250329,4.7861028742365965
2026-02-25 10:43:14,690.6,2026-06-18,113,0.3100775621511923,305.0,0.4416449464233999,696.3348174338574,-0.8255188275863713,True,put,0.36,0.37,0.365,0.01,0.0273972602739726,30.0,854.0,0.5991251025390626,0.6071437203608147,newton,-0.0044665579081921425,5.063998733557116
2026-02-25 10:43:14,690.6,2026-06-18,113,0.3100775621511923,310.0,0.4488850275123081,696.3348174338574,-0.8092583067145909,True,put,0.38,0.39,0.385,0.01,0.0259740259740259,156.0,1135.0,0.5918009570312501,0.5997961466499063,newton,-0.004745958409952995,5.345708107589864
2026-02-25 10:43:14,690.6,2026-06-18,113,0.3100775621511923,325.0,0.4706052707790327,696.3348174338574,-0.7620054218640454,True,put,0.44,0.45,0.445,0.01,0.0224719101123595,35.0,1728.0,0.569340244140625,0.5773183529476587,newton,-0.005622774444722935,6.215997281241566
2026-02-25 10:43:14,690.6,2026-06-18,113,0.3100775621511923,330.0,0.4778453518679409,696.3348174338574,-0.746737949733257,True,put,0.47,0.48,0.475,0.01,0.0210526315789473,11.0,1287.0,0.5632367895507813,0.5712477390766495,newton,-0.0060278754292307415,6.6116287319919005
2026-02-25 10:43:14,690.6,2026-06-18,113,0.3100775621511923,335.0,0.4850854329568491,696.3348174338574,-0.7317000723687165,True,put,0.49,0.5,0.495,0.01,0.0202020202020202,35.0,438.0,0.5556685058593751,0.5635523101603683,newton,-0.006341930178281926,6.915761376707496
2026-02-25 10:43:14,690.6,2026-06-18,113,0.3100775621511923,385.0,0.557486243845931,696.3348174338574,-0.5925872699059986,True,put,0.81,0.82,0.815,0.0099999999999998,0.0122699386503066,12.0,2993.0,0.4896291271972657,0.49733772226146783,newton,-0.011230267085035004,11.41683037207381
2026-02-25 10:43:14,690.6,2026-06-18,113,0.3100775621511923,390.0,0.5647263249348392,696.3348174338574,-0.5796838650700907,True,put,0.84,0.85,0.845,0.01,0.0118343195266272,806.0,1164.0,0.48242705078125,0.4901282251345703,newton,-0.011765435274525149,11.887731165170692
2026-02-25 10:43:14,690.6,2026-06-18,113,0.3100775621511923,400.0,0.5792064871126557,696.3348174338574,-0.5543660570858009,True,put,0.93,0.93,0.93,0.0,0.0,15.0,16330.0,0.4693656579589844,0.4775636839025776,newton,-0.013143504604135192,13.083960236808345
2026-02-25 10:43:14,690.6,2026-06-18,113,0.3100775621511923,420.0,0.6081668114682884,696.3348174338574,-0.505575892916369,True,put,1.11,1.12,1.1150000000000002,0.01,0.0089686098654708,26.0,11864.0,0.4443414941406249,0.4523431510704503,newton,-0.016275231441172537,15.723990584374683
2026-02-25 10:43:14,690.6,2026-06-18,113,0.3100775621511923,425.0,0.6154068925571966,696.3348174338574,-0.493741435269366,True,put,1.16,1.17,1.165,0.01,0.0085836909871244,12.0,9701.0,0.4381159704589844,0.44605162174501245,newton,-0.01714980165302711,16.443759040588215
2026-02-25 10:43:14,690.6,2026-06-18,113,0.3100775621511923,440.0,0.6371271358239212,696.3348174338574,-0.4590558772814761,True,put,1.32,1.33,1.3250000000000002,0.01,0.0075471698113207,21.0,3127.0,0.4191342266845703,0.4272212634139423,newton,-0.020026130611676126,18.76314915576194
2026-02-25 10:43:14,690.6,2026-06-18,113,0.3100775621511923,445.0,0.6443672169128294,696.3348174338574,-0.4477563220275427,True,put,1.38,1.39,1.3849999999999998,0.01,0.0072202166064982,14.0,4129.0,0.412969737548828,0.4211185269888775,newton,-0.021110987893858842,19.620255028134135
2026-02-25 10:43:14,690.6,2026-06-18,113,0.3100775621511923,455.0,0.6588473790906458,696.3348174338574,-0.4255331852428325,True,put,1.51,1.52,1.515,0.01,0.0066006600660066,22.0,1642.0,0.4008848974609375,0.40909362910630465,newton,-0.023481882786939644,21.462520707071448
2026-02-25 10:43:14,690.6,2026-06-18,113,0.3100775621511923,460.0,0.666087460179554,696.3348174338574,-0.4146041147106422,True,put,1.57,1.59,1.58,0.02,0.0126582278481012,10.0,7685.0,0.3949035119628906,0.40292590139496326,newton,-0.024716836732203637,22.406296176738586
2026-02-25 10:43:14,690.6,2026-06-18,113,0.3100775621511923,475.0,0.6878077034462786,696.3348174338574,-0.3825158001591416,True,put,1.79,1.8,1.795,0.01,0.0055710306406685,155.0,2890.0,0.3763490100097656,0.384689248622713,newton,-0.0288689367754788,25.506637195612328
2026-02-25 10:43:14,690.6,2026-06-18,113,0.3100775621511923,480.0,0.6950477845351868,696.3348174338574,-0.3720445002918463,True,put,1.87,1.88,1.875,0.0099999999999997,0.0053333333333332,16.0,13438.0,0.3703065899658203,0.37873105702974397,newton,-0.030430175008512982,26.645399684760843
2026-02-25 10:43:14,690.6,2026-06-18,113,0.3100775621511923,500.0,0.7240081088908196,696.3348174338574,-0.3312225057715912,True,put,2.25,2.26,2.255,0.0099999999999997,0.0044345898004433,2608.0,25323.0,0.3471744970703124,0.355777188318423,newton,-0.03786016301396923,31.88528793783596
2026-02-25 10:43:14,690.6,2026-06-18,113,0.3100775621511923,505.0,0.7312481899797277,696.3348174338574,-0.3212721749184231,True,put,2.35,2.37,2.3600000000000003,0.02,0.0084745762711864,17.0,5064.0,0.3414982843017577,0.3500249540384886,newton,-0.03997712613977536,33.32856554105694
2026-02-25 10:43:14,690.6,2026-06-18,113,0.3100775621511923,510.0,0.7384882710686359,696.3348174338574,-0.3114198784754114,True,put,2.45,2.47,2.46,0.02,0.008130081300813,20.0,8742.0,0.335394829711914,0.34399590102715116,newton,-0.04210364550341791,34.757998168037965
2026-02-25 10:43:14,690.6,2026-06-18,113,0.3100775621511923,515.0,0.7457283521575442,696.3348174338574,-0.3016637035300468,True,put,2.59,2.6,2.595,0.0100000000000002,0.0038535645472062,108.0,5953.0,0.3300237896728515,0.33881751154620704,newton,-0.04470334241641254,36.47899326581381
2026-02-25 10:43:14,690.6,2026-06-18,113,0.3100775621511923,525.0,0.7602085143353605,696.3348174338574,-0.2824323416021592,True,put,2.86,2.88,2.87,0.02,0.0069686411149825,10.0,4363.0,0.319220675048828,0.32803749128745285,newton,-0.05019972304714414,40.027354090592254
2026-02-25 10:43:14,690.6,2026-06-18,113,0.3100775621511923,530.0,0.7674485954242687,696.3348174338574,-0.2729535976476154,True,put,3.0,3.01,3.005,0.0099999999999997,0.0033277870216305,29.0,6943.0,0.3133003240966796,0.32233155793335516,newton,-0.05305211503251735,41.82340150027009
2026-02-25 10:43:14,690.6,2026-06-18,113,0.3100775621511923,535.0,0.774688676513177,696.3348174338574,-0.2635638572977763,True,put,3.17,3.18,3.175,0.0100000000000002,0.0031496062992126,127.0,8144.0,0.3081734222412109,0.3172745226617763,newton,-0.05640274150762565,43.89588735704089
2026-02-25 10:43:14,690.6,2026-06-18,113,0.3100775621511923,540.0,0.7819287576020851,696.3348174338574,-0.2542614646354628,True,put,3.33,3.34,3.335,0.0099999999999997,0.0029985007496251,41.0,6015.0,0.3026192785644531,0.3117888759242841,newton,-0.05974500855180195,45.92487474642801
2026-02-25 10:43:14,690.6,2026-06-18,113,0.3100775621511923,560.0,0.8108890819577179,696.3348174338574,-0.2178938204645879,True,put,4.17,4.19,4.18,0.0200000000000004,0.0047846889952154,30.0,9244.0,0.2823863265991211,0.2918943966425181,newton,-0.07667806733466273,55.671725030890165
2026-02-25 10:43:14,690.6,2026-06-18,113,0.3100775621511923,565.0,0.8181291630466261,696.3348174338574,-0.2090048730473419,True,put,4.41,4.43,4.42,0.0199999999999995,0.0045248868778279,15.0,5374.0,0.277228907470703,0.2868444775297158,newton,-0.08159668140713038,58.35127127784356
2026-02-25 10:43:14,690.6,2026-06-18,113,0.3100775621511923,600.0,0.8688097306689835,696.3348174338574,-0.1489009489776365,True,put,6.73,6.75,6.74,0.0199999999999995,0.002967359050445,1052.0,22048.0,0.242622319946289,0.2533286925390229,newton,-0.1286219284673749,81.1447321725477
2026-02-25 10:43:14,690.6,2026-06-18,113,0.3100775621511923,605.0,0.8760498117578916,696.3348174338574,-0.1406021461629414,True,put,7.17,7.19,7.18,0.0200000000000004,0.0027855153203343,1140.0,5058.0,0.2377700735473632,0.24867609248306355,newton,-0.13750512217927666,84.9515035150524
2026-02-25 10:43:14,690.6,2026-06-18,113,0.3100775621511923,610.0,0.8832898928467998,696.3348174338574,-0.132371647026426,True,put,7.58,7.61,7.595000000000001,0.0300000000000002,0.0039499670836076,10.0,7906.0,0.2323379989624023,0.24338490597248852,newton,-0.14648842435079862,88.65910214169249
2026-02-25 10:43:14,690.6,2026-06-18,113,0.3100775621511923,615.0,0.8905299739357081,696.3348174338574,-0.124208336387265,True,put,8.12,8.15,8.135,0.0300000000000011,0.0036877688998157,12.0,4887.0,0.2278519598388672,0.2391257259506682,newton,-0.15704254266622603,92.84050195471536
2026-02-25 10:43:14,690.6,2026-06-18,113,0.3100775621511923,620.0,0.8977700550246163,696.3348174338574,-0.1161111261546456,True,put,8.67,8.69,8.68,0.0199999999999995,0.0023041474654377,131.0,51343.0,0.2229234202575683,0.2344995105876996,newton,-0.16803300461065857,97.00306339764984
2026-02-25 10:43:14,690.6,2026-06-18,113,0.3100775621511923,625.0,0.9050101361135244,696.3348174338574,-0.1080789544573814,True,put,9.24,9.27,9.255,0.0299999999999993,0.0032414910858994,31.0,22260.0,0.2179796220397948,0.22976618856435083,newton,-0.17973509641240942,101.22943993971514
2026-02-25 10:43:14,690.6,2026-06-18,113,0.3100775621511923,630.0,0.9122502172024326,696.3348174338574,-0.1001107848082045,True,put,9.88,9.9,9.89,0.0199999999999995,0.0020222446916076,159.0,150046.0,0.2130663410949707,0.22518899355127706,newton,-0.19244298621731404,105.5888703463362
2026-02-25 10:43:14,690.6,2026-06-18,113,0.3100775621511923,635.0,0.9194902982913408,696.3348174338574,-0.0922056053010913,True,put,10.55,10.57,10.56,0.0199999999999995,0.0018939393939393,10.0,7955.0,0.2080462496948241,0.2204861044810851,newton,-0.2059718038593681,109.97730365367673
2026-02-25 10:43:14,690.6,2026-06-18,113,0.3100775621511923,640.0,0.926730379380249,696.3348174338574,-0.0843624278400653,True,put,11.28,11.31,11.295,0.0300000000000011,0.00265604249668,1360.0,105537.0,0.2031634860229492,0.21589633347414672,newton,-0.22060194963986768,114.44154006472304
2026-02-25 10:43:14,690.6,2026-06-18,113,0.3100775621511923,645.0,0.9339704604691572,696.3348174338574,-0.0765802873980104,True,put,12.0,12.03,12.015,0.0299999999999993,0.0024968789013732,13.0,7906.0,0.1976093423461914,0.21069378689066434,newton,-0.23577563758436731,118.77456708102801
2026-02-25 10:43:14,690.6,2026-06-18,113,0.3100775621511923,650.0,0.9412105415580654,696.3348174338574,-0.0688582413041001,True,put,12.88,12.91,12.895,0.0299999999999993,0.0023264831329972,39.0,36854.0,0.1928333891296386,0.20632190215669338,newton,-0.25282070500312265,123.29474594795252
2026-02-25 10:43:14,690.6,2026-06-18,113,0.3100775621511923,655.0,0.9484506226469736,696.3348174338574,-0.0611953685585309,True,put,13.76,13.79,13.775,0.0299999999999993,0.0021778584392014,20.0,9451.0,0.1874623490905761,0.2013960650101029,newton,-0.27063358588929637,127.63997576099217
2026-02-25 10:43:14,690.6,2026-06-18,113,0.3100775621511923,660.0,0.9556907037358818,696.3348174338574,-0.0535907691733117,True,put,14.71,14.75,14.73,0.0399999999999991,0.0027155465037338,38.0,18592.0,0.1821065676879882,0.19649159476661696,newton,-0.28979606888755116,131.89727264383114
2026-02-25 10:43:14,690.6,2026-06-18,113,0.3100775621511923,665.0,0.96293078482479,696.3348174338574,-0.0460435635379287,True,put,15.75,15.79,15.77,0.0399999999999991,0.0025364616360177,21.0,8427.0,0.1767050103759765,0.19162866305990098,newton,-0.3104082285195315,136.00951824089825
2026-02-25 10:43:14,690.6,2026-06-18,113,0.3100775621511923,670.0,0.9701708659136982,696.3348174338574,-0.0385528918087712,True,put,16.92,16.96,16.94,0.0399999999999991,0.0023612750885477,29.0,20164.0,0.1715170739746093,0.1870705853785017,newton,-0.33271116067739787,139.93022338800043
2026-02-25 10:43:14,690.6,2026-06-18,113,0.3100775621511923,675.0,0.9774109470026064,696.3348174338574,-0.031117913321253,True,put,18.15,18.18,18.165,0.0300000000000011,0.0016515276630884,19.0,8571.0,0.1659324130249023,0.18221355430601244,newton,-0.3563885282769824,143.50770536449085
2026-02-25 10:43:14,690.6,2026-06-18,113,0.3100775621511923,680.0,0.9846510280915146,696.3348174338574,-0.0237378060236304,True,put,19.54,19.58,19.56,0.0399999999999991,0.002044989775051,128.0,12631.0,0.1607597352600098,0.1778012880253458,newton,-0.38190400606021957,146.70548051997935
2026-02-25 10:43:14,690.6,2026-06-18,113,0.3100775621511923,685.0,0.9918911091804228,696.3348174338574,-0.0164117659315576,True,put,21.07,21.13,21.1,0.0599999999999987,0.0028436018957345,84.0,5673.0,0.1556786093139648,0.17357655112640624,newton,-0.40907412123383863,149.37706644170598
2026-02-25 10:43:14,690.6,2026-06-18,113,0.3100775621511923,690.0,0.999131190269331,696.3348174338574,-0.0091390066024778,True,put,22.75,22.8,22.775,0.0500000000000007,0.0021953896816685,209.0,8079.0,0.15039912109375,0.16940121157411134,newton,-0.43781659253755106,151.39433747349477
2026-02-25 10:43:14,690.6,2026-06-18,113,0.3100775621511923,695.0,1.0063712713582391,696.3348174338574,-0.0019187586289908,True,put,24.55,24.6,24.575000000000003,0.0500000000000007,0.0020345879959308,73.0,7581.0,0.1449060119628906,0.1651440397448968,newton,-0.46809795907399654,152.6318388170083
2026-02-25 10:43:14,690.6,2026-06-18,113,0.3100775621511923,700.0,1.0136113524471473,696.3348174338574,0.0052497308496217,False,put,26.57,26.62,26.595,0.0500000000000007,0.0018800526414739,2087.0,22074.0,0.1396722996520996,0.16136109608011776,newton,-0.4997749928794959,152.95928303252884
2026-02-25 10:43:14,690.6,2026-06-18,113,0.3100775621511923,710.0,1.0280915146249638,696.3348174338574,0.0194343658415783,False,put,31.0,31.22,31.11,0.2199999999999988,0.0070716811314689,12.0,3133.0,0.1288081504821777,0.15375923833466446,newton,-0.5666998268786667,150.40068769980132
2026-02-25 10:43:14,690.6,2026-06-18,113,0.3100775621511923,725.0,1.0498117578916883,696.3348174338574,0.0403410506608917,False,put,39.88,40.19,40.035,0.3099999999999951,0.0077432246784062,46.0,718.0,0.1146633944702148,0.14836535618343547,newton,-0.6650906801467691,138.4301287695308
2026-02-25 10:43:14,690.6,2026-06-30,125,0.3429542744799594,625.0,0.9050101361135244,696.3667708944032,-0.1081248414741252,False,call,80.93,81.34,81.135,0.4099999999999966,0.0050533062180316,46.0,189.0,0.2615430291748046,0.23143716539509798,newton,0.7967286719474678,110.49170289796646
2026-02-25 10:43:14,690.6,2026-06-30,125,0.3429542744799594,640.0,0.926730379380249,696.3667708944032,-0.0844083148568092,False,call,68.17,68.52,68.345,0.3499999999999943,0.0051210768893114,78.0,680.0,0.2434005104064941,0.21674747078013618,newton,0.7574224744263991,123.24701763600825
2026-02-25 10:43:14,690.6,2026-06-30,125,0.3429542744799594,645.0,0.9339704604691572,696.3667708944032,-0.0766261744147542,False,call,64.02,64.35,64.185,0.3299999999999983,0.0051413881748071,152.0,285.0,0.2374038662719726,0.2118734893561091,newton,0.7423995186090699,127.55938065231938
2026-02-25 10:43:14,690.6,2026-06-30,125,0.3429542744799594,650.0,0.9412105415580654,696.3667708944032,-0.0689041283208438,False,call,60.11,60.42,60.265,0.3100000000000023,0.0051439475649216,11.0,1633.0,0.2327347235107422,0.2083773473265088,newton,0.7252222392112719,132.12998941989423
2026-02-25 10:43:14,690.6,2026-06-30,125,0.3429542744799594,675.0,0.9774109470026064,696.3667708944032,-0.0311638003379969,False,call,40.63,40.88,40.755,0.25,0.0061342166605324,45.0,485.0,0.2027667614746093,0.18330741637037365,newton,0.6267821474501953,151.46462378560193
2026-02-25 10:43:14,690.6,2026-06-30,125,0.3429542744799594,695.0,1.0063712713582391,696.3667708944032,-0.0019646456457345,False,call,27.04,27.09,27.065,0.0500000000000007,0.0018474043968224,13.0,1772.0,0.1798635481262206,0.1644140561996292,newton,0.5208543359440789,160.31861693838502
2026-02-25 10:43:14,690.6,2026-06-30,125,0.3429542744799594,700.0,1.0136113524471473,696.3667708944032,0.0052038438328778,True,call,23.94,23.99,23.965,0.0499999999999971,0.0020863759649487,26.0,2812.0,0.1743475510406494,0.15969297157217444,newton,0.49036398077270466,160.6893604352989
2026-02-25 10:43:14,690.6,2026-06-30,125,0.3429542744799594,705.0,1.0208514335360557,696.3667708944032,0.0123213116017419,True,call,21.04,21.09,21.065,0.0500000000000007,0.0023736055067648,10.0,1235.0,0.1691672439575195,0.15527944271877073,newton,0.4584374094057467,160.0457989467389
2026-02-25 10:43:14,690.6,2026-06-30,125,0.3429542744799594,725.0,1.0498117578916883,696.3667708944032,0.040295163644148,True,call,11.4,11.44,11.42,0.0399999999999991,0.0035026269702275,77.0,2215.0,0.1503380865478515,0.1392533566229785,newton,0.32116175344691744,145.0028465863645
2026-02-25 10:43:14,690.6,2026-06-30,125,0.3429542744799594,730.0,1.0570518389805963,696.3667708944032,0.0471680429319101,True,call,9.51,9.53,9.52,0.0199999999999995,0.0021008403361344,11.0,591.0,0.1459741165161132,0.13558920519365925,newton,0.2861244836604803,137.80996157041795
2026-02-25 10:43:14,690.6,2026-06-30,125,0.3429542744799594,740.0,1.0715320011584129,696.3667708944032,0.0607736949876887,True,call,6.44,6.48,6.460000000000001,0.04,0.0061919504643962,74.0,906.0,0.1389856610107422,0.12961959909790854,newton,0.2200968677683478,120.14295221263406
2026-02-25 10:43:14,690.6,2026-06-30,125,0.3429542744799594,755.0,1.0932522444251376,696.3667708944032,0.0808412580384979,True,call,3.39,3.42,3.405,0.0299999999999998,0.0088105726872246,43.0,664.0,0.1311884977722168,0.12322180880116534,newton,0.13743049915839267,89.27900216136788
2026-02-25 10:43:14,690.6,2026-06-30,125,0.3429542744799594,775.0,1.1222125687807702,696.3667708944032,0.1069865381428203,True,call,1.36,1.38,1.37,0.0199999999999997,0.0145985401459852,35.0,1012.0,0.1256801300048828,0.11906797612652113,newton,0.06605708022784802,52.21284413491021
2026-02-25 10:43:14,690.6,2026-06-30,125,0.3429542744799594,780.0,1.1294526498696784,696.3667708944032,0.1134174284731106,True,call,1.08,1.11,1.0950000000000002,0.03,0.0273972602739726,36.0,807.0,0.1253139227294922,0.11879405502240678,newton,0.05462016743054667,45.000814448335205
2026-02-25 10:43:14,690.6,2026-06-30,125,0.3429542744799594,790.0,1.143932812047495,696.3667708944032,0.1261564542505404,True,call,0.7,0.72,0.71,0.02,0.028169014084507,272.0,679.0,0.12500875,0.11900391279243001,newton,0.03745320151624194,33.23304603470373
2026-02-25 10:43:14,690.6,2026-06-30,125,0.3429542744799594,795.0,1.1511728931364031,696.3667708944032,0.1324656234438052,True,call,0.57,0.58,0.575,0.01,0.0173913043478261,100.0,503.0,0.1250697845458984,0.11936324282477559,newton,0.031051915779532147,28.490725392931708
2026-02-25 10:43:14,690.6,2026-06-30,125,0.3429542744799594,800.0,1.1584129742253113,696.3667708944032,0.1387352364574005,True,call,0.46,0.47,0.4649999999999999,0.0099999999999999,0.0215053763440859,23.0,5544.0,0.1253139227294922,0.11975267044357589,newton,0.025677287143882583,24.32508755754537
2026-02-25 10:43:14,690.6,2026-06-30,125,0.3429542744799594,810.0,1.1728931364031276,696.3667708944032,0.1511577564559576,True,call,0.31,0.32,0.315,0.01,0.0317460317460317,43.0,1194.0,0.1265956481933593,0.12128252323935884,newton,0.01796500696194091,17.99017620092915
2026-02-25 10:43:14,690.6,2026-06-30,125,0.3429542744799594,815.0,1.1801332174920358,696.3667708944032,0.157311622030336,True,call,0.26,0.27,0.265,0.01,0.0377358490566038,200.0,892.0,0.1276942700195312,0.12242971001425727,newton,0.015264629431774309,15.650366622007216
2026-02-25 10:43:14,690.6,2026-06-30,125,0.3429542744799594,820.0,1.187373298580944,696.3667708944032,0.1634278490477721,True,call,0.21,0.22,0.215,0.01,0.0465116279069767,52.0,819.0,0.1281825463867187,0.12296442885883738,newton,0.012601918396997007,13.26705165804338
2026-02-25 10:43:14,690.6,2026-06-30,125,0.3429542744799594,830.0,1.2018534607587603,696.3667708944032,0.1755492095801169,True,call,0.15,0.16,0.155,0.01,0.0645161290322581,24.0,2563.0,0.1306239282226562,0.12546941392285213,newton,0.009211709033623925,10.10065438183629
2026-02-25 10:43:14,690.6,2026-06-30,125,0.3429542744799594,410.0,0.593686649290472,696.3667708944032,-0.5297193315121731,True,put,1.18,1.19,1.185,0.01,0.0084388185654008,44.0,2037.0,0.4449518395996094,0.45264831544032136,newton,-0.016346901900977855,16.59682942559368
2026-02-25 10:43:14,690.6,2026-06-30,125,0.3429542744799594,445.0,0.6443672169128294,696.3667708944032,-0.4478022090442865,True,put,1.59,1.6,1.5950000000000002,0.01,0.006269592476489,16.0,321.0,0.4023497265625,0.4102870723251752,newton,-0.023345970680443456,22.458561502303418
2026-02-25 10:43:14,690.6,2026-06-30,125,0.3429542744799594,450.0,0.6516072980017376,696.3667708944032,-0.4366289084461613,True,put,1.65,1.66,1.6549999999999998,0.01,0.0060422960725075,77.0,605.0,0.396063168334961,0.403995103297092,newton,-0.024471916082937986,23.364856358910735
2026-02-25 10:43:14,690.6,2026-06-30,125,0.3429542744799594,455.0,0.6588473790906458,696.3667708944032,-0.4255790722595763,True,put,1.73,1.74,1.735,0.01,0.0057636887608069,60.0,186.0,0.3905090246582031,0.3984633154992278,newton,-0.025840866104396846,24.45462462491937
2026-02-25 10:43:14,690.6,2026-06-30,125,0.3429542744799594,465.0,0.6733275412684622,696.3667708944032,-0.4038390856231703,True,put,1.88,1.89,1.885,0.01,0.0053050397877984,10.0,698.0,0.3786072882080078,0.386670347883552,newton,-0.028583697136346644,26.600265419580925
2026-02-25 10:43:14,690.6,2026-06-30,125,0.3429542744799594,475.0,0.6878077034462786,696.3667708944032,-0.3825616871758855,True,put,2.03,2.05,2.04,0.02,0.0098039215686274,35.0,847.0,0.3667055517578125,0.3747015080591613,newton,-0.03154072176392229,28.860816267800985
2026-02-25 10:43:14,690.6,2026-06-30,125,0.3429542744799594,500.0,0.7240081088908196,696.3667708944032,-0.331268392788335,True,put,2.54,2.56,2.55,0.02,0.0078431372549019,16.0,4109.0,0.3386906951904296,0.3469159420633985,newton,-0.04111320454148347,35.85026048800779
2026-02-25 10:43:14,690.6,2026-06-30,125,0.3429542744799594,520.0,0.7529684332464524,696.3667708944032,-0.2920476796350536,True,put,3.07,3.1,3.085,0.0300000000000002,0.0097244732576986,10.0,354.0,0.3173286041259765,0.3257385783730791,newton,-0.05130039685455861,42.82005950059542
2026-02-25 10:43:14,690.6,2026-06-30,125,0.3429542744799594,530.0,0.7674485954242687,696.3667708944032,-0.2729994846643592,True,put,3.39,3.42,3.405,0.0299999999999998,0.0088105726872246,18.0,368.0,0.3068306622314453,0.31542240261664506,newton,-0.05746113929342174,46.83461742429214
2026-02-25 10:43:14,690.6,2026-06-30,125,0.3429542744799594,540.0,0.7819287576020851,696.3667708944032,-0.2543073516522067,True,put,3.75,3.78,3.765,0.0299999999999998,0.0079681274900397,100.0,580.0,0.2964547894287109,0.3052315647698505,newton,-0.06445742603358699,51.23056946708333
2026-02-25 10:43:14,690.6,2026-06-30,125,0.3429542744799594,550.0,0.7964089197799015,696.3667708944032,-0.2359582129840101,True,put,4.18,4.2,4.1899999999999995,0.0200000000000004,0.0047732696897375,21.0,3326.0,0.2864451239013671,0.29549574341745766,newton,-0.07261905140691262,56.158530822031835
2026-02-25 10:43:14,690.6,2026-06-30,125,0.3429542744799594,560.0,0.8108890819577179,696.3667708944032,-0.2179397074813317,True,put,4.65,4.68,4.665,0.0299999999999993,0.0064308681672024,30.0,300.0,0.2765575274658203,0.2857591306164961,newton,-0.08185733550982827,61.499047201693486
2026-02-25 10:43:14,690.6,2026-06-30,125,0.3429542744799594,565.0,0.8181291630466261,696.3667708944032,-0.2090507600640857,True,put,4.94,4.97,4.955,0.0299999999999993,0.0060544904137233,14.0,190.0,0.2720409710693359,0.2813787910688698,newton,-0.08725696152702396,64.51223575751717
2026-02-25 10:43:14,690.6,2026-06-30,125,0.3429542744799594,570.0,0.8253692441355343,696.3667708944032,-0.2002401303819308,True,put,5.23,5.26,5.245,0.0299999999999993,0.0057197330791228,20.0,392.0,0.2672497592163085,0.27672612630408094,newton,-0.09282604861793234,67.54125390516384
2026-02-25 10:43:14,690.6,2026-06-30,125,0.3429542744799594,576.0,0.8340573414422241,696.3667708944032,-0.1897688305146354,True,put,5.6,5.63,5.615,0.0300000000000002,0.0053428317008014,30.0,183.0,0.2614819946289062,0.27111639418791994,newton,-0.09998078749610781,71.32103419255999
2026-02-25 10:43:14,690.6,2026-06-30,125,0.3429542744799594,580.0,0.8398494063133507,696.3667708944032,-0.1828483876700617,True,put,5.87,5.9,5.885,0.0300000000000002,0.0050977060322855,13.0,637.0,0.2577283700561523,0.26748301796002694,newton,-0.10514814032903065,73.97626652092265
2026-02-25 10:43:14,690.6,2026-06-30,125,0.3429542744799594,594.0,0.8601216333622936,696.3667708944032,-0.1589971718478817,True,put,6.91,6.94,6.925000000000001,0.0300000000000002,0.0043321299638989,10.0,596.0,0.2443312872314453,0.2545318803541054,newton,-0.12533683574738863,83.79276846124549
2026-02-25 10:43:14,690.6,2026-06-30,125,0.3429542744799594,600.0,0.8688097306689835,696.3667708944032,-0.1489468359943802,True,put,7.45,7.47,7.46,0.0199999999999995,0.002680965147453,130.0,2488.0,0.2388381781005859,0.24931165685449322,newton,-0.1354772862476945,88.41183132251128
2026-02-25 10:43:14,690.6,2026-06-30,125,0.3429542744799594,610.0,0.8832898928467998,696.3667708944032,-0.1324175340431697,True,put,8.39,8.43,8.41,0.0399999999999991,0.0047562425683708,10.0,433.0,0.2294083407592773,0.24017272911004695,newton,-0.15390743398571083,96.31785914382083
2026-02-25 10:43:14,690.6,2026-06-30,125,0.3429542744799594,615.0,0.8905299739357081,696.3667708944032,-0.1242542234040088,True,put,8.91,8.95,8.93,0.0399999999999991,0.0044792833146695,12.0,6214.0,0.2245560943603515,0.2355555520574847,newton,-0.1640565047176221,100.41785235048619
2026-02-25 10:43:14,690.6,2026-06-30,125,0.3429542744799594,617.0,0.8934260063712713,696.3667708944032,-0.1210074673051389,True,put,9.15,9.18,9.165,0.0299999999999993,0.0032733224222585,10.0,245.0,0.222740316619873,0.23387460154767584,newton,-0.1684582345441581,102.14259653103339
2026-02-25 10:43:14,690.6,2026-06-30,125,0.3429542744799594,623.0,0.9021141036779612,696.3667708944032,-0.1113299724230736,True,put,9.86,9.9,9.88,0.0400000000000009,0.0040485829959515,10.0,254.0,0.217155655670166,0.2285480892030485,newton,-0.18213910162309693,107.30408200448544
2026-02-25 10:43:14,690.6,2026-06-30,125,0.3429542744799594,625.0,0.9050101361135244,696.3667708944032,-0.1081248414741252,True,put,10.14,10.17,10.155,0.0299999999999993,0.0029542097488921,13.0,4511.0,0.2154314297485351,0.2269846300397945,newton,-0.187138348212955,109.11706802422262
2026-02-25 10:43:14,690.6,2026-06-30,125,0.3429542744799594,629.0,0.910802200984651,696.3667708944032,-0.1017452345100862,True,put,10.66,10.7,10.68,0.0399999999999991,0.0037453183520598,12.0,155.0,0.2116930638122558,0.2234234723421646,newton,-0.1971536769745783,112.63515506271514
2026-02-25 10:43:14,690.6,2026-06-30,125,0.3429542744799594,637.0,0.922386330726904,696.3667708944032,-0.0891068356383633,True,put,11.74,11.79,11.765,0.0499999999999989,0.004249893752656,10.0,276.0,0.2036517623901367,0.2158137711600889,newton,-0.21846054899188969,119.63216548242167
2026-02-25 10:43:14,690.6,2026-06-30,125,0.3429542744799594,640.0,0.926730379380249,696.3667708944032,-0.0844083148568092,True,put,12.24,12.27,12.255,0.0299999999999993,0.0024479804161566,17.0,5574.0,0.2009204664611816,0.21336957428897582,newton,-0.2274344184378233,122.38805901852618
2026-02-25 10:43:14,690.6,2026-06-30,125,0.3429542744799594,643.0,0.931074428033594,696.3667708944032,-0.0797317669729073,True,put,12.7,12.75,12.725,0.0500000000000007,0.0039292730844794,11.0,285.0,0.1980060668945312,0.2105917113855007,newton,-0.2364824112120132,125.0559166934845
2026-02-25 10:43:14,690.6,2026-06-30,125,0.3429542744799594,650.0,0.9412105415580654,696.3667708944032,-0.0689041283208438,True,put,13.92,13.96,13.94,0.0400000000000009,0.0028694404591105,62.0,2936.0,0.1912159736633301,0.20437523668082802,newton,-0.25931445922084245,131.3089041785388
2026-02-25 10:43:14,690.6,2026-06-30,125,0.3429542744799594,680.0,0.9846510280915146,696.3667708944032,-0.0237836930403743,True,put,20.75,20.81,20.78,0.0599999999999987,0.0028873917228103,45.0,2818.0,0.1606987007141113,0.17720065900084242,newton,-0.3845486642380839,154.47164207050935
2026-02-25 10:43:14,690.6,2026-06-30,125,0.3429542744799594,690.0,0.999131190269331,696.3667708944032,-0.0091848936192216,True,put,23.9,23.96,23.93,0.0600000000000022,0.0025073129962391,85.0,3128.0,0.1502465347290039,0.16859603976949653,newton,-0.43794396041004713,159.0748003844609
2026-02-25 10:43:14,690.6,2026-06-30,125,0.3429542744799594,695.0,1.0063712713582391,696.3667708944032,-0.0019646456457345,True,put,25.68,25.75,25.715,0.0700000000000002,0.0027221466070387,44.0,1979.0,0.1449517878723144,0.1644140561996294,newton,-0.46687521370331964,160.31861693838502
2026-02-25 10:43:14,690.6,2026-06-30,125,0.3429542744799594,700.0,1.0136113524471473,696.3667708944032,0.0052038438328778,False,put,27.6,27.67,27.635,0.0700000000000002,0.0025330197213678,48.0,1208.0,0.1393976441955566,0.16019924115829426,newton,-0.49723786650687296,160.68981467470596
2026-02-25 10:43:14,690.6,2026-06-30,125,0.3429542744799594,705.0,1.0208514335360557,696.3667708944032,0.0123213116017419,False,put,29.7,29.78,29.74,0.0800000000000018,0.0026899798251513,12.0,808.0,0.1338435005187988,0.1562022873255478,newton,-0.5288719091113497,160.06113561813294
2026-02-25 10:43:14,690.6,2026-06-30,125,0.3429542744799594,730.0,1.0570518389805963,696.3667708944032,0.0471680429319101,False,put,44.04,44.43,44.235,0.3900000000000005,0.0088165479823669,897.0,914.0,0.1111691667175292,0.14629489829874284,newton,-0.6856566014205,141.2630493557323
2026-02-25 10:43:14,690.6,2026-06-30,125,0.3429542744799594,735.0,1.064291920069505,696.3667708944032,0.0539940080023099,False,put,47.64,48.12,47.879999999999995,0.4799999999999969,0.0100250626566415,10.0,3270.0,0.1070340762329101,0.14634559585703352,newton,-0.7125989505126801,135.2513330596002
2026-02-25 10:43:14,690.6,2026-07-31,156,0.4278857813292744,685.0,0.9918911091804228,698.4162218430693,-0.019396393145582,False,call,38.54,38.8,38.67,0.259999999999998,0.0067235583139384,10.0,351.0,0.1995166719055175,0.17803282062680473,newton,0.5799237244719864,174.9953872184065
2026-02-25 10:43:14,690.6,2026-07-31,156,0.4278857813292744,690.0,0.999131190269331,698.4162218430693,-0.0121236338165022,False,call,35.06,35.46,35.260000000000005,0.3999999999999986,0.0113442994895064,46.0,306.0,0.1945270977783203,0.17353258568640972,newton,0.5563255092599109,177.08809124434038
2026-02-25 10:43:14,690.6,2026-07-31,156,0.4278857813292744,703.0,1.0179554011004923,698.4162218430693,0.0065416604028574,True,call,27.16,27.22,27.19,0.0599999999999987,0.0022066936373666,61.0,239.0,0.1811529029083251,0.16330954801219263,newton,0.4892834993006188,179.46724464813906
2026-02-25 10:43:14,690.6,2026-07-31,156,0.4278857813292744,704.0,1.019403417318274,698.4162218430693,0.0079631247502349,True,call,26.6,26.65,26.625,0.0499999999999971,0.0018779342723003,10.0,306.0,0.1802907899475098,0.16263976834984667,newton,0.4838501402402176,179.43065627372133
2026-02-25 10:43:14,690.6,2026-07-31,156,0.4278857813292744,706.0,1.0222994497538371,698.4162218430693,0.0108000060854347,True,call,25.44,25.49,25.465,0.0499999999999971,0.0019634792852934,66.0,318.0,0.1783758310699462,0.16104430961075164,newton,0.4727820986070452,179.24988381889503
2026-02-25 10:43:14,690.6,2026-07-31,156,0.4278857813292744,708.0,1.0251954821894005,698.4162218430693,0.0136288622859124,True,call,24.31,24.36,24.335,0.0500000000000007,0.0020546537908362,18.0,264.0,0.1765066481018066,0.15949543969550445,newton,0.4615637733825458,178.92108843556204
2026-02-25 10:43:14,690.6,2026-07-31,156,0.4278857813292744,709.0,1.0266434984071822,698.4162218430693,0.0150402951243201,True,call,23.74,23.79,23.765,0.0500000000000007,0.002103934357248,13.0,180.0,0.1754995780944824,0.15864674368879741,newton,0.45585826424768466,178.69756534839777
2026-02-25 10:43:14,690.6,2026-07-31,156,0.4278857813292744,712.0,1.030987547060527,698.4162218430693,0.0192626800041683,True,call,22.03,22.08,22.055,0.0499999999999971,0.0022670596236679,13.0,162.0,0.1722952644348144,0.15590886813421428,newton,0.438360549908553,177.77470591913732
2026-02-25 10:43:14,690.6,2026-07-31,156,0.4278857813292744,715.0,1.035331595713872,698.4162218430693,0.0234673112862003,True,call,20.54,20.59,20.565,0.0500000000000007,0.0024313153415998,27.0,218.0,0.1700369862365723,0.15411645708275495,newton,0.42110675396847735,176.51268309986045
2026-02-25 10:43:14,690.6,2026-07-31,156,0.4278857813292744,725.0,1.0498117578916883,698.4162218430693,0.0373564234468674,True,call,15.73,15.78,15.755,0.0499999999999989,0.0031735956839098,32.0,243.0,0.1612785289001465,0.14681344528352672,newton,0.3609598997651076,169.33738572703368
2026-02-25 10:43:14,690.6,2026-07-31,156,0.4278857813292744,730.0,1.0570518389805963,698.4162218430693,0.0442293027346295,True,call,13.61,13.65,13.63,0.0400000000000009,0.0029347028613353,44.0,404.0,0.1571586970520019,0.14341793593161267,newton,0.33045246345973184,164.0057804287482
2026-02-25 10:43:14,690.6,2026-07-31,156,0.4278857813292744,745.0,1.0787720822473212,698.4162218430693,0.0645689869717521,True,call,8.41,8.45,8.43,0.0399999999999991,0.0047449584816131,26.0,119.0,0.1464318756103515,0.1345509698629243,newton,0.24146931213392905,141.4912410835497
2026-02-25 10:43:14,690.6,2026-07-31,156,0.4278857813292744,750.0,1.0860121633362294,698.4162218430693,0.0712579751225488,True,call,7.1,7.14,7.119999999999999,0.04,0.0056179775280898,15.0,625.0,0.1437158383178711,0.13238184381137905,newton,0.21448624102075425,132.4416305722212
2026-02-25 10:43:14,690.6,2026-07-31,156,0.4278857813292744,760.0,1.1004923255140455,698.4162218430693,0.0845032018725694,True,call,4.92,4.96,4.9399999999999995,0.04,0.0080971659919028,45.0,520.0,0.1385736778259277,0.12822788578116362,newton,0.16458761816871192,112.60770351367509
2026-02-25 10:43:14,690.6,2026-07-31,156,0.4278857813292744,775.0,1.1222125687807702,698.4162218430693,0.1040477979455396,True,call,2.75,2.79,2.77,0.04,0.0144404332129964,17.0,382.0,0.1331263446044921,0.12395986053512006,newton,0.10536503730534491,82.92600801073465
2026-02-25 10:43:14,690.6,2026-07-31,156,0.4278857813292744,785.0,1.1366927309585868,698.4162218430693,0.1168684863746011,True,call,1.86,1.89,1.875,0.0299999999999998,0.0159999999999998,23.0,426.0,0.1308985836791992,0.12242458615030617,newton,0.07671101112138524,65.54771241191965
2026-02-25 10:43:14,690.6,2026-07-31,156,0.4278857813292744,795.0,1.1511728931364031,698.4162218430693,0.1295268832465245,True,call,1.25,1.27,1.26,0.02,0.0158730158730158,50.0,347.0,0.1293116854858398,0.121452451077702,newton,0.0549894020618853,50.64918005863164
2026-02-25 10:43:14,690.6,2026-07-31,156,0.4278857813292744,445.0,0.6443672169128294,698.4162218430693,-0.4507409492415671,True,put,2.19,2.21,2.2,0.02,0.009090909090909,10.0,130.0,0.3820862573242187,0.3913695313961904,newton,-0.02901787848051431,30.159334869302185
2026-02-25 10:43:14,690.6,2026-07-31,156,0.4278857813292744,500.0,0.7240081088908196,698.4162218430693,-0.3342071329856156,True,put,3.46,3.48,3.47,0.02,0.0057636887608069,10.0,154.0,0.3240424041748045,0.3340906900680471,newton,-0.04987914603092544,46.88036905874607
2026-02-25 10:43:14,690.6,2026-07-31,156,0.4278857813292744,505.0,0.7312481899797277,698.4162218430693,-0.3242568021324475,True,put,3.61,3.64,3.625,0.0300000000000002,0.0082758620689655,14.0,339.0,0.3191291232299803,0.32916001947026774,newton,-0.05248875675247594,48.81891706268689
2026-02-25 10:43:14,690.6,2026-07-31,156,0.4278857813292744,535.0,0.774688676513177,698.4162218430693,-0.2665484845118008,True,put,4.79,4.82,4.805,0.0300000000000002,0.0062434963579605,20.0,148.0,0.2905344384765624,0.3012195897359935,newton,-0.07222639423492343,62.60726069573667
2026-02-25 10:43:14,690.6,2026-07-31,156,0.4278857813292744,540.0,0.7819287576020851,698.4162218430693,-0.2572460918494872,True,put,5.05,5.07,5.0600000000000005,0.0200000000000004,0.0039525691699605,21.0,363.0,0.2860483993530273,0.29694350151422483,newton,-0.07640048153569891,65.34620309555413
2026-02-25 10:43:14,690.6,2026-07-31,156,0.4278857813292744,560.0,0.8108890819577179,698.4162218430693,-0.2208784476786124,True,put,6.18,6.22,6.199999999999999,0.04,0.0064516129032258,18.0,382.0,0.2682568292236328,0.2795675890399889,newton,-0.09544611411788913,77.16823551591403
2026-02-25 10:43:14,690.6,2026-07-31,156,0.4278857813292744,570.0,0.8253692441355343,698.4162218430693,-0.2031788705792114,True,put,6.89,6.91,6.9,0.0200000000000004,0.0028985507246377,21.0,759.0,0.2595288891601562,0.2712973045074602,newton,-0.10700818490727372,83.85544635878712
2026-02-25 10:43:14,690.6,2026-07-31,156,0.4278857813292744,580.0,0.8398494063133507,698.4162218430693,-0.1857871278673423,True,put,7.65,7.7,7.675000000000001,0.0499999999999998,0.006514657980456,33.0,392.0,0.2509993113708496,0.2629626116324194,newton,-0.1199273348586583,90.93455825789295
2026-02-25 10:43:14,690.6,2026-07-31,156,0.4278857813292744,615.0,0.8905299739357081,698.4162218430693,-0.1271929636012894,True,put,11.31,11.34,11.325,0.0299999999999993,0.0026490066225165,12.0,255.0,0.2211534184265136,0.23487856032927265,newton,-0.18002336500730584,119.19988748662342
2026-02-25 10:43:14,690.6,2026-07-31,156,0.4278857813292744,640.0,0.926730379380249,698.4162218430693,-0.0873470550540898,True,put,14.97,15.02,14.995,0.0499999999999989,0.0033344448149382,19.0,1034.0,0.1991352059936523,0.2144791829174337,newton,-0.24050473927199187,141.1866611747159
2026-02-25 10:43:14,690.6,2026-07-31,156,0.4278857813292744,646.0,0.9354184766869388,698.4162218430693,-0.0780157276252055,True,put,16.03,16.09,16.060000000000002,0.0599999999999987,0.0037359900373598,20.0,328.0,0.1937641659545898,0.20959108795764156,newton,-0.25786632420106526,146.4612209371722
2026-02-25 10:43:14,690.6,2026-07-31,156,0.4278857813292744,647.0,0.9368664929047203,698.4162218430693,-0.0764689369069067,True,put,16.28,16.33,16.305,0.0499999999999971,0.0030665440049062,82.0,169.0,0.1932148550415039,0.20918007759516746,newton,-0.2611858553991228,147.42032481094327
2026-02-25 10:43:14,690.6,2026-07-31,156,0.4278857813292744,650.0,0.9412105415580654,698.4162218430693,-0.0718428685181245,True,put,16.8,16.85,16.825000000000003,0.0500000000000007,0.0029717682020802,11.0,556.0,0.1901478691101074,0.20638945451303226,newton,-0.2701756183500865,149.939661552506
2026-02-25 10:43:14,690.6,2026-07-31,156,0.4278857813292744,665.0,0.96293078482479,698.4162218430693,-0.0490281907519531,True,put,20.0,20.07,20.035,0.0700000000000002,0.0034938857000249,135.0,1478.0,0.1763311737823486,0.1941608741680554,newton,-0.3215326023056865,162.2248928420018
2026-02-25 10:43:14,690.6,2026-07-31,156,0.4278857813292744,671.0,0.9716188821314798,698.4162218430693,-0.0400460944361255,True,put,21.55,21.61,21.58,0.0599999999999987,0.0027803521779424,600.0,343.0,0.1710364269256592,0.18971571747448196,newton,-0.3448599174212278,166.66886708823745
2026-02-25 10:43:14,690.6,2026-07-31,156,0.4278857813292744,678.0,0.9817549956559514,698.4162218430693,-0.0296679434674117,True,put,23.42,23.49,23.455,0.0699999999999967,0.0029844382860795,10.0,125.0,0.1642997389221191,0.18402726890609708,newton,-0.3737545889536308,171.22995946836022
2026-02-25 10:43:14,690.6,2026-07-31,156,0.4278857813292744,679.0,0.9832030118737328,698.4162218430693,-0.0281941038491112,True,put,23.65,23.72,23.685,0.0700000000000002,0.0029554570403208,10.0,114.0,0.1630180134582519,0.18291009049885362,newton,-0.37795134254345,171.80717184620434
2026-02-25 10:43:14,690.6,2026-07-31,156,0.4278857813292744,681.0,0.9860990443092962,698.4162218430693,-0.0252529252582949,True,put,24.25,24.32,24.285,0.0700000000000002,0.0028824377187564,115.0,203.0,0.1611869770812988,0.18142545868245025,newton,-0.3867584501752067,172.94899851495623
2026-02-25 10:43:14,690.6,2026-07-31,156,0.4278857813292744,683.0,0.9889950767448596,698.4162218430693,-0.0223203718370172,True,put,24.86,24.93,24.895,0.0700000000000002,0.0028118096003213,10.0,197.0,0.1592949061584472,0.1799072332936281,newton,-0.3957281065231468,174.01568431463133
2026-02-25 10:43:14,690.6,2026-07-31,156,0.4278857813292744,684.0,0.9904430929626412,698.4162218430693,-0.0208573137852569,True,put,25.17,25.25,25.21,0.0799999999999983,0.0031733439111463,11.0,244.0,0.1583946466064453,0.17917078522563792,newton,-0.4002844506524039,174.52053576025162
2026-02-25 10:43:14,690.6,2026-07-31,156,0.4278857813292744,689.0,0.9976831740515494,698.4162218430693,-0.0135739603941488,True,put,26.77,26.85,26.81,0.0800000000000018,0.0029839612085043,16.0,192.0,0.1534813656616211,0.1752742263901185,newton,-0.4236806356011217,176.72322260693505
2026-02-25 10:43:14,690.6,2026-07-31,156,0.4278857813292744,691.0,1.0005792064871126,698.4162218430693,-0.0106754076401374,True,put,27.43,27.51,27.47,0.0800000000000018,0.0029122679286495,41.0,176.0,0.1514214497375488,0.17365862198058699,newton,-0.4333495774379227,177.44429637748252
2026-02-25 10:43:14,690.6,2026-07-31,156,0.4278857813292744,693.0,1.003475238922676,698.4162218430693,-0.0077852322179041,True,put,28.22,28.3,28.26,0.0800000000000018,0.0028308563340411,15.0,296.0,0.1499566206359863,0.17267301708434685,newton,-0.4432227227013983,178.06712304301672
2026-02-25 10:43:14,690.6,2026-07-31,156,0.4278857813292744,695.0,1.0063712713582391,698.4162218430693,-0.0049033858430151,True,put,28.93,29.01,28.97,0.0800000000000018,0.0027614773904039,22.0,215.0,0.147919592666626,0.17113332240221657,newton,-0.4532263524916751,178.5816438768495
2026-02-25 10:43:14,690.6,2026-07-31,156,0.4278857813292744,696.0,1.0078192875760208,698.4162218430693,-0.0034655710733877,True,put,29.24,29.32,29.28,0.0800000000000018,0.0027322404371585,13.0,166.0,0.1465997206115722,0.1700725628400077,newton,-0.45831032862195037,178.7982851872924
2026-02-25 10:43:14,690.6,2026-07-31,156,0.4278857813292744,697.0,1.0092673037938025,698.4162218430693,-0.0020298206472834,True,put,29.6,29.68,29.64,0.0799999999999983,0.0026990553306342,11.0,639.0,0.1455316160583495,0.16926520499877287,newton,-0.46343324031727845,178.9860660762679
2026-02-25 10:43:14,690.6,2026-07-31,156,0.4278857813292744,698.0,1.0107153200115842,698.4162218430693,-0.0005961286454348,True,put,29.97,30.05,30.01,0.0800000000000018,0.0026657780739754,11.0,126.0,0.1444787701416015,0.16848682304719917,newton,-0.46859859754706157,179.1444175545465
2026-02-25 10:43:14,690.6,2026-07-31,156,0.4278857813292744,700.0,1.0136113524471473,698.4162218430693,0.0022651036355973,False,put,30.86,30.94,30.9,0.0800000000000018,0.0025889967637541,78.0,626.0,0.1431054928588867,0.16768438567697702,newton,-0.4789271196645408,179.36785132003058
2026-02-25 10:43:14,690.6,2026-07-31,156,0.4278857813292744,725.0,1.0498117578916883,698.4162218430693,0.0373564234468674,False,put,42.91,43.35,43.129999999999995,0.4400000000000048,0.0102017157431023,66.0,187.0,0.1193325372314453,0.15386150122949768,newton,-0.616270023600771,170.4687890243093
2026-02-25 10:43:14,690.6,2026-08-21,177,0.4854200279046169,625.0,0.9050101361135244,700.065687167974,-0.1134225197158088,False,call,88.1,88.52,88.31,0.4200000000000017,0.0047559732759597,151.0,103.0,0.2669445864868164,0.22917590188115092,newton,0.771686121827999,139.93730264924486
2026-02-25 10:43:14,690.6,2026-08-21,177,0.4854200279046169,650.0,0.9412105415580654,700.065687167974,-0.0742018065625274,False,call,67.7,68.02,67.86,0.3199999999999932,0.0047155909224873,20.0,182.0,0.2400893862915039,0.20824620433812333,newton,0.7078989711334104,161.23810254763495
2026-02-25 10:43:14,690.6,2026-08-21,177,0.4854200279046169,655.0,0.9484506226469736,700.065687167974,-0.0665389338169584,False,call,63.79,64.1,63.94499999999999,0.3099999999999951,0.0048479161779653,400.0,403.0,0.2349243378448486,0.204189307485948,newton,0.6927915899482135,165.3742061551534
2026-02-25 10:43:14,690.6,2026-08-21,177,0.4854200279046169,685.0,0.9918911091804228,700.065687167974,-0.0217553311899849,False,call,41.83,42.12,41.974999999999994,0.2899999999999991,0.0069088743299582,19.0,154.0,0.204811418762207,0.18019835524965377,newton,0.5830277599531563,185.9594606109753
2026-02-25 10:43:14,690.6,2026-08-21,177,0.4854200279046169,700.0,1.0136113524471473,700.065687167974,-9.383440880565104e-05,False,call,32.31,32.36,32.335,0.0499999999999971,0.0015463120457707,16.0,568.0,0.1902775675201416,0.16904097582408295,newton,0.5147224218282318,190.87314918905452
2026-02-25 10:43:14,690.6,2026-08-21,177,0.4854200279046169,710.0,1.0280915146249638,700.065687167974,0.0140908005831508,True,call,26.32,26.37,26.345,0.0500000000000007,0.0018978933383944,41.0,317.0,0.1804891522216797,0.16097199836107134,newton,0.4640893288455039,190.75132675394664
2026-02-25 10:43:14,690.6,2026-08-21,177,0.4854200279046169,715.0,1.035331595713872,700.065687167974,0.0211083732417972,True,call,23.53,23.57,23.55,0.0399999999999991,0.0016985138004245,38.0,406.0,0.1756521644592285,0.1569994555139838,newton,0.43730008050329383,189.39396474620636
2026-02-25 10:43:14,690.6,2026-08-21,177,0.4854200279046169,735.0,1.064291920069505,700.065687167974,0.0486963297606262,True,call,14.28,14.32,14.3,0.0400000000000009,0.0027972027972028,17.0,982.0,0.1596000788879394,0.14399419186485998,newton,0.32595167904503575,173.93429695421145
2026-02-25 10:43:14,690.6,2026-08-21,177,0.4854200279046169,740.0,1.0715320011584129,700.065687167974,0.055476016746005,True,call,12.36,12.4,12.38,0.0400000000000009,0.0032310177705978,34.0,2032.0,0.1557930490875244,0.14088769835106785,newton,0.2976510821988317,167.37208979372318
2026-02-25 10:43:14,690.6,2026-08-21,177,0.4854200279046169,745.0,1.0787720822473212,700.065687167974,0.0622100489273492,True,call,10.69,10.73,10.71,0.0400000000000009,0.0037348272642391,497.0,3651.0,0.1526497699737549,0.1383928581483405,newton,0.2704919501545386,160.0038060391562
2026-02-25 10:43:14,690.6,2026-08-21,177,0.4854200279046169,755.0,1.0932522444251376,700.065687167974,0.0755435797968144,True,call,7.79,7.83,7.81,0.04,0.0051216389244558,196.0,354.0,0.1465234274291992,0.13348206369439064,newton,0.21805397201798332,142.61749208822297
2026-02-25 10:43:14,690.6,2026-08-21,177,0.4854200279046169,760.0,1.1004923255140455,700.065687167974,0.0821442638281663,True,call,6.62,6.66,6.640000000000001,0.04,0.0060240963855421,17.0,463.0,0.1440667869567871,0.13155655766933408,newton,0.1941365318798198,133.19618858269166
2026-02-25 10:43:14,690.6,2026-08-21,177,0.4854200279046169,785.0,1.1366927309585868,700.065687167974,0.114509548330198,True,call,2.75,2.78,2.7649999999999997,0.0299999999999998,0.0108499095840867,18.0,179.0,0.1348810877990723,0.12462774291743922,newton,0.09934112179130494,84.78588319322932
2026-02-25 10:43:14,690.6,2026-08-21,177,0.4854200279046169,825.0,1.1946133796698524,700.065687167974,0.1642092168824706,True,call,0.66,0.67,0.665,0.01,0.0150375939849624,300.0,382.0,0.1306239282226562,0.12261042886317355,newton,0.02956397927552573,32.68930972505222
2026-02-25 10:43:14,690.6,2026-08-21,177,0.4854200279046169,860.0,1.2452939472922095,700.065687167974,0.2057582197953431,True,call,0.21,0.22,0.215,0.01,0.0465116279069767,50.0,201.0,0.1330653100585937,0.12598420543793504,newton,0.010531512794228096,13.569524719732467
2026-02-25 10:43:14,690.6,2026-08-21,177,0.4854200279046169,890.0,1.2887344338256588,700.065687167974,0.2400472932739751,True,call,0.1,0.11,0.105,0.0099999999999999,0.0952380952380951,51.0,102.0,0.1394129028320312,0.13255019761494893,newton,0.005245483011904091,7.345949669028569
2026-02-25 10:43:14,690.6,2026-08-21,177,0.4854200279046169,400.0,0.5792064871126557,700.065687167974,-0.5597096223442283,True,put,1.82,1.84,1.83,0.02,0.0109289617486338,19.0,603.0,0.4190731921386719,0.429061770603216,newton,-0.021224070217162196,24.76772389068027
2026-02-25 10:43:14,690.6,2026-08-21,177,0.4854200279046169,420.0,0.6081668114682884,700.065687167974,-0.5109194581747962,True,put,2.12,2.14,2.13,0.02,0.0093896713615023,43.0,308.0,0.3967345483398438,0.40696528690135303,newton,-0.025516383341577287,28.916654359880376
2026-02-25 10:43:14,690.6,2026-08-21,177,0.4854200279046169,450.0,0.6516072980017376,700.065687167974,-0.4419265866878448,True,put,2.67,2.69,2.6799999999999997,0.02,0.0074626865671641,51.0,214.0,0.3645693426513672,0.37517662997039114,newton,-0.033682770637788295,36.40570536022722
2026-02-25 10:43:14,690.6,2026-08-21,177,0.4854200279046169,470.0,0.6805676223573703,700.065687167974,-0.398441474748106,True,put,3.13,3.15,3.1399999999999997,0.02,0.0063694267515923,18.0,170.0,0.3440922525024413,0.35500158142534755,newton,-0.04068909101263339,42.477829571933874
2026-02-25 10:43:14,690.6,2026-08-21,177,0.4854200279046169,480.0,0.6950477845351868,700.065687167974,-0.3773880655502737,True,put,3.4,3.42,3.41,0.02,0.0058651026392961,482.0,490.0,0.3342351733398437,0.3453032655190522,newton,-0.044824376380623636,45.92985141847489
2026-02-25 10:43:14,690.6,2026-08-21,177,0.4854200279046169,485.0,0.702287865624095,700.065687167974,-0.367025278514727,True,put,3.55,3.58,3.565,0.0300000000000002,0.0084151472650772,16.0,571.0,0.3296575823974609,0.3407237571193833,newton,-0.047146744198761935,47.829206227425395
2026-02-25 10:43:14,690.6,2026-08-21,177,0.4854200279046169,500.0,0.7240081088908196,700.065687167974,-0.3365660710300186,True,put,4.04,4.07,4.055,0.0300000000000002,0.0073982737361282,78.0,170.0,0.3153754986572264,0.3267527357927115,newton,-0.05470232585391524,53.828008988048445
2026-02-25 10:43:14,690.6,2026-08-21,177,0.4854200279046169,525.0,0.7602085143353605,700.065687167974,-0.2877759068605865,True,put,5.07,5.1,5.085,0.0299999999999993,0.0058997050147491,115.0,241.0,0.2926401303100585,0.3046215812563988,newton,-0.07062007858409149,65.6677900077533
2026-02-25 10:43:14,690.6,2026-08-21,177,0.4854200279046169,540.0,0.7819287576020851,700.065687167974,-0.2596050298938902,True,put,5.87,5.89,5.88,0.0199999999999995,0.0034013605442176,14.0,10146.0,0.2797008065795897,0.2921850690119876,newton,-0.08279069775538798,74.0894240811253
2026-02-25 10:43:14,690.6,2026-08-21,177,0.4854200279046169,575.0,0.8326093252244425,700.065687167974,-0.1968041286548598,True,put,8.34,8.37,8.355,0.0299999999999993,0.0035906642728904,11.0,970.0,0.2506331040954589,0.26430993716012774,newton,-0.12073524144975978,97.4825506645609
2026-02-25 10:43:14,690.6,2026-08-21,177,0.4854200279046169,580.0,0.8398494063133507,700.065687167974,-0.1881460659117453,True,put,8.78,8.82,8.8,0.0400000000000009,0.0045454545454546,47.0,295.0,0.2466353413391113,0.26047173636072984,newton,-0.12751926432562563,101.26806040028228
2026-02-25 10:43:14,690.6,2026-08-21,177,0.4854200279046169,620.0,0.8977700550246163,700.065687167974,-0.1214546914130731,True,put,13.38,13.43,13.405,0.0499999999999989,0.0037299515106302,15.0,11600.0,0.2140123765563965,0.2300563566537333,newton,-0.1975650340038165,134.6077670249456
2026-02-25 10:43:14,690.6,2026-08-21,177,0.4854200279046169,625.0,0.9050101361135244,700.065687167974,-0.1134225197158088,True,put,14.19,14.23,14.21,0.0400000000000009,0.0028149190710767,152.0,770.0,0.210319786529541,0.22677781286521037,newton,-0.20908017513609203,139.19790768320522
2026-02-25 10:43:14,690.6,2026-08-21,177,0.4854200279046169,630.0,0.9122502172024326,700.065687167974,-0.1054543500666318,True,put,14.92,14.98,14.95,0.0600000000000005,0.0040133779264214,721.0,3525.0,0.2059558164978027,0.22271641536232406,newton,-0.22058076132429763,143.55598175692523
2026-02-25 10:43:14,690.6,2026-08-21,177,0.4854200279046169,645.0,0.9339704604691572,700.065687167974,-0.0819238526564378,True,put,17.57,17.62,17.595,0.0500000000000007,0.0028417163967036,85.0,348.0,0.1933827000427246,0.21150397111255276,newton,-0.2598881258552235,156.83207237282195
2026-02-25 10:43:14,690.6,2026-08-21,177,0.4854200279046169,655.0,0.9484506226469736,700.065687167974,-0.0665389338169584,True,put,19.63,19.69,19.66,0.0600000000000022,0.0030518819938963,16.0,377.0,0.1850133379364013,0.20418930748594777,newton,-0.28988509342145946,165.37420615515336
2026-02-25 10:43:14,690.6,2026-08-21,177,0.4854200279046169,660.0,0.9556907037358818,700.065687167974,-0.058934334431739,True,put,20.68,20.75,20.715,0.0700000000000002,0.0033791938209027,61.0,583.0,0.1803670831298828,0.20010474850494622,newton,-0.30581726166400425,169.38047422927906
2026-02-25 10:43:14,690.6,2026-08-21,177,0.4854200279046169,675.0,0.9774109470026064,700.065687167974,-0.0364614785796805,True,put,24.49,24.56,24.525,0.0700000000000002,0.0028542303771661,47.0,224.0,0.1672065091705322,0.18913942623976643,newton,-0.3596181376012931,180.31586027788256
2026-02-25 10:43:14,690.6,2026-08-21,177,0.4854200279046169,695.0,1.0063712713582391,700.065687167974,-0.0072623238874181,True,put,30.83,30.92,30.875,0.0900000000000034,0.0029149797570851,39.0,126.0,0.1488122229003906,0.17491734881987517,newton,-0.44420263340491684,189.82961881666867
2026-02-25 10:43:14,690.6,2026-08-21,177,0.4854200279046169,725.0,1.0498117578916883,700.065687167974,0.0349974854024644,False,put,44.58,44.96,44.77,0.3800000000000025,0.0084878266696449,200.0,151.0,0.1217739190673828,0.15933156921805758,newton,-0.5920388515514866,184.86991215504412
2026-02-25 10:43:14,690.6,2026-08-21,177,0.4854200279046169,730.0,1.0570518389805963,700.065687167974,0.0418703646902265,False,put,47.57,47.98,47.775,0.4099999999999966,0.0085818942961799,147.0,997.0,0.1173946903991699,0.15812805461589932,newton,-0.6165268524235527,181.37917171418457
2026-02-25 10:43:14,690.6,2026-09-18,205,0.5621323566717402,660.0,0.9556907037358818,700.6117548783193,-0.0597140539040726,False,call,63.87,64.21,64.03999999999999,0.3399999999999963,0.005309181761399,10.0,1597.0,0.2340011903381347,0.2064397422220113,newton,0.6647959485379403,184.47179916451668
2026-02-25 10:43:14,690.6,2026-09-18,205,0.5621323566717402,675.0,0.9774109470026064,700.6117548783193,-0.0372411980520141,False,call,52.79,53.09,52.94,0.3000000000000042,0.005666792595391,21.0,1378.0,0.2192232009124755,0.19421483609793191,newton,0.6161599296961786,194.57031711686574
2026-02-25 10:43:14,690.6,2026-09-18,205,0.5621323566717402,700.0,1.0136113524471473,700.6117548783193,-0.0008735538811392,False,call,36.07,36.13,36.1,0.0600000000000022,0.0016620498614959,27.0,6619.0,0.1950764086914062,0.17452503334293262,newton,0.5181469746542615,204.8279398024799
2026-02-25 10:43:14,690.6,2026-09-18,205,0.5621323566717402,710.0,1.0280915146249638,700.6117548783193,0.0133110811108171,True,call,30.16,30.22,30.19,0.0599999999999987,0.0019874130506789,47.0,3336.0,0.1865468309020996,0.16745336925572338,newton,0.47308056538161225,205.16907597198693
2026-02-25 10:43:14,690.6,2026-09-18,205,0.5621323566717402,715.0,1.035331595713872,700.6117548783193,0.0203286537694636,True,call,27.32,27.38,27.35,0.0599999999999987,0.0021937842778792,2634.0,6580.0,0.1820607917785644,0.16367357260095813,newton,0.4492810857825756,204.24707009780914
2026-02-25 10:43:14,690.6,2026-09-18,205,0.5621323566717402,725.0,1.0498117578916883,700.6117548783193,0.0342177659301307,True,call,22.13,22.19,22.16,0.0600000000000022,0.0027075812274369,2597.0,10336.0,0.1737753521728515,0.15676083891476994,newton,0.39994952270430295,199.89093816194358
2026-02-25 10:43:14,690.6,2026-09-18,205,0.5621323566717402,750.0,1.0860121633362294,700.6117548783193,0.0681193176058121,True,call,11.89,11.94,11.915,0.0499999999999989,0.0041963911036507,36.0,57937.0,0.1557701611328125,0.14184957720148972,newton,0.27291212199842435,172.82710322871816
2026-02-25 10:43:14,690.6,2026-09-18,205,0.5621323566717402,780.0,1.1294526498696784,700.6117548783193,0.1073400307590935,True,call,4.86,4.89,4.875,0.0299999999999993,0.006153846153846,165.0,6213.0,0.1414117842102051,0.13038810117834715,newton,0.1441139990112566,118.4436281644651
2026-02-25 10:43:14,690.6,2026-09-18,205,0.5621323566717402,785.0,1.1366927309585868,700.6117548783193,0.1137298288578645,True,call,4.12,4.15,4.135,0.0300000000000002,0.0072551390568319,167.0,8066.0,0.1395960064697265,0.12896094803519856,newton,0.12708354616233894,108.71096857412283
2026-02-25 10:43:14,690.6,2026-09-18,205,0.5621323566717402,790.0,1.143932812047495,700.6117548783193,0.1200790565365232,True,call,3.5,3.54,3.52,0.04,0.0113636363636363,134.0,9876.0,0.1382685050964355,0.1279243132319699,newton,0.1120018925046158,99.47848208326194
2026-02-25 10:43:14,690.6,2026-09-18,205,0.5621323566717402,805.0,1.1656530553142197,700.6117548783193,0.1388883884940193,True,call,2.13,2.16,2.145,0.0300000000000002,0.0139860139860141,562.0,2045.0,0.1349573809814453,0.12555240806544113,newton,0.07505780598606744,74.04287673364661
2026-02-25 10:43:14,690.6,2026-09-18,205,0.5621323566717402,820.0,1.187373298580944,700.6117548783193,0.1573504513337549,True,call,1.29,1.31,1.3,0.02,0.0153846153846153,20.0,3345.0,0.1328822064208984,0.12428000589623071,newton,0.04927823168965218,53.3321303734286
2026-02-25 10:43:14,690.6,2026-09-18,205,0.5621323566717402,825.0,1.1946133796698524,700.6117548783193,0.163429497410137,True,call,1.1,1.12,1.11,0.02,0.018018018018018,48.0,1873.0,0.1326685855102539,0.12425809510423066,newton,0.04297234394454876,47.78627726568951
2026-02-25 10:43:14,690.6,2026-09-18,205,0.5621323566717402,830.0,1.2018534607587603,700.6117548783193,0.1694718118660996,True,call,0.94,0.95,0.945,0.01,0.0105820105820105,10.0,562.0,0.1323328955078125,0.1242271227017848,newton,0.0373531756871492,42.651272915830376
2026-02-25 10:43:14,690.6,2026-09-18,205,0.5621323566717402,845.0,1.223573704025485,700.6117548783193,0.1873827384326298,True,call,0.58,0.6,0.59,0.02,0.0338983050847458,100.0,1014.0,0.1324549645996094,0.1246560197512667,newton,0.024600991719694397,30.190193052045704
2026-02-25 10:43:14,690.6,2026-09-18,205,0.5621323566717402,850.0,1.2308137851143932,700.6117548783193,0.1932824605598183,True,call,0.5,0.52,0.51,0.02,0.0392156862745098,17.0,3715.0,0.1327601373291015,0.1250768065595399,newton,0.02155371505685996,27.011733103144174
2026-02-25 10:43:14,690.6,2026-09-18,205,0.5621323566717402,860.0,1.2452939472922095,700.6117548783193,0.2049785003230095,True,call,0.37,0.39,0.38,0.02,0.0526315789473684,102.0,3325.0,0.1333704827880859,0.12589755299618435,newton,0.01648292769198999,21.50552400530944
2026-02-25 10:43:14,690.6,2026-09-18,205,0.5621323566717402,865.0,1.252534028381118,700.6117548783193,0.2107756180073353,True,call,0.32,0.33,0.325,0.01,0.0307692307692307,20.0,437.0,0.1333094482421875,0.12616324350681066,newton,0.014300242246839115,19.038068514240084
2026-02-25 10:43:14,690.6,2026-09-18,205,0.5621323566717402,880.0,1.2742542716478424,700.6117548783193,0.2279680185477081,True,call,0.21,0.22,0.215,0.01,0.0465116279069767,61.0,5823.0,0.13477427734375,0.1279223842222633,newton,0.00973244530530213,13.637368398514138
2026-02-25 10:43:14,690.6,2026-09-18,205,0.5621323566717402,890.0,1.2887344338256588,700.6117548783193,0.2392675738016416,True,call,0.17,0.18,0.175,0.0099999999999999,0.057142857142857,50.0,470.0,0.1369715209960937,0.13012765160333226,newton,0.007953804625941875,11.427584021412644
2026-02-25 10:43:14,690.6,2026-09-18,205,0.5621323566717402,895.0,1.295974514914567,700.6117548783193,0.2448698293503114,True,call,0.15,0.16,0.155,0.01,0.0645161290322581,26.0,1156.0,0.137703935546875,0.13091520845923327,newton,0.007084412425474891,10.320455501367954
2026-02-25 10:43:14,690.6,2026-09-18,205,0.5621323566717402,350.0,0.5068056762235736,700.6117548783193,-0.6940207344410845,True,put,1.49,1.51,1.5,0.02,0.0133333333333333,18.0,1400.0,0.4577690942382813,0.46724582740892023,newton,-0.015220304639771379,20.086103036338443
2026-02-25 10:43:14,690.6,2026-09-18,205,0.5621323566717402,360.0,0.5212858384013901,700.6117548783193,-0.6658498574743883,True,put,1.62,1.64,1.63,0.0199999999999997,0.0122699386503066,56.0,382.0,0.4466608068847656,0.45628943140654543,newton,-0.016770824674693107,21.826259319492785
2026-02-25 10:43:14,690.6,2026-09-18,205,0.5621323566717402,380.0,0.5502461627570229,700.6117548783193,-0.6117826362041126,True,put,1.89,1.9,1.895,0.01,0.0052770448548812,41.0,2540.0,0.4239559558105469,0.4339864274772632,newton,-0.020120754167479275,25.48492348888895
2026-02-25 10:43:14,690.6,2026-09-18,205,0.5621323566717402,390.0,0.5647263249348392,700.6117548783193,-0.5858071498008518,True,put,2.04,2.05,2.045,0.0099999999999997,0.0048899755501221,10.0,254.0,0.4130918066406249,0.4232478207102092,newton,-0.02204664758041721,27.532038623462626
2026-02-25 10:43:14,690.6,2026-09-18,205,0.5621323566717402,400.0,0.5792064871126557,700.6117548783193,-0.560489341816562,True,put,2.2,2.21,2.205,0.0099999999999997,0.0045351473922901,11.0,12807.0,0.4024107611083984,0.41265485198145063,newton,-0.02413908846901575,29.71409392015826
2026-02-25 10:43:14,690.6,2026-09-18,205,0.5621323566717402,430.0,0.6226469736461048,700.6117548783193,-0.4881686802369358,True,put,2.75,2.77,2.76,0.02,0.0072463768115942,357.0,748.0,0.3714052117919921,0.3818551530681658,newton,-0.03163584565872112,37.21613275198382
2026-02-25 10:43:14,690.6,2026-09-18,205,0.5621323566717402,450.0,0.6516072980017376,700.6117548783193,-0.4427063061601785,True,put,3.2,3.23,3.215,0.0299999999999998,0.0093312597200621,278.0,3972.0,0.3516300189208984,0.36229588689881315,newton,-0.03795460752046232,43.210232584990884
2026-02-25 10:43:14,690.6,2026-09-18,205,0.5621323566717402,470.0,0.6805676223573703,700.6117548783193,-0.3992211942204396,True,put,3.75,3.77,3.76,0.02,0.0053191489361702,60.0,502.0,0.3324346542358398,0.3435097057935446,newton,-0.04565648765020883,50.173507908158385
2026-02-25 10:43:14,690.6,2026-09-18,205,0.5621323566717402,495.0,0.7167680278019114,700.6117548783193,-0.3473961263558536,True,put,4.62,4.64,4.63,0.0199999999999995,0.0043196544276456,79.0,799.0,0.3099129067993164,0.3214794522695729,newton,-0.057981191234425994,60.65159579453543
2026-02-25 10:43:14,690.6,2026-09-18,205,0.5621323566717402,500.0,0.7240081088908196,700.6117548783193,-0.3373457905023522,True,put,4.83,4.85,4.84,0.0199999999999995,0.0041322314049585,26.0,4042.0,0.305671005859375,0.31733817776839696,newton,-0.06092276878936845,63.04543275356186
2026-02-25 10:43:14,690.6,2026-09-18,205,0.5621323566717402,505.0,0.7312481899797277,700.6117548783193,-0.327395459649184,True,put,5.03,5.06,5.045,0.0299999999999993,0.0059464816650147,54.0,5206.0,0.3012765185546875,0.31299197248660837,newton,-0.0638994493935094,65.42927991795385
2026-02-25 10:43:14,690.6,2026-09-18,205,0.5621323566717402,510.0,0.7384882710686359,700.6117548783193,-0.3175431632061725,True,put,5.27,5.29,5.279999999999999,0.0200000000000004,0.0037878787878788,264.0,2311.0,0.2970651348876952,0.30897253589251084,newton,-0.06718756735770304,68.0191451754602
2026-02-25 10:43:14,690.6,2026-09-18,205,0.5621323566717402,520.0,0.7529684332464524,700.6117548783193,-0.2981250773490709,True,put,5.76,5.79,5.775,0.0300000000000002,0.0051948051948052,25.0,3809.0,0.2887796952819824,0.30086387023342703,newton,-0.07420988026155691,73.40532938847518
2026-02-25 10:43:14,690.6,2026-09-18,205,0.5621323566717402,525.0,0.7602085143353605,700.6117548783193,-0.2885556263329201,True,put,6.04,6.06,6.05,0.0199999999999995,0.0033057851239668,50.0,7656.0,0.2846751220703124,0.29696323919077733,newton,-0.07806846703363049,76.2850735784989
2026-02-25 10:43:14,690.6,2026-09-18,205,0.5621323566717402,535.0,0.774688676513177,700.6117548783193,-0.2696871420285374,True,put,6.62,6.64,6.63,0.0199999999999995,0.0030165912518853,13.0,2272.0,0.2764964929199218,0.2890761459579763,newton,-0.08631467109116299,82.2612510881895
2026-02-25 10:43:14,690.6,2026-09-18,205,0.5621323566717402,540.0,0.7819287576020851,700.6117548783193,-0.2603847493662239,True,put,6.93,6.95,6.9399999999999995,0.0200000000000004,0.0028818443804035,15.0,4447.0,0.2724224369812011,0.28513924288665976,newton,-0.0907519431307295,85.38152037476006
2026-02-25 10:43:14,690.6,2026-09-18,205,0.5621323566717402,545.0,0.7891688386909933,700.6117548783193,-0.2511680942612998,True,put,7.26,7.29,7.275,0.0300000000000002,0.0041237113402062,17.0,6535.0,0.2685009674072265,0.2813272748524046,newton,-0.09549284178719865,88.64502555082498
2026-02-25 10:43:14,690.6,2026-09-18,205,0.5621323566717402,560.0,0.8108890819577179,700.6117548783193,-0.2240171051953491,True,put,8.41,8.44,8.425,0.0299999999999993,0.003560830860534,21.0,2571.0,0.2570264727783203,0.270379887090357,newton,-0.1115467764415321,99.19035435415483
2026-02-25 10:43:14,690.6,2026-09-18,205,0.5621323566717402,595.0,0.8615696495800753,700.6117548783193,-0.1633924833789142,True,put,11.92,11.95,11.935,0.0299999999999993,0.0025136154168411,182.0,5913.0,0.2305985144042968,0.2455264913705299,newton,-0.16035467931314937,127.09385198095694
2026-02-25 10:43:14,690.6,2026-09-18,205,0.5621323566717402,600.0,0.8688097306689835,700.6117548783193,-0.1550242337083976,True,put,12.51,12.55,12.53,0.0400000000000009,0.0031923383878691,481.0,15294.0,0.2267228207397461,0.2418747461785147,newton,-0.168746274300852,131.33648873353755
2026-02-25 10:43:14,690.6,2026-09-18,205,0.5621323566717402,610.0,0.8832898928467998,700.6117548783193,-0.138494931757187,True,put,13.86,13.9,13.88,0.0400000000000009,0.0028818443804035,13.0,4671.0,0.2192918647766113,0.23504386386294288,newton,-0.18722897605393515,140.16539654300857
2026-02-25 10:43:14,690.6,2026-09-18,205,0.5621323566717402,615.0,0.8905299739357081,700.6117548783193,-0.1303316211180261,True,put,14.59,14.63,14.61,0.0400000000000009,0.0027378507871321,24.0,4844.0,0.2155687574768066,0.23163604886400438,newton,-0.19718388505950094,144.63924419074377
2026-02-25 10:43:14,690.6,2026-09-18,205,0.5621323566717402,625.0,0.9050101361135244,700.6117548783193,-0.1142022391881424,True,put,16.13,16.17,16.15,0.0400000000000027,0.0024767801857586,209.0,3170.0,0.2078021115112304,0.22456808474823903,newton,-0.21842663476115662,153.5605328886942
2026-02-25 10:43:14,690.6,2026-09-18,205,0.5621323566717402,635.0,0.9194902982913408,700.6117548783193,-0.0983288900318523,True,put,17.88,17.92,17.9,0.0400000000000027,0.0022346368715085,33.0,5462.0,0.2001880519104004,0.21774738493579007,newton,-0.2420633880531025,162.53514058654412
2026-02-25 10:43:14,690.6,2026-09-18,205,0.5621323566717402,645.0,0.9339704604691572,700.6117548783193,-0.0827035721287714,True,put,19.77,19.82,19.795,0.0500000000000007,0.0025258903763577,33.0,2274.0,0.1921925263977051,0.2106311049099506,newton,-0.26789073997353896,171.2577350651435
2026-02-25 10:43:14,690.6,2026-09-18,205,0.5621323566717402,650.0,0.9412105415580654,700.6117548783193,-0.0749815260348611,True,put,20.74,20.79,20.765,0.0500000000000007,0.0024078979051288,59.0,6380.0,0.1878285563659668,0.20675158955975195,newton,-0.2815684928790707,175.43822249094293
2026-02-25 10:43:14,690.6,2026-09-18,205,0.5621323566717402,655.0,0.9484506226469736,700.6117548783193,-0.067318653289292,True,put,21.9,21.95,21.924999999999997,0.0500000000000007,0.0022805017103763,12.0,1281.0,0.1841512249755859,0.20362748013734167,newton,-0.2964221611690742,179.6449850272012
2026-02-25 10:43:14,690.6,2026-09-18,205,0.5621323566717402,680.0,0.9846510280915146,700.6117548783193,-0.0298610907543915,True,put,28.33,28.39,28.36,0.0600000000000022,0.0021156558533146,12.0,5320.0,0.1630256427764892,0.18598607824804747,newton,-0.3804784485560034,197.25151993995476
2026-02-25 10:43:14,690.6,2026-09-18,205,0.5621323566717402,685.0,0.9918911091804228,700.6117548783193,-0.0225350506623186,True,put,29.83,29.9,29.865,0.0700000000000002,0.0023438807969194,66.0,11826.0,0.1585548622894287,0.18241133617362582,newton,-0.3996503444147683,199.85435852736006
2026-02-25 10:43:14,690.6,2026-09-18,205,0.5621323566717402,690.0,0.999131190269331,700.6117548783193,-0.0152622913332388,True,put,31.49,31.55,31.52,0.0600000000000022,0.0019035532994924,126.0,4291.0,0.1542442974853515,0.17915141155281472,newton,-0.4196879446892332,202.03233179209462
2026-02-25 10:43:14,690.6,2026-09-18,205,0.5621323566717402,715.0,1.035331595713872,700.6117548783193,0.0203286537694636,False,put,41.4,41.5,41.45,0.1000000000000014,0.0024125452352231,10.0,342.0,0.131394489364624,0.16367357260095788,newton,-0.5306855384135664,204.24707009780914
2026-02-25 10:43:14,690.6,2026-09-18,205,0.5621323566717402,725.0,1.0498117578916883,700.6117548783193,0.0342177659301307,False,put,46.56,46.87,46.715,0.3099999999999951,0.0066359841592635,30.0,545.0,0.1236812486267089,0.1600365714334821,newton,-0.5772798691017188,200.21987776032705
2026-02-25 10:43:14,690.6,2026-09-30,217,0.5950090690005073,625.0,0.9050101361135244,700.9082861889117,-0.1146253959127389,False,call,91.97,92.47,92.22,0.5,0.0054218173931901,73.0,248.0,0.2635419105529785,0.22990779639668366,newton,0.7525422196447056,161.14474077758194
2026-02-25 10:43:14,690.6,2026-09-30,217,0.5950090690005073,630.0,0.9122502172024326,700.9082861889117,-0.1066572262635621,False,call,87.9,88.39,88.14500000000001,0.4899999999999949,0.005559022065914,18.0,607.0,0.2588269918823243,0.2261043760882371,newton,0.7415855492832456,165.39092731548484
2026-02-25 10:43:14,690.6,2026-09-30,217,0.5950090690005073,635.0,0.9194902982913408,700.9082861889117,-0.0987520467564487,False,call,83.97,84.45,84.21000000000001,0.480000000000004,0.0057000356252227,10.0,496.0,0.2546537548065186,0.22288246659084485,newton,0.729687986064735,169.76158131900598
2026-02-25 10:43:14,690.6,2026-09-30,217,0.5950090690005073,664.0,0.9614827686070084,700.9082861889117,-0.0540948961727066,False,call,61.68,62.18,61.93,0.5,0.0080736315194574,86.0,103.0,0.2285157105255127,0.20156519209898202,newton,0.6507329772083651,192.83513223625346
2026-02-25 10:43:14,690.6,2026-09-30,217,0.5950090690005073,685.0,0.9918911091804228,700.9082861889117,-0.0229582073869151,False,call,46.65,47.05,46.849999999999994,0.3999999999999986,0.0085378868729989,47.0,320.0,0.2084048276519774,0.18493074419389133,newton,0.5792918164860201,205.50186803085106
2026-02-25 10:43:14,690.6,2026-09-30,217,0.5950090690005073,700.0,1.0136113524471473,700.9082861889117,-0.0012967106057357,False,call,37.11,37.18,37.145,0.0700000000000002,0.0018845066630771,27.0,1411.0,0.1945652443695068,0.17407197524756307,newton,0.5193614040278468,210.49885396157296
2026-02-25 10:43:14,690.6,2026-09-30,217,0.5950090690005073,705.0,1.0208514335360557,700.9082861889117,0.0058207571631282,True,call,34.04,34.1,34.07,0.0600000000000022,0.0017610801291459,56.0,768.0,0.1900792052459717,0.17032053848828949,newton,0.4977537287025529,211.07219006907653
2026-02-25 10:43:14,690.6,2026-09-30,217,0.5950090690005073,735.0,1.064291920069505,700.9082861889117,0.0474934535636963,True,call,18.41,18.48,18.445,0.0700000000000002,0.0037950664136622,14.0,148.0,0.1659171543884277,0.15009909785763687,newton,0.35462570234351026,198.41654659032454
2026-02-25 10:43:14,690.6,2026-09-30,217,0.5950090690005073,740.0,1.0715320011584129,700.9082861889117,0.0542731405490749,True,call,16.37,16.43,16.4,0.0599999999999987,0.0036585365853657,10.0,504.0,0.1625602543640136,0.14736002583188618,newton,0.32986952459696717,193.24579701977336
2026-02-25 10:43:14,690.6,2026-09-30,217,0.5950090690005073,745.0,1.0787720822473212,700.9082861889117,0.0610071727304191,True,call,14.45,14.5,14.475,0.0500000000000007,0.003454231433506,20.0,284.0,0.1591652077484131,0.14457149185625026,newton,0.3050023775941522,187.1180280526142
2026-02-25 10:43:14,690.6,2026-09-30,217,0.5950090690005073,770.0,1.114972487691862,700.9082861889117,0.0940134691985891,True,call,7.26,7.31,7.285,0.0499999999999998,0.006863417982155,19.0,624.0,0.1457910128784179,0.13369900086843453,newton,0.19075730099521018,145.85410498565037
2026-02-25 10:43:14,690.6,2026-09-30,217,0.5950090690005073,810.0,1.1728931364031276,700.9082861889117,0.144657202017344,True,call,2.06,2.09,2.075,0.0299999999999998,0.0144578313253011,10.0,462.0,0.1342097077941894,0.12491772139481049,newton,0.07155221356838522,73.45807949562861
2026-02-25 10:43:14,690.6,2026-09-30,217,0.5950090690005073,845.0,1.223573704025485,700.9082861889117,0.1869595817080333,True,call,0.69,0.71,0.7,0.02,0.0285714285714286,10.0,172.0,0.1322108264160156,0.12430069689870704,newton,0.02798237815008343,34.5948287468351
2026-02-25 10:43:14,690.6,2026-09-30,217,0.5950090690005073,850.0,1.2308137851143932,700.9082861889117,0.1928593038352217,True,call,0.59,0.61,0.6,0.02,0.0333333333333333,11.0,2368.0,0.1322108264160156,0.12443280670059148,newton,0.024393619820351875,30.84799777127316
2026-02-25 10:43:14,690.6,2026-09-30,217,0.5950090690005073,870.0,1.259774109470026,700.9082861889117,0.2161161659994889,True,call,0.33,0.34,0.335,0.01,0.0298507462686567,302.0,963.0,0.1329432409667968,0.12579351978953277,newton,0.01436505327239185,19.668316034999943
2026-02-25 10:43:14,690.6,2026-09-30,217,0.5950090690005073,885.0,1.2814943527367506,700.9082861889117,0.233210599358789,True,call,0.22,0.23,0.225,0.01,0.0444444444444444,20.0,149.0,0.1344080700683594,0.12752626979505313,newton,0.009913384491566063,14.261774964709838
2026-02-25 10:43:14,690.6,2026-09-30,217,0.5950090690005073,895.0,1.295974514914567,700.9082861889117,0.2444466726257148,True,call,0.17,0.18,0.175,0.0099999999999999,0.057142857142857,115.0,105.0,0.1356287609863281,0.12886767594735635,newton,0.007819858298662935,11.586037282396607
2026-02-25 10:43:14,690.6,2026-09-30,217,0.5950090690005073,470.0,0.6805676223573703,700.9082861889117,-0.3996443509450361,True,put,4.01,4.04,4.025,0.0300000000000002,0.0074534161490683,206.0,1181.0,0.3281317187499999,0.33928145010969685,newton,-0.04763738526847413,53.41610273806572
2026-02-25 10:43:14,690.6,2026-09-30,217,0.5950090690005073,485.0,0.702287865624095,700.9082861889117,-0.3682281547116571,True,put,4.54,4.57,4.555,0.0300000000000002,0.0065861690450055,14.0,169.0,0.3149177395629882,0.3263508179335921,newton,-0.05488481308221199,59.77411376552831
2026-02-25 10:43:14,690.6,2026-09-30,217,0.5950090690005073,540.0,0.7819287576020851,700.9082861889117,-0.2608079060908204,True,put,7.36,7.4,7.380000000000001,0.04,0.005420054200542,10.0,300.0,0.2697063996887207,0.2825004102773407,newton,-0.09377876897021825,90.00486769964184
2026-02-25 10:43:14,690.6,2026-09-30,217,0.5950090690005073,550.0,0.7964089197799015,700.9082861889117,-0.2424587674226238,True,put,8.1,8.14,8.120000000000001,0.0400000000000009,0.0049261083743843,12.0,378.0,0.2621838919067383,0.27531498255703946,newton,-0.10379217765491047,96.91552300615665
2026-02-25 10:43:14,690.6,2026-09-30,217,0.5950090690005073,580.0,0.8398494063133507,700.9082861889117,-0.1893489421086754,True,put,10.82,10.87,10.845,0.0499999999999989,0.0046104195481787,11.0,115.0,0.2398757653808593,0.2541836239600279,newton,-0.14067301865470674,119.8974165601794
2026-02-25 10:43:14,690.6,2026-09-30,217,0.5950090690005073,595.0,0.8615696495800753,700.9082861889117,-0.1638156401035106,True,put,12.56,12.61,12.585,0.0499999999999989,0.0039729837107667,14.0,107.0,0.2289810989379883,0.24405770569451088,newton,-0.16390082951660964,132.62138230797882
2026-02-25 10:43:14,690.6,2026-09-30,217,0.5950090690005073,600.0,0.8688097306689835,700.9082861889117,-0.155447390432994,True,put,13.19,13.24,13.215,0.0500000000000007,0.0037835792659856,20.0,1388.0,0.2252732502746581,0.2406161906054098,newton,-0.17236939346709337,136.95831484704055
2026-02-25 10:43:14,690.6,2026-09-30,217,0.5950090690005073,620.0,0.8977700550246163,700.9082861889117,-0.1226575676100031,True,put,16.11,16.17,16.14,0.0600000000000022,0.0037174721189592,12.0,206.0,0.2107088817596435,0.22729469117665974,newton,-0.21099835543055115,154.86362469456637
2026-02-25 10:43:14,690.6,2026-09-30,217,0.5950090690005073,625.0,0.9050101361135244,700.9082861889117,-0.1146253959127389,True,put,16.92,16.98,16.950000000000003,0.0599999999999987,0.0035398230088494,10.0,645.0,0.2069018519592285,0.2238523913833603,newton,-0.22177532283329526,159.34212316220376
2026-02-25 10:43:14,690.6,2026-09-30,217,0.5950090690005073,650.0,0.9412105415580654,700.9082861889117,-0.0754046827594576,True,put,21.69,21.75,21.72,0.0599999999999987,0.0027624309392264,12.0,1433.0,0.1876912286376953,0.20684106600941715,newton,-0.2841902527644457,181.24795149543394
2026-02-25 10:43:14,690.6,2026-09-30,217,0.5950090690005073,658.0,0.9527946713003186,700.9082861889117,-0.0631721143238232,True,put,23.43,23.5,23.465,0.0700000000000002,0.0029831664180694,399.0,404.0,0.1810689804077148,0.20106801910589567,newton,-0.3072376324400784,187.70787376943196
2026-02-25 10:43:14,690.6,2026-09-30,217,0.5950090690005073,664.0,0.9614827686070084,700.9082861889117,-0.0540948961727066,True,put,24.89,24.96,24.925,0.0700000000000002,0.0028084252758274,178.0,952.0,0.1762625099182129,0.19700135917881142,newton,-0.3258305449828904,192.3149000095783
2026-02-25 10:43:14,690.6,2026-09-30,217,0.5950090690005073,670.0,0.9701708659136982,700.9082861889117,-0.0450993332641287,True,put,26.42,26.49,26.455,0.0699999999999967,0.0026460026460025,10.0,606.0,0.1712500478363037,0.19280360352191445,newton,-0.34538362973904024,196.59302643723646
2026-02-25 10:43:14,690.6,2026-09-30,217,0.5950090690005073,677.0,0.9803069794381696,700.9082861889117,-0.0347057727368654,True,put,28.4,28.49,28.445,0.0899999999999998,0.0031640007031112,11.0,279.0,0.1657035334777832,0.1882852030209842,newton,-0.36967668733623216,201.11733721379375
2026-02-25 10:43:14,690.6,2026-09-30,217,0.5950090690005073,678.0,0.9817549956559514,700.9082861889117,-0.0332297577087448,True,put,28.7,28.78,28.74,0.0800000000000018,0.0027835768963118,10.0,217.0,0.1648566791534424,0.18763231170708944,newton,-0.37325993398419155,201.7116392370489
2026-02-25 10:43:14,690.6,2026-09-30,217,0.5950090690005073,679.0,0.9832030118737328,700.9082861889117,-0.0317559180904442,True,put,28.98,29.07,29.025,0.0899999999999998,0.0031007751937984,60.0,136.0,0.1639945661926269,0.18691445580664798,newton,-0.37685317651487554,202.28891442437327
2026-02-25 10:43:14,690.6,2026-09-30,217,0.5950090690005073,680.0,0.9846510280915146,700.9082861889117,-0.030284247478988,True,put,29.27,29.35,29.31,0.0800000000000018,0.0027294438758103,10.0,969.0,0.1630714186859131,0.1861813075407688,newton,-0.38047360663499646,202.85168791321306
2026-02-25 10:43:14,690.6,2026-09-30,217,0.5950090690005073,684.0,0.9904430929626412,700.9082861889117,-0.0244191280265899,True,put,30.44,30.53,30.485,0.0899999999999998,0.002952271608988,20.0,297.0,0.1594627511596679,0.18326529217833518,newton,-0.39528139544459484,204.95738336486897
2026-02-25 10:43:14,690.6,2026-09-30,217,0.5950090690005073,685.0,0.9918911091804228,700.9082861889117,-0.0229582073869151,True,put,30.83,30.92,30.875,0.0900000000000034,0.0029149797570851,135.0,571.0,0.1589668454742432,0.18296533082483127,newton,-0.399146687533435,205.45543905683877
2026-02-25 10:43:14,690.6,2026-09-30,217,0.5950090690005073,686.0,0.9933391253982043,700.9082861889117,-0.0214994179232551,True,put,31.09,31.17,31.130000000000003,0.0800000000000018,0.0025698682942499,10.0,118.0,0.1577843011474609,0.18199170023630135,newton,-0.402911840572619,205.92015324671613
2026-02-25 10:43:14,690.6,2026-09-30,217,0.5950090690005073,690.0,0.999131190269331,700.9082861889117,-0.0156854480578353,True,put,32.47,32.56,32.515,0.0900000000000034,0.0027679532523451,16.0,1444.0,0.1546944272613525,0.17970181210322275,newton,-0.41854661051510644,207.6350656279171
2026-02-25 10:43:14,690.6,2026-12-18,296,0.8115615804160324,665.0,0.96293078482479,705.1503616996386,-0.05862401842226,False,call,70.76,71.2,70.98,0.4399999999999977,0.0061989292758523,41.0,1542.0,0.2359390371704101,0.20541662784908293,newton,0.639877811463085,226.35090292947592
2026-02-25 10:43:14,690.6,2026-12-18,296,0.8115615804160324,690.0,0.999131190269331,705.1503616996386,-0.021719461486809,False,call,53.58,53.97,53.775,0.3900000000000005,0.007252440725244,82.0,1463.0,0.2161714736175537,0.18934132006171037,newton,0.567367177377523,240.62875981203365
2026-02-25 10:43:14,690.6,2026-12-18,296,0.8115615804160324,700.0,1.0136113524471473,705.1503616996386,-0.0073307240347095,False,call,47.18,47.52,47.35,0.3400000000000034,0.0071805702217529,10.0,7396.0,0.208267499923706,0.18291101872762036,newton,0.5346310528635427,244.15660425342307
2026-02-25 10:43:14,690.6,2026-12-18,296,0.8115615804160324,705.0,1.0208514335360557,705.1503616996386,-0.0002132562658455,False,call,44.26,44.33,44.295,0.0700000000000002,0.0015803138051698,45.0,4232.0,0.2040255989837646,0.17988504393573468,newton,0.5174711444552199,245.2967451514664
2026-02-25 10:43:14,690.6,2026-12-18,296,0.8115615804160324,710.0,1.0280915146249638,705.1503616996386,0.0068539109572468,True,call,41.34,41.42,41.38,0.0799999999999983,0.001933301111648,26.0,5666.0,0.2005924057769774,0.1771067043754379,newton,0.4998649209239609,245.96298582066973
2026-02-25 10:43:14,690.6,2026-12-18,296,0.8115615804160324,715.0,1.035331595713872,705.1503616996386,0.0138714836158934,True,call,38.39,38.48,38.435,0.0899999999999963,0.0023416157148431,26.0,1957.0,0.196724341430664,0.17387086232760382,newton,0.4816348724259509,246.11683244063175
2026-02-25 10:43:14,690.6,2026-12-18,296,0.8115615804160324,725.0,1.0498117578916883,705.1503616996386,0.0277605957765605,True,call,32.85,32.93,32.89,0.0799999999999983,0.0024323502584371,19.0,1420.0,0.189285756149292,0.16773802407737703,newton,0.4437788803584475,244.6943458642672
2026-02-25 10:43:14,690.6,2026-12-18,296,0.8115615804160324,735.0,1.064291920069505,705.1503616996386,0.0414594401347224,True,call,27.77,27.84,27.805,0.0700000000000002,0.0025175328178385,136.0,2005.0,0.1822438954162598,0.16196600690917626,newton,0.4043810201581234,240.70168518153582
2026-02-25 10:43:14,690.6,2026-12-18,296,0.8115615804160324,740.0,1.0715320011584129,705.1503616996386,0.0482391271201012,True,call,25.31,25.38,25.345,0.0700000000000002,0.0027618859735648,129.0,3469.0,0.1784750122070312,0.15880687422568956,newton,0.383872132200408,237.59624719677495
2026-02-25 10:43:14,690.6,2026-12-18,296,0.8115615804160324,750.0,1.0860121633362294,705.1503616996386,0.0616621474522419,True,call,21.02,21.09,21.055,0.0700000000000002,0.0033246259795773,10.0,33340.0,0.1723562989807129,0.1538520988419754,newton,0.34342852575944655,229.36720376512594
2026-02-25 10:43:14,690.6,2026-12-18,296,0.8115615804160324,760.0,1.1004923255140455,705.1503616996386,0.0749073742022625,True,call,17.12,17.18,17.15,0.0599999999999987,0.0034985422740524,51.0,4644.0,0.166123145980835,0.1487577878859779,newton,0.3024086427581715,218.07674479628756
2026-02-25 10:43:14,690.6,2026-12-18,296,0.8115615804160324,770.0,1.114972487691862,705.1503616996386,0.0879794557696153,True,call,13.81,13.86,13.835,0.0499999999999989,0.0036140224069388,133.0,9082.0,0.1607444766235352,0.14444143188988146,newton,0.26278689688208445,204.21180098196297
2026-02-25 10:43:14,690.6,2026-12-18,296,0.8115615804160324,775.0,1.1222125687807702,705.1503616996386,0.0944519702752327,True,call,12.36,12.4,12.38,0.0400000000000009,0.0032310177705978,95.0,6639.0,0.158310724105835,0.14252543142705518,newton,0.24374715499374588,196.45830498260017
2026-02-25 10:43:14,690.6,2026-12-18,296,0.8115615804160324,800.0,1.1584129742253113,705.1503616996386,0.1262006685898131,True,call,6.87,6.91,6.890000000000001,0.04,0.0058055152394775,33.0,8393.0,0.1487817056274414,0.1351461254070911,newton,0.1598687733678068,152.9132664209047
2026-02-25 10:43:14,690.6,2026-12-18,296,0.8115615804160324,815.0,1.1801332174920358,705.1503616996386,0.1447770541627485,True,call,4.69,4.73,4.710000000000001,0.04,0.0084925690021231,215.0,2656.0,0.1444024769592285,0.13182027471247287,newton,0.11952703619316649,125.62765695394383
2026-02-25 10:43:14,690.6,2026-12-18,296,0.8115615804160324,840.0,1.2163336229365769,705.1503616996386,0.1749908327592451,True,call,2.48,2.51,2.495,0.0299999999999998,0.0120240480961923,12.0,3554.0,0.1399774723815918,0.12883487497153331,newton,0.07145409127436637,86.0611750237753
2026-02-25 10:43:14,690.6,2026-12-18,296,0.8115615804160324,870.0,1.259774109470026,705.1503616996386,0.2100821525705152,True,call,1.19,1.21,1.2,0.02,0.0166666666666666,17.0,691.0,0.1381922119140625,0.1283185424172251,newton,0.03811191826439203,52.34444234675731
2026-02-25 10:43:14,690.6,2026-12-18,296,0.8115615804160324,890.0,1.2887344338256588,705.1503616996386,0.2328104036480713,True,call,0.74,0.76,0.75,0.02,0.0266666666666666,201.0,721.0,0.1382837637329101,0.1289613350097156,newton,0.025093069826785205,37.06648000575172
2026-02-25 10:43:14,690.6,2026-12-18,296,0.8115615804160324,900.0,1.3032145960034751,705.1503616996386,0.2439837042461966,True,call,0.59,0.61,0.6,0.02,0.0333333333333333,53.0,6782.0,0.13868048828125,0.12959285496683476,newton,0.0204947490054812,31.260994640585455
2026-02-25 10:43:14,690.6,2026-12-18,296,0.8115615804160324,910.0,1.3176947581812917,705.1503616996386,0.2550335404327816,True,call,0.47,0.49,0.48,0.02,0.0416666666666667,101.0,3749.0,0.1391687646484375,0.13024021429451382,newton,0.016719514523411992,26.291813066266712
2026-02-25 10:43:14,690.6,2026-12-18,296,0.8115615804160324,915.0,1.3249348392701998,705.1503616996386,0.2605130061974072,True,call,0.42,0.44,0.43,0.02,0.0465116279069767,103.0,1345.0,0.1394129028320312,0.1305959600680222,newton,0.015113761199756125,24.114058609774954
2026-02-25 10:43:14,690.6,2026-12-18,296,0.8115615804160324,925.0,1.3394150014480162,705.1503616996386,0.2713826784343111,True,call,0.34,0.35,0.345,0.0099999999999999,0.0289855072463766,30.0,582.0,0.1397791101074219,0.13130467709858595,newton,0.012339293180104337,20.24695006742568
2026-02-25 10:43:14,690.6,2026-12-18,296,0.8115615804160324,935.0,1.3538951636258325,705.1503616996386,0.2821354702105729,True,call,0.27,0.28,0.275,0.01,0.0363636363636363,105.0,2207.0,0.1401453173828125,0.13190620902159134,newton,0.010013326580166026,16.887295768589365
2026-02-25 10:43:14,690.6,2026-12-18,296,0.8115615804160324,220.0,0.3185635679119606,705.1503616996386,-1.1647835127257526,True,put,0.69,0.71,0.7,0.02,0.0285714285714286,26.0,590.0,0.5522505712890625,0.5630996337584642,newton,-0.005234308275776443,9.536825956701298
2026-02-25 10:43:14,690.6,2026-12-18,296,0.8115615804160324,230.0,0.333043730089777,705.1503616996386,-1.1203317501549188,True,put,0.77,0.79,0.78,0.02,0.0256410256410256,97.0,429.0,0.5395553857421876,0.550459789656746,newton,-0.005909815585559066,10.621667269639346
2026-02-25 10:43:14,690.6,2026-12-18,296,0.8115615804160324,245.0,0.3547639733565015,705.1503616996386,-1.0571528485333872,True,put,0.91,0.92,0.915,0.01,0.0109289617486338,12.0,265.0,0.521367091064453,0.5325069552551793,newton,-0.0070622912254031285,12.433287102880781
2026-02-25 10:43:14,690.6,2026-12-18,296,0.8115615804160324,260.0,0.3764842166232262,705.1503616996386,-0.9977294280625864,True,put,1.06,1.08,1.07,0.02,0.0186915887850467,10.0,2633.0,0.5043994873046875,0.5156135808467908,newton,-0.008402120965854644,14.485411907995779
2026-02-25 10:43:14,690.6,2026-12-18,296,0.8115615804160324,280.0,0.4054445409788589,705.1503616996386,-0.9236214559088646,True,put,1.29,1.31,1.3,0.02,0.0153846153846153,250.0,813.0,0.4829153271484375,0.4938114488183868,newton,-0.010452708711401,17.53113366529581
2026-02-25 10:43:14,690.6,2026-12-18,296,0.8115615804160324,290.0,0.4199247031566753,705.1503616996386,-0.8885301360975945,True,put,1.42,1.44,1.43,0.02,0.013986013986014,267.0,1382.0,0.4722953161621094,0.483426325059562,newton,-0.011628367244627038,19.23242241438262
2026-02-25 10:43:14,690.6,2026-12-18,296,0.8115615804160324,300.0,0.4344048653344917,705.1503616996386,-0.8546285844219131,True,put,1.56,1.57,1.565,0.01,0.0063897763578274,10.0,1705.0,0.4615532360839844,0.4730637259102268,newton,-0.012879711301373496,21.011385838919566
2026-02-25 10:43:14,690.6,2026-12-18,296,0.8115615804160324,320.0,0.4633651896901245,705.1503616996386,-0.790090063284342,True,put,1.85,1.87,1.86,0.02,0.010752688172043,100.0,1546.0,0.4412897668457031,0.4528525157714689,newton,-0.01568548628112136,24.894196774798328
2026-02-25 10:43:14,690.6,2026-12-18,296,0.8115615804160324,355.0,0.5140457573124819,705.1503616996386,-0.6862932696026984,True,put,2.44,2.46,2.45,0.02,0.0081632653061224,83.0,829.0,0.4064390411376953,0.41847722179187524,newton,-0.02163048813682812,32.71846865749101
2026-02-25 10:43:14,690.6,2026-12-18,296,0.8115615804160324,400.0,0.5792064871126557,705.1503616996386,-0.5669465119701322,True,put,3.4,3.42,3.41,0.02,0.0058651026392961,22.0,18251.0,0.3641726181030273,0.37690964849620723,newton,-0.03197332629877441,45.33089754882676
2026-02-25 10:43:14,690.6,2026-12-18,296,0.8115615804160324,420.0,0.6081668114682884,705.1503616996386,-0.5181563478007002,True,put,3.95,3.97,3.96,0.02,0.005050505050505,179.0,3704.0,0.3467777725219726,0.3598681269044475,newton,-0.03804291847817165,52.26729945731915
2026-02-25 10:43:14,690.6,2026-12-18,296,0.8115615804160324,445.0,0.6443672169128294,705.1503616996386,-0.4603367769118739,True,put,4.77,4.79,4.779999999999999,0.0200000000000004,0.0041841004184101,167.0,1047.0,0.3259344750976562,0.33951566285641954,newton,-0.04725828593673332,62.26423158644859
2026-02-25 10:43:14,690.6,2026-12-18,296,0.8115615804160324,450.0,0.6516072980017376,705.1503616996386,-0.4491634763137487,True,put,4.95,4.98,4.965,0.0300000000000002,0.0060422960725076,29.0,12959.0,0.3219672296142577,0.33557017480158907,newton,-0.04935695189537989,64.46051330249637
2026-02-25 10:43:14,690.6,2026-12-18,296,0.8115615804160324,500.0,0.7240081088908196,705.1503616996386,-0.3438029606559225,True,put,7.38,7.41,7.395,0.0300000000000002,0.0040567951318458,55.0,8784.0,0.2841410697937011,0.2990695843692792,newton,-0.07687456537155982,90.98534982819727
2026-02-25 10:43:14,690.6,2026-12-18,296,0.8115615804160324,505.0,0.7312481899797277,705.1503616996386,-0.3338526298027544,True,put,7.71,7.74,7.725,0.0300000000000002,0.0038834951456311,15.0,1307.0,0.2807689111328124,0.2958593807715325,newton,-0.08050882942916246,94.21342224455886
2026-02-25 10:43:14,690.6,2026-12-18,296,0.8115615804160324,550.0,0.7964089197799015,705.1503616996386,-0.2484927808515976,True,put,11.31,11.34,11.325,0.0299999999999993,0.0026490066225165,25.0,13152.0,0.2502058622741699,0.2670136821740442,newton,-0.12080839560333932,126.56905766141018
2026-02-25 10:43:14,690.6,2026-12-18,296,0.8115615804160324,595.0,0.8615696495800753,705.1503616996386,-0.1698496535324844,True,put,16.84,16.88,16.86,0.0399999999999991,0.0023724792408065,24.0,2560.0,0.2216569534301757,0.24089549234180035,newton,-0.18105100483501219,165.46599882363984
2026-02-25 10:43:14,690.6,2026-12-18,296,0.8115615804160324,600.0,0.8688097306689835,705.1503616996386,-0.1614814038619678,True,put,17.63,17.67,17.65,0.0400000000000027,0.0022662889518415,23.0,16555.0,0.2186433727264404,0.23823099419839425,newton,-0.18935436261537134,170.0833487235534
2026-02-25 10:43:14,690.6,2026-12-18,296,0.8115615804160324,665.0,0.96293078482479,705.1503616996386,-0.05862401842226,True,put,31.08,31.16,31.119999999999997,0.0800000000000018,0.0025706940874036,30.0,1876.0,0.1756292765045166,0.20158865009234422,newton,-0.3298008756473238,225.95157113056973
2026-02-25 10:43:14,690.6,2026-12-18,296,0.8115615804160324,680.0,0.9846510280915146,705.1503616996386,-0.0363182609079617,True,put,35.33,35.41,35.37,0.0799999999999983,0.0022618037885212,30.0,6272.0,0.1645286184692382,0.19289675733426895,newton,-0.37261247710163536,235.58815574113248
2026-02-25 10:43:14,690.6,2026-12-18,296,0.8115615804160324,685.0,0.9918911091804228,705.1503616996386,-0.0289922208158888,True,put,36.87,36.95,36.91,0.0800000000000054,0.0021674342996479,1453.0,4870.0,0.160691071395874,0.18998991652821628,newton,-0.3878742222757279,238.25803434871935
2026-02-25 10:43:14,690.6,2026-12-18,296,0.8115615804160324,695.0,1.0063712713582391,705.1503616996386,-0.0144992135133221,True,put,40.29,40.37,40.33,0.0799999999999983,0.0019836350111579,11.0,2027.0,0.1532830033874512,0.18473064499468536,newton,-0.4199240563448726,242.58494090436238
2026-02-25 10:43:14,690.6,2026-12-18,296,0.8115615804160324,710.0,1.0280915146249638,705.1503616996386,0.0068539109572468,False,put,46.03,46.15,46.09,0.1199999999999974,0.0026036016489476,40.0,11667.0,0.1416711810302734,0.17710670437549178,newton,-0.4713415295960527,245.96298582066936
2026-02-25 10:43:14,690.6,2026-12-18,296,0.8115615804160324,735.0,1.064291920069505,705.1503616996386,0.0414594401347224,False,put,57.73,58.14,57.935,0.4100000000000037,0.0070768965219643,10.0,6680.0,0.1213695652008056,0.16669643854112942,newton,-0.5629587024271134,241.20791067735388
2026-02-25 10:43:14,690.6,2026-12-31,309,0.8471780187721969,703.0,1.0179554011004923,703.3954723035351,-0.0005623913355051,False,call,46.31,46.39,46.35,0.0799999999999983,0.0017259978425026,105.0,177.0,0.2044833580780028,0.18451795707452234,newton,0.5190776094555496,249.55216633240434
2026-02-25 10:43:14,690.6,2026-12-31,309,0.8471780187721969,704.0,1.019403417318274,703.3954723035351,0.0008590730118722,True,call,45.65,45.72,45.685,0.0700000000000002,0.0015322315858596,64.0,129.0,0.2035144346618652,0.18366433732679452,newton,0.5156897046079632,249.73605035975177
2026-02-25 10:43:14,690.6,2026-12-31,309,0.8471780187721969,740.0,1.0715320011584129,703.3954723035351,0.0507309030520454,True,call,26.07,26.14,26.105,0.0700000000000002,0.0026814786439379,64.0,788.0,0.1778646667480468,0.16148333596846662,newton,0.38287744573940125,241.75276291364727
2026-02-25 10:43:14,690.6,2026-12-31,309,0.8471780187721969,745.0,1.0787720822473212,703.3954723035351,0.0574649352333895,True,call,23.81,23.87,23.84,0.0600000000000022,0.00251677852349,205.0,525.0,0.1746069478607178,0.15870665908218656,newton,0.3631071808719402,237.99471217105096
2026-02-25 10:43:14,690.6,2026-12-31,309,0.8471780187721969,750.0,1.0860121633362294,703.3954723035351,0.0641539233841861,True,call,21.72,21.78,21.75,0.0600000000000022,0.0027586206896552,103.0,2059.0,0.1717001776123047,0.15624728389519277,newton,0.34349617654197173,233.5866805011866
2026-02-25 10:43:14,690.6,2026-12-31,309,0.8471780187721969,780.0,1.1294526498696784,703.3954723035351,0.1033746365374673,True,call,11.58,11.63,11.605,0.0500000000000007,0.00430848772081,15.0,221.0,0.1557549024963379,0.1427780771838989,newton,0.22840837159409705,193.19556217813965
2026-02-25 10:43:14,690.6,2026-12-31,309,0.8471780187721969,790.0,1.143932812047495,703.3954723035351,0.1161136623148971,True,call,9.25,9.29,9.27,0.0399999999999991,0.0043149946062566,32.0,237.0,0.1519249847412109,0.13967810039292025,newton,0.19473635629584413,176.21350133090507
2026-02-25 10:43:14,690.6,2026-12-31,309,0.8471780187721969,795.0,1.1511728931364031,703.3954723035351,0.1224228315081618,True,call,8.24,8.27,8.254999999999999,0.0299999999999993,0.0036341611144759,81.0,122.0,0.1501549829101562,0.13827430850237346,newton,0.1789774728865946,167.35431391747207
2026-02-25 10:43:14,690.6,2026-12-31,309,0.8471780187721969,815.0,1.1801332174920358,703.3954723035351,0.1472688300946925,True,call,5.06,5.1,5.08,0.04,0.0078740157480315,500.0,1078.0,0.1442956665039062,0.13356289130752053,newton,0.12403665441361143,131.3370157893709
2026-02-25 10:43:14,690.6,2026-12-31,309,0.8471780187721969,895.0,1.295974514914567,703.3954723035351,0.2409044351286853,True,call,0.74,0.76,0.75,0.02,0.0266666666666666,100.0,120.0,0.1378260046386719,0.1299100823480997,newton,0.024535637668520464,37.06517117709556
2026-02-25 10:43:14,690.6,2026-12-31,309,0.8471780187721969,550.0,0.7964089197799015,703.3954723035351,-0.2460010049196535,True,put,11.75,11.8,11.775,0.0500000000000007,0.0042462845010616,116.0,825.0,0.2482832740783691,0.2632583886179387,newton,-0.1240546746851268,131.35027424950147
2026-02-25 10:43:14,690.6,2026-12-31,309,0.8471780187721969,600.0,0.8688097306689835,703.3954723035351,-0.1589896279300237,True,put,18.19,18.26,18.225,0.0700000000000002,0.003840877914952,31.0,501.0,0.217231948852539,0.23467113635791062,newton,-0.19332734441246188,175.44588579213092
2026-02-25 10:43:14,690.6,2026-12-31,309,0.8471780187721969,620.0,0.8977700550246163,703.3954723035351,-0.1261998051070328,True,put,21.59,21.66,21.625,0.0700000000000002,0.0032369942196531,70.0,629.0,0.2044223235321044,0.22321180390235668,newton,-0.2295812162130441,193.7414776184852
2026-02-25 10:43:14,690.6,2026-12-31,309,0.8471780187721969,623.0,0.9021141036779612,703.3954723035351,-0.1213727643587168,True,put,22.15,22.22,22.185,0.0700000000000002,0.0031552851025467,15.0,121.0,0.2024768473815917,0.2214933967726586,newton,-0.23551868024995623,196.45964914412025
2026-02-25 10:43:14,690.6,2026-12-31,309,0.8471780187721969,653.0,0.9455545902114104,703.3954723035351,-0.0743421538697389,True,put,28.71,28.8,28.755000000000003,0.0899999999999998,0.0031298904538341,71.0,125.0,0.183151784286499,0.20489130664138536,newton,-0.30320795446175053,222.34803473850678
2026-02-25 10:43:14,690.6,2026-12-31,309,0.8471780187721969,680.0,0.9846510280915146,703.3954723035351,-0.0338264849760176,True,put,36.09,36.18,36.135000000000005,0.0899999999999963,0.0024906600249064,73.0,888.0,0.1641318939208984,0.18943212851876728,newton,-0.37759087030290384,240.81465777791502
2026-02-25 10:43:14,690.6,2026-12-31,309,0.8471780187721969,684.0,0.9904430929626412,703.3954723035351,-0.0279613655236196,True,put,37.33,37.44,37.385,0.1099999999999994,0.0029423565601176,10.0,522.0,0.1612403823089599,0.18716478592635322,newton,-0.38982256341213617,242.9115600297067
2026-02-25 10:43:14,690.6,2027-01-15,324,0.8882739091831557,650.0,0.9412105415580654,705.9085952888099,-0.082513397792351,False,call,84.05,84.47,84.25999999999999,0.4200000000000017,0.004984571564206,46.0,6087.0,0.2463454272460937,0.21446873846696307,newton,0.6728576472734427,225.79982589148662
2026-02-25 10:43:14,690.6,2027-01-15,324,0.8882739091831557,690.0,0.999131190269331,705.9085952888099,-0.0227941630907287,False,call,56.08,56.46,56.27,0.3800000000000025,0.006753154433979,31.0,1717.0,0.2162706547546386,0.1897978349352991,newton,0.5674062825365692,251.09119122739523
2026-02-25 10:43:14,690.6,2027-01-15,324,0.8882739091831557,700.0,1.0136113524471473,705.9085952888099,-0.008405425638629,False,call,49.75,50.13,49.94,0.3800000000000025,0.0076091309571486,25.0,7601.0,0.2091296128845214,0.18392300526129873,newton,0.536330211250371,254.72828580062205
2026-02-25 10:43:14,690.6,2027-01-15,324,0.8882739091831557,705.0,1.0208514335360557,705.9085952888099,-0.0012879578697651,False,call,46.7,46.77,46.735,0.0700000000000002,0.001497806782925,21.0,1912.0,0.2044146942138671,0.18041806864475096,newton,0.5199903850568867,255.96607047906025
2026-02-25 10:43:14,690.6,2027-01-15,324,0.8882739091831557,715.0,1.035331595713872,705.9085952888099,0.0127967820119738,True,call,40.78,40.84,40.81,0.0600000000000022,0.0014702278853222,17.0,1954.0,0.197174471206665,0.17442415394984503,newton,0.4859458263662419,257.0632928320698
2026-02-25 10:43:14,690.6,2027-01-15,324,0.8882739091831557,730.0,1.0570518389805963,705.9085952888099,0.0335587734604029,True,call,32.59,32.65,32.620000000000005,0.0599999999999951,0.0018393623543836,257.0,3752.0,0.1867146759033203,0.16575761367437802,newton,0.43160881340653506,254.67501907618606
2026-02-25 10:43:14,690.6,2027-01-15,324,0.8882739091831557,740.0,1.0715320011584129,705.9085952888099,0.0471644255161816,True,call,27.74,27.8,27.77,0.0600000000000022,0.0021606049693915,26.0,2782.0,0.1804433763122558,0.16063200324161556,newton,0.3939762535470107,250.01515228083994
2026-02-25 10:43:14,690.6,2027-01-15,324,0.8882739091831557,745.0,1.0787720822473212,705.9085952888099,0.0538984576975257,True,call,25.42,25.48,25.450000000000003,0.0599999999999987,0.0023575638506875,18.0,4139.0,0.1771780281066894,0.1579257886460167,newton,0.3746164699835129,246.64428051706363
2026-02-25 10:43:14,690.6,2027-01-15,324,0.8882739091831557,750.0,1.0860121633362294,705.9085952888099,0.0605874458483223,True,call,23.17,23.23,23.200000000000003,0.0599999999999987,0.0025862068965516,31.0,5221.0,0.1738058694458008,0.15510437989896503,newton,0.35488051631412293,242.51529897958375
2026-02-25 10:43:14,690.6,2027-01-15,324,0.8882739091831557,755.0,1.0932522444251376,705.9085952888099,0.0672319885669908,True,call,21.18,21.24,21.21,0.0599999999999987,0.0028288543140027,19.0,2833.0,0.1711279787445068,0.15294930282536637,newton,0.3357618799605805,237.83748683739856
2026-02-25 10:43:14,690.6,2027-01-15,324,0.8882739091831557,760.0,1.1004923255140455,705.9085952888099,0.0738326725983428,True,call,19.2,19.25,19.225,0.0500000000000007,0.0026007802340702,179.0,2298.0,0.1680228462219238,0.15039893997949277,newton,0.3160852212078602,232.31243055951705
2026-02-25 10:43:14,690.6,2027-01-15,324,0.8882739091831557,765.0,1.107732406602954,705.9085952888099,0.0803900731445021,True,call,17.43,17.49,17.46,0.0599999999999987,0.0034364261168384,40.0,1432.0,0.1655204298400879,0.14836737300620728,newton,0.2971309810875828,226.29262883283857
2026-02-25 10:43:14,690.6,2027-01-15,324,0.8882739091831557,780.0,1.1294526498696784,705.9085952888099,0.0998081590016036,True,call,12.77,12.82,12.795,0.0500000000000007,0.0039077764751856,15.0,2486.0,0.15821154296875,0.1425038271712278,newton,0.2416740457642159,204.55939214875121
2026-02-25 10:43:14,690.6,2027-01-15,324,0.8882739091831557,785.0,1.1366927309585868,705.9085952888099,0.1061979571003745,True,call,11.42,11.47,11.445,0.0500000000000007,0.0043687199650503,16.0,1092.0,0.1558769715881348,0.14062028826029324,newton,0.22388460886114928,196.21185240759547
2026-02-25 10:43:14,690.6,2027-01-15,324,0.8882739091831557,795.0,1.1511728931364031,705.9085952888099,0.1188563539722981,True,call,9.16,9.19,9.175,0.0299999999999993,0.0032697547683923,215.0,1655.0,0.1520928297424316,0.1377073854907758,newton,0.19120278448689157,178.9894400405588
2026-02-25 10:43:14,690.6,2027-01-15,324,0.8882739091831557,800.0,1.1584129742253113,705.9085952888099,0.1251259669858935,True,call,8.21,8.24,8.225000000000001,0.0299999999999993,0.0036474164133737,40.0,16483.0,0.1506127420043945,0.1366120174063094,newton,0.17635616196070994,170.30775651918384
2026-02-25 10:43:14,690.6,2027-01-15,324,0.8882739091831557,810.0,1.1728931364031276,705.9085952888099,0.1375484869844506,True,call,6.48,6.52,6.5,0.0399999999999991,0.006153846153846,16.0,1093.0,0.147469462890625,0.13415773423387145,newton,0.1479624733440182,152.0797807337501
2026-02-25 10:43:14,690.6,2027-01-15,324,0.8882739091831557,820.0,1.187373298580944,705.9085952888099,0.1498185795762651,True,call,5.11,5.15,5.130000000000001,0.04,0.0077972709551656,203.0,1896.0,0.1449517878723144,0.1322855316559289,newton,0.12327959667110906,134.3314733331367
2026-02-25 10:43:14,690.6,2027-01-15,324,0.8882739091831557,840.0,1.2163336229365769,705.9085952888099,0.1739161311553254,True,call,3.15,3.19,3.17,0.04,0.0126182965299684,65.0,1458.0,0.1412134219360352,0.12965310608236905,newton,0.08384911301133806,101.65578066223961
2026-02-25 10:43:14,690.6,2027-01-15,324,0.8882739091831557,855.0,1.2380538662033014,705.9085952888099,0.1916157082547264,True,call,2.21,2.24,2.225,0.0300000000000002,0.0134831460674158,120.0,7611.0,0.1395960064697265,0.12873930502461808,newton,0.062407872093868146,81.15081417514739
2026-02-25 10:43:14,690.6,2027-01-15,324,0.8882739091831557,860.0,1.2452939472922095,705.9085952888099,0.1974466285655196,True,call,1.95,1.99,1.97,0.04,0.0203045685279188,404.0,4772.0,0.1391687646484375,0.12844404911962265,newton,0.05631899211599404,74.89535125729935
2026-02-25 10:43:14,690.6,2027-01-15,324,0.8882739091831557,870.0,1.259774109470026,705.9085952888099,0.2090074509665955,True,call,1.57,1.59,1.58,0.02,0.0126582278481012,10.0,8633.0,0.1387720401000977,0.12856054735617484,newton,0.046506718489785125,64.34415440219966
2026-02-25 10:43:14,690.6,2027-01-15,324,0.8882739091831557,895.0,1.295974514914567,705.9085952888099,0.2373379575928215,True,call,0.89,0.92,0.905,0.03,0.0331491712707182,10.0,2130.0,0.13868048828125,0.12908455764721555,newton,0.028454355763688877,43.08959355490038
2026-02-25 10:43:14,690.6,2027-01-15,324,0.8882739091831557,900.0,1.3032145960034751,705.9085952888099,0.2429090026422768,True,call,0.8,0.82,0.81,0.0199999999999999,0.0246913580246912,154.0,34324.0,0.1386194537353515,0.12924831350285193,newton,0.025769327450516674,39.67531725043029
2026-02-25 10:43:14,690.6,2027-01-15,324,0.8882739091831557,915.0,1.3249348392701998,705.9085952888099,0.2594383045934875,True,call,0.58,0.61,0.595,0.03,0.0504201680672269,22.0,454.0,0.1394739373779297,0.13026060998962244,newton,0.01945980361712146,31.320991119929158
2026-02-25 10:43:14,690.6,2027-01-15,324,0.8882739091831557,930.0,1.3466550825369243,705.9085952888099,0.2756988254652677,True,call,0.43,0.45,0.44,0.02,0.0454545454545455,35.0,153.0,0.1402063519287109,0.1313997823900882,newton,0.014741920310628981,24.711056614634778
2026-02-25 10:43:14,690.6,2027-01-15,324,0.8882739091831557,940.0,1.361135244714741,705.9085952888099,0.2863941145820158,True,call,0.36,0.37,0.365,0.01,0.0273972602739726,50.0,254.0,0.1408166973876953,0.13239523944144713,newton,0.01237889010823451,21.255986967521
2026-02-25 10:43:14,690.6,2027-01-15,324,0.8882739091831557,945.0,1.3683753258036488,705.9085952888099,0.291699166811709,True,call,0.32,0.34,0.33,0.02,0.0606060606060606,50.0,168.0,0.1413660083007812,0.13275859345398355,newton,0.011275564541719121,19.60398670322291
2026-02-25 10:43:14,690.6,2027-01-15,324,0.8882739091831557,955.0,1.3828554879814654,705.9085952888099,0.3022255797986964,True,call,0.27,0.28,0.275,0.01,0.0363636363636363,150.0,237.0,0.1419763537597656,0.13379185789145276,newton,0.009496320124039928,16.880870540113758
2026-02-25 10:43:14,690.6,2027-01-15,324,0.8882739091831557,965.0,1.3973356501592815,705.9085952888099,0.3126423406569522,True,call,0.22,0.24,0.2299999999999999,0.0199999999999999,0.0869565217391304,10.0,114.0,0.1433191137695312,0.13485130037195206,newton,0.008018787292979104,14.556759436077169
2026-02-25 10:43:14,690.6,2027-01-15,324,0.8882739091831557,1000.0,1.4480162177816391,705.9085952888099,0.3482695183001033,True,call,0.13,0.14,0.135,0.01,0.0740740740740741,31.0,17755.0,0.147469462890625,0.13964738511154748,newton,0.004780245544775522,9.210379457326916
2026-02-25 10:43:14,690.6,2027-01-15,324,0.8882739091831557,130.0,0.1882421083116131,705.9085952888099,-1.6919513102264514,True,put,0.2,0.22,0.21,0.0199999999999999,0.0952380952380951,10.0,1025.0,0.6630893066406252,0.6729275712487645,newton,-0.0013738639799868873,2.988033962627093
2026-02-25 10:43:14,690.6,2027-01-15,324,0.8882739091831557,170.0,0.2461627570228786,705.9085952888099,-1.423687323631772,True,put,0.4,0.42,0.41,0.0199999999999999,0.0487804878048779,24.0,133.0,0.6008340698242189,0.6114323393415443,newton,-0.002810466491750836,5.721218880258751
2026-02-25 10:43:14,690.6,2027-01-15,324,0.8882739091831557,185.0,0.2678830002896032,705.9085952888099,-1.339129935603709,True,put,0.5,0.51,0.505,0.01,0.0198019801980198,10.0,1048.0,0.5800823242187501,0.5906735196338216,newton,-0.003524673288997416,7.013664544095023
2026-02-25 10:43:14,690.6,2027-01-15,324,0.8882739091831557,200.0,0.2896032435563278,705.9085952888099,-1.261168394133997,True,put,0.61,0.63,0.62,0.02,0.032258064516129,20.0,9743.0,0.5610395458984375,0.5718928613096098,newton,-0.004393189497973931,8.542231228445905
2026-02-25 10:43:14,690.6,2027-01-15,324,0.8882739091831557,205.0,0.296843324645236,705.9085952888099,-1.2364757815436256,True,put,0.65,0.67,0.66,0.02,0.0303030303030303,10.0,331.0,0.5546919531250001,0.5656433437740132,newton,-0.004703124414328363,9.077842170329948
2026-02-25 10:43:14,690.6,2027-01-15,324,0.8882739091831557,230.0,0.333043730089777,705.9085952888099,-1.1214064517588385,True,put,0.86,0.88,0.87,0.02,0.0229885057471264,10.0,101.0,0.523442265625,0.5345664004016791,newton,-0.006403191183906003,11.93870841673439
2026-02-25 10:43:14,690.6,2027-01-15,324,0.8882739091831557,235.0,0.3402838111786851,705.9085952888099,-1.0999002465378749,True,put,0.91,0.93,0.92,0.02,0.0217391304347826,13.0,127.0,0.5177050183105469,0.5289019203908646,newton,-0.006808418470833437,12.603713631018989
2026-02-25 10:43:14,690.6,2027-01-15,324,0.8882739091831557,250.0,0.3620040544454098,705.9085952888099,-1.0380248428197874,True,put,1.07,1.09,1.08,0.02,0.0185185185185185,36.0,2900.0,0.5008594836425782,0.5122610317249896,newton,-0.008127546706059712,14.729977184697923
2026-02-25 10:43:14,690.6,2027-01-15,324,0.8882739091831557,255.0,0.3692441355343179,705.9085952888099,-1.0182222155236078,True,put,1.13,1.15,1.14,0.02,0.0175438596491228,10.0,300.0,0.4962208581542969,0.5070351456453357,newton,-0.008621614248829483,15.51244851224895
2026-02-25 10:43:14,690.6,2027-01-15,324,0.8882739091831557,260.0,0.3764842166232262,705.9085952888099,-0.998804129666506,True,put,1.19,1.2,1.1949999999999998,0.01,0.00836820083682,60.0,385.0,0.49023947265625,0.501427133418509,newton,-0.009096720093241861,16.25831304151532
2026-02-25 10:43:14,690.6,2027-01-15,324,0.8882739091831557,265.0,0.3837242977121343,705.9085952888099,-0.9797559346958116,True,put,1.32,1.34,1.33,0.02,0.0150375939849624,10.0,235.0,0.4892629199218751,0.5003952010370475,newton,-0.010028295792921863,17.703189733848212
2026-02-25 10:43:14,690.6,2027-01-15,324,0.8882739091831557,285.0,0.4126846220677671,705.9085952888099,-0.9069965804133832,True,put,1.5,1.52,1.51,0.02,0.0132450331125827,10.0,1466.0,0.4637504797363281,0.4750186339020324,newton,-0.0118469704186728,20.46283945545487
2026-02-25 10:43:14,690.6,2027-01-15,324,0.8882739091831557,300.0,0.4344048653344917,705.9085952888099,-0.8557032860258327,True,put,1.72,1.74,1.73,0.02,0.0115606936416185,17.0,4601.0,0.4485528778076171,0.46010071053802454,newton,-0.013808505092059014,23.359065789436954
2026-02-25 10:43:14,690.6,2027-01-15,324,0.8882739091831557,370.0,0.5357660005792064,705.9085952888099,-0.6459827550437636,True,put,3.0,3.02,3.01,0.02,0.0066445182724252,10.0,612.0,0.3813843600463866,0.39398187783053124,newton,-0.02624024990536779,40.27976859511009
2026-02-25 10:43:14,690.6,2027-01-15,324,0.8882739091831557,390.0,0.5647263249348392,705.9085952888099,-0.5933390215583417,True,put,3.48,3.51,3.495,0.0299999999999998,0.0085836909871244,10.0,497.0,0.363836928100586,0.37666436758418037,newton,-0.0312230770062822,46.53270728684991
2026-02-25 10:43:14,690.6,2027-01-15,324,0.8882739091831557,405.0,0.5864465682015638,705.9085952888099,-0.5555986935754947,True,put,3.87,3.9,3.885,0.0299999999999998,0.0077220077220076,10.0,193.0,0.3506534661865234,0.36370671180403447,newton,-0.035398611577389084,51.58886125336429
2026-02-25 10:43:14,690.6,2027-01-15,324,0.8882739091831557,410.0,0.593686649290472,705.9085952888099,-0.5433286009836802,True,put,4.03,4.06,4.045,0.0299999999999993,0.0074165636588379,10.0,6876.0,0.3466862207031249,0.35985791835193665,newton,-0.03703023699474649,53.523091827464455
2026-02-25 10:43:14,690.6,2027-01-15,324,0.8882739091831557,420.0,0.6081668114682884,705.9085952888099,-0.5192310494046198,True,put,4.34,4.37,4.355,0.0300000000000002,0.0068886337543054,10.0,780.0,0.3383855224609374,0.3517628017250573,newton,-0.04033247759098827,57.371180163054305
2026-02-25 10:43:14,690.6,2027-01-15,324,0.8882739091831557,440.0,0.6371271358239212,705.9085952888099,-0.4727110337697269,True,put,5.03,5.07,5.050000000000001,0.04,0.0079207920792079,198.0,2479.0,0.3223334368896483,0.3360432297111357,newton,-0.04782528248520227,65.7982983055645
2026-02-25 10:43:14,690.6,2027-01-15,324,0.8882739091831557,465.0,0.6733275412684622,705.9085952888099,-0.4174483550946775,True,put,6.11,6.15,6.130000000000001,0.04,0.0065252854812398,107.0,2184.0,0.3034890208435058,0.3177949260121676,newton,-0.05942379993759365,78.11137539678585
2026-02-25 10:43:14,690.6,2027-01-15,324,0.8882739091831557,480.0,0.6950477845351868,705.9085952888099,-0.3856996567800972,True,put,6.87,6.91,6.890000000000001,0.04,0.0058055152394775,38.0,4448.0,0.2925180612182616,0.3072312542735515,newton,-0.06766597381960059,86.38932255761816
2026-02-25 10:43:14,690.6,2027-01-15,324,0.8882739091831557,485.0,0.702287865624095,705.9085952888099,-0.3753368697445505,True,put,7.14,7.18,7.16,0.04,0.0055865921787709,17.0,645.0,0.2888712471008299,0.3037183807085872,newton,-0.07062981885826873,89.27911599951148
2026-02-25 10:43:14,690.6,2027-01-15,324,0.8882739091831557,505.0,0.7312481899797277,705.9085952888099,-0.334927331406674,True,put,8.42,8.46,8.440000000000001,0.0400000000000009,0.0047393364928911,12.0,1145.0,0.2752758020019531,0.29076723212689065,newton,-0.08430350980096409,102.06713063730015
2026-02-25 10:43:14,690.6,2027-01-15,324,0.8882739091831557,510.0,0.7384882710686359,705.9085952888099,-0.3250750349636624,True,put,8.77,8.82,8.795,0.0500000000000007,0.0056850483229108,10.0,1870.0,0.2719799365234374,0.2875935883986299,newton,-0.08810237791014128,105.47142037735568
2026-02-25 10:43:14,690.6,2027-01-15,324,0.8882739091831557,515.0,0.7457283521575442,705.9085952888099,-0.3153188600182976,True,put,9.14,9.19,9.165,0.0499999999999989,0.0054555373704308,34.0,1481.0,0.2686535537719726,0.284441893650739,newton,-0.09206477566952577,108.95773809838099
2026-02-25 10:43:14,690.6,2027-01-15,324,0.8882739091831557,530.0,0.7674485954242687,705.9085952888099,-0.2866087541358663,True,put,10.35,10.4,10.375,0.0500000000000007,0.0048192771084338,13.0,1121.0,0.2587812159729004,0.2751397569489467,newton,-0.10501895205519675,119.92027717831503
2026-02-25 10:43:14,690.6,2027-01-15,324,0.8882739091831557,540.0,0.7819287576020851,705.9085952888099,-0.2679166211237136,True,put,11.27,11.32,11.295,0.0500000000000007,0.0044267374944666,20.0,6243.0,0.2524641404724121,0.2692338185464255,newton,-0.11473373095286575,127.73142442886221
2026-02-25 10:43:14,690.6,2027-01-15,324,0.8882739091831557,545.0,0.7891688386909933,705.9085952888099,-0.2586999660187897,True,put,11.75,11.81,11.78,0.0600000000000005,0.0050933786078098,10.0,1684.0,0.2493208613586425,0.266270774558566,newton,-0.1198762962820303,131.73258181327088
2026-02-25 10:43:14,690.6,2027-01-15,324,0.8882739091831557,555.0,0.8036490008688097,705.9085952888099,-0.2405176469355992,True,put,12.82,12.88,12.85,0.0600000000000005,0.0046692607003891,145.0,4123.0,0.2432250360870361,0.26065861028629184,newton,-0.13100109928205012,140.08749084331612
2026-02-25 10:43:14,690.6,2027-01-15,324,0.8882739091831557,565.0,0.8181291630466261,705.9085952888099,-0.2226600295355929,True,put,13.97,14.03,14.0,0.0599999999999987,0.0042857142857141,1902.0,3804.0,0.2370681762695312,0.2550102895780444,newton,-0.14299586600098269,148.65793172573228
2026-02-25 10:43:14,690.6,2027-01-15,324,0.8882739091831557,590.0,0.854329568491167,705.9085952888099,-0.1793632237822686,True,put,17.32,17.39,17.355,0.0700000000000002,0.0040334197637568,10.0,1264.0,0.2218705743408202,0.24124311624166242,newton,-0.1776102139505824,171.06282050776107
2026-02-25 10:43:14,690.6,2027-01-15,324,0.8882739091831557,600.0,0.8688097306689835,705.9085952888099,-0.1625561054658874,True,put,18.9,18.97,18.935,0.0700000000000002,0.0036968576709796,228.0,24976.0,0.2159197061157226,0.23597682726102465,newton,-0.19357410947220416,180.3249146800318
2026-02-25 10:43:14,690.6,2027-01-15,324,0.8882739091831557,605.0,0.8760498117578916,705.9085952888099,-0.1542573026511923,True,put,19.69,19.77,19.73,0.0799999999999983,0.0040547389761783,12.0,2206.0,0.2127306510925293,0.23311019512893646,newton,-0.20184534537725088,184.87568766860167
2026-02-25 10:43:14,690.6,2027-01-15,324,0.8882739091831557,630.0,0.9122502172024326,705.9085952888099,-0.1137659412964554,True,put,24.35,24.43,24.39,0.0799999999999983,0.0032800328003279,26.0,3117.0,0.197174471206665,0.219641497060434,newton,-0.24876996856207986,207.69646486891045
2026-02-25 10:43:14,690.6,2027-01-15,324,0.8882739091831557,635.0,0.9194902982913408,705.9085952888099,-0.1058607617893421,True,put,25.45,25.53,25.49,0.0800000000000018,0.0031384856806591,11.0,1872.0,0.1942295543670654,0.2171899465349483,newton,-0.25936385291048497,212.18073596625746
2026-02-25 10:43:14,690.6,2027-01-15,324,0.8882739091831557,645.0,0.9339704604691572,705.9085952888099,-0.0902354438862613,True,put,27.62,27.71,27.665,0.0899999999999998,0.0032532080245797,32.0,3737.0,0.1875767888641357,0.21155541960254165,newton,-0.2812470501269633,220.70738921616797
2026-02-25 10:43:14,690.6,2027-01-15,324,0.8882739091831557,680.0,0.9846510280915146,705.9085952888099,-0.0373929625118814,True,put,37.02,37.13,37.075,0.1099999999999994,0.0029669588671611,18.0,5589.0,0.1640174541473389,0.1928551498186658,newton,-0.3713180306538201,246.00316697416494
2026-02-25 10:43:14,690.6,2027-01-15,324,0.8882739091831557,685.0,0.9918911091804228,705.9085952888099,-0.0300669224198084,True,put,38.61,38.72,38.665,0.1099999999999994,0.0028449502133712,10.0,7152.0,0.1604850798034668,0.1902469952444736,newton,-0.3859184097702729,248.6932529718425
2026-02-25 10:43:14,690.6,2027-01-15,324,0.8882739091831557,690.0,0.999131190269331,705.9085952888099,-0.0227941630907287,True,put,40.31,40.43,40.370000000000005,0.1199999999999974,0.002972504334902,53.0,12593.0,0.1570900331878662,0.18783798496212448,newton,-0.40096853347356665,251.06906518141867
2026-02-25 10:43:14,690.6,2027-01-15,324,0.8882739091831557,695.0,1.0063712713582391,705.9085952888099,-0.0155739151172417,True,put,41.99,42.11,42.05,0.1199999999999974,0.0028537455410225,21.0,3666.0,0.1532372274780273,0.18506023014774794,newton,-0.41641926440400395,253.09267275212264
2026-02-25 10:43:14,690.6,2027-01-15,324,0.8882739091831557,700.0,1.0136113524471473,705.9085952888099,-0.008405425638629,True,put,43.87,44.0,43.935,0.1300000000000025,0.0029589165813133,29.0,13369.0,0.1498192929077148,0.18281454763036747,newton,-0.43228524112729205,254.73614104981354
2026-02-25 10:43:14,690.6,2027-01-15,324,0.8882739091831557,705.0,1.0208514335360557,705.9085952888099,-0.0012879578697651,True,put,45.79,45.92,45.855,0.1300000000000025,0.0028350234434631,20.0,1188.0,0.1461267028808593,0.1804180686447282,newton,-0.4485376392878143,255.9660704790605
2026-02-25 10:43:14,690.6,2027-01-15,324,0.8882739091831557,710.0,1.0280915146249638,705.9085952888099,0.0057792093533273,False,put,47.76,47.89,47.825,0.1300000000000025,0.0027182435964454,20.0,4805.0,0.1422052333068847,0.17792211218040546,newton,-0.4651918609609972,256.7525023847001
2026-02-25 10:43:14,690.6,2027-01-15,324,0.8882739091831557,715.0,1.035331595713872,705.9085952888099,0.0127967820119738,False,put,49.78,49.92,49.85,0.1400000000000005,0.0028084252758274,38.0,3360.0,0.1380701428222656,0.17533723729426068,newton,-0.48225931458005517,257.0622680472768
2026-02-25 10:43:14,690.6,2027-01-15,324,0.8882739091831557,720.0,1.0425716768027802,705.9085952888099,0.0197654513280671,False,put,52.11,52.25,52.18,0.1400000000000005,0.0026830203142966,30.0,2162.0,0.1346216909790039,0.173626697441149,newton,-0.4993161340130894,256.87064470122266
2026-02-25 10:43:14,690.6,2027-01-15,324,0.8882739091831557,730.0,1.0570518389805963,705.9085952888099,0.0335587734604029,False,put,56.91,57.06,56.985,0.1500000000000056,0.0026322716504344,35.0,408.0,0.1267177172851562,0.16980712463791817,newton,-0.5342264889072336,254.91361700133578
2026-02-25 10:43:14,690.6,2027-01-15,324,0.8882739091831557,740.0,1.0715320011584129,705.9085952888099,0.0471644255161816,False,put,62.17,62.64,62.405,0.4699999999999988,0.0075314478006569,42.0,160.0,0.119576675415039,0.16708632875730123,newton,-0.5688765805819684,250.87714626512152
