snapshot_ts,underlying_price,expiration,days_to_expiration,T,strike,moneyness,forward,log_moneyness,is_otm,option_type,bid,ask,mid_price,bid_ask_spread,rel_spread,volume,openInterest,impliedVolatility
2026-02-25 10:43:14,690.6,2026-03-04,7,0.019780758498224253,680.0,0.9846510280915146,691.1350961687234,-0.016242514691931078,False,call,13.7,13.89,13.795,0.19000000000000128,0.013773106197897882,54.0,159.0,0.1831746722412109
2026-02-25 10:43:14,690.6,2026-03-04,7,0.019780758498224253,681.0,0.9860990443092962,691.1350961687234,-0.014773006712571092,False,call,12.9,13.12,13.01,0.21999999999999886,0.01691006917755564,18.0,291.0,0.1812826013183593
2026-02-25 10:43:14,690.6,2026-03-04,7,0.019780758498224253,682.0,0.9875470605270779,691.1350961687234,-0.013305655018621361,False,call,12.08,12.3,12.190000000000001,0.22000000000000064,0.01804757998359316,27.0,269.0,0.1775594940185547
2026-02-25 10:43:14,690.6,2026-03-04,7,0.019780758498224253,683.0,0.9889950767448595,691.1350961687234,-0.011840453291293396,False,call,11.25,11.4,11.325,0.15000000000000036,0.013245033112582814,10.0,496.0,0.1712729357910156
2026-02-25 10:43:14,690.6,2026-03-04,7,0.019780758498224253,684.0,0.9904430929626411,691.1350961687234,-0.010377395239532999,False,call,10.53,10.74,10.635,0.21000000000000085,0.019746121297602337,10.0,511.0,0.1710898321533203
2026-02-25 10:43:14,690.6,2026-03-04,7,0.019780758498224253,685.0,0.9918911091804228,691.1350961687234,-0.008916474599858169,False,call,9.87,10.02,9.945,0.15000000000000036,0.015082956259426883,25.0,867.0,0.1688315539550781
2026-02-25 10:43:14,690.6,2026-03-04,7,0.019780758498224253,687.0,0.994787141615986,691.1350961687234,-0.00600102063973412,False,call,8.37,8.49,8.43,0.120000000000001,0.014234875444839977,53.0,1040.0,0.1605613729858398
2026-02-25 10:43:14,690.6,2026-03-04,7,0.019780758498224253,688.0,0.9962351578337677,691.1350961687234,-0.004546474928739799,False,call,7.67,7.84,7.755,0.16999999999999993,0.021921341070277232,138.0,584.0,0.1585777502441406
2026-02-25 10:43:14,690.6,2026-03-04,7,0.019780758498224253,689.0,0.9976831740515494,691.1350961687234,-0.0030940418484248894,False,call,7.02,7.24,7.13,0.22000000000000064,0.0308555399719496,74.0,307.0,0.1572960247802734
2026-02-25 10:43:14,690.6,2026-03-04,7,0.019780758498224253,690.0,0.999131190269331,691.1350961687234,-0.0016437152707783934,False,call,6.39,6.42,6.404999999999999,0.03000000000000025,0.004683840749414559,393.0,1425.0,0.1499718792724609
2026-02-25 10:43:14,690.6,2026-03-04,7,0.019780758498224253,691.0,1.0005792064871126,691.1350961687234,-0.00019548909441356304,False,call,5.82,5.83,5.825,0.009999999999999787,0.001716738197424856,611.0,387.0,0.1477136010742187
2026-02-25 10:43:14,690.6,2026-03-04,7,0.019780758498224253,692.0,1.0020272227048943,691.1350961687234,0.0012506427555861062,True,call,5.12,5.14,5.13,0.019999999999999574,0.003898635477582763,491.0,1090.0,0.1423425610351562
2026-02-25 10:43:14,690.6,2026-03-04,7,0.019780758498224253,693.0,1.003475238922676,691.1350961687234,0.002694686327819772,True,call,4.63,4.64,4.635,0.009999999999999787,0.0021574973031283254,245.0,445.0,0.1409692837524414
2026-02-25 10:43:14,690.6,2026-03-04,7,0.019780758498224253,694.0,1.0049232551404574,691.1350961687234,0.004136647644721042,True,call,4.06,4.08,4.07,0.020000000000000462,0.0049140049140050275,169.0,580.0,0.1373377282714844
2026-02-25 10:43:14,690.6,2026-03-04,7,0.019780758498224253,695.0,1.0063712713582391,691.1350961687234,0.005576532702708672,True,call,3.52,3.54,3.5300000000000002,0.020000000000000018,0.005665722379603404,113.0,1629.0,0.1334315173339843
2026-02-25 10:43:14,690.6,2026-03-04,7,0.019780758498224253,696.0,1.0078192875760208,691.1350961687234,0.007014347472336187,True,call,2.98,3.0,2.99,0.020000000000000018,0.006688963210702346,69.0,306.0,0.1285792709350585
2026-02-25 10:43:14,690.6,2026-03-04,7,0.019780758498224253,697.0,1.0092673037938025,691.1350961687234,0.008450097898440425,True,call,2.51,2.52,2.5149999999999997,0.010000000000000231,0.003976143141153174,227.0,413.0,0.1242763354492187
2026-02-25 10:43:14,690.6,2026-03-04,7,0.019780758498224253,698.0,1.0107153200115842,691.1350961687234,0.009883789900289012,True,call,2.1,2.12,2.1100000000000003,0.020000000000000018,0.009478672985781998,712.0,639.0,0.1211635736083984
2026-02-25 10:43:14,690.6,2026-03-04,7,0.019780758498224253,699.0,1.0121633362293658,691.1350961687234,0.011315429371726797,True,call,1.75,1.76,1.755,0.010000000000000009,0.0056980056980057035,169.0,274.0,0.1180508117675781
2026-02-25 10:43:14,690.6,2026-03-04,7,0.019780758498224253,700.0,1.0136113524471473,691.1350961687234,0.012745022181321213,True,call,1.37,1.39,1.38,0.019999999999999796,0.014492753623188259,702.0,1682.0,0.1134121862792968
2026-02-25 10:43:14,690.6,2026-03-04,7,0.019780758498224253,701.0,1.015059368664929,691.1350961687234,0.01417257417250663,True,call,1.09,1.1,1.0950000000000002,0.010000000000000009,0.009132420091324207,78.0,411.0,0.1099332171630859
2026-02-25 10:43:14,690.6,2026-03-04,7,0.019780758498224253,702.0,1.0165073848827106,691.1350961687234,0.01559809116372766,True,call,0.84,0.85,0.845,0.010000000000000009,0.011834319526627229,307.0,657.0,0.1065152825927734
2026-02-25 10:43:14,690.6,2026-03-04,7,0.019780758498224253,703.0,1.0179554011004923,691.1350961687234,0.017021578948581445,True,call,0.6,0.61,0.605,0.010000000000000009,0.016528925619834725,573.0,3958.0,0.1016935534667968
2026-02-25 10:43:14,690.6,2026-03-04,7,0.019780758498224253,704.0,1.019403417318274,691.1350961687234,0.01844304329595894,True,call,0.45,0.46,0.455,0.010000000000000009,0.021978021978021997,235.0,1719.0,0.0993742407226562
2026-02-25 10:43:14,690.6,2026-03-04,7,0.019780758498224253,705.0,1.0208514335360557,691.1350961687234,0.01986248995018519,True,call,0.3,0.31,0.305,0.010000000000000009,0.03278688524590167,583.0,2037.0,0.0949797534179687
2026-02-25 10:43:14,690.6,2026-03-04,7,0.019780758498224253,706.0,1.0222994497538371,691.1350961687234,0.021279924631158617,True,call,0.2,0.21,0.20500000000000002,0.009999999999999981,0.04878048780487795,233.0,1029.0,0.09180595703125
2026-02-25 10:43:14,690.6,2026-03-04,7,0.019780758498224253,707.0,1.0237474659716188,691.1350961687234,0.022695353034489295,True,call,0.14,0.15,0.14500000000000002,0.009999999999999981,0.06896551724137917,215.0,1002.0,0.0903411279296875
2026-02-25 10:43:14,690.6,2026-03-04,7,0.019780758498224253,625.0,0.9050101361135244,691.1350961687234,-0.10058366312568195,True,put,0.1,0.11,0.10500000000000001,0.009999999999999995,0.09523809523809518,60.0,731.0,0.2949289257812499
2026-02-25 10:43:14,690.6,2026-03-04,7,0.019780758498224253,630.0,0.9122502172024326,691.1350961687234,-0.09261549347650509,True,put,0.12,0.13,0.125,0.010000000000000009,0.08000000000000007,70.0,781.0,0.2807689111328124
2026-02-25 10:43:14,690.6,2026-03-04,7,0.019780758498224253,635.0,0.9194902982913409,691.1350961687234,-0.08471031396939181,True,put,0.15,0.16,0.155,0.010000000000000009,0.06451612903225812,49.0,673.0,0.2670971728515625
2026-02-25 10:43:14,690.6,2026-03-04,7,0.019780758498224253,640.0,0.926730379380249,691.1350961687234,-0.07686713650836592,True,put,0.2,0.21,0.20500000000000002,0.009999999999999981,0.04878048780487795,54.0,342.0,0.2561109545898438
2026-02-25 10:43:14,690.6,2026-03-04,7,0.019780758498224253,645.0,0.9339704604691572,691.1350961687234,-0.06908499606631097,True,put,0.25,0.26,0.255,0.010000000000000009,0.03921568627450984,254.0,722.0,0.242195078125
2026-02-25 10:43:14,690.6,2026-03-04,7,0.019780758498224253,650.0,0.9412105415580654,691.1350961687234,-0.06136294997240067,True,put,0.35,0.36,0.355,0.010000000000000009,0.028169014084507067,114.0,3533.0,0.2321854125976562
2026-02-25 10:43:14,690.6,2026-03-04,7,0.019780758498224253,651.0,0.9426585577758471,691.1350961687234,-0.05982567065351422,True,put,0.36,0.37,0.365,0.010000000000000009,0.02739726027397263,36.0,257.0,0.22852333984375
2026-02-25 10:43:14,690.6,2026-03-04,7,0.019780758498224253,653.0,0.9455545902114103,691.1350961687234,-0.0567581835856524,True,put,0.41,0.42,0.415,0.010000000000000009,0.024096385542168697,135.0,319.0,0.2241288525390624
2026-02-25 10:43:14,690.6,2026-03-04,7,0.019780758498224253,654.0,0.947002606429192,691.1350961687234,-0.05522796140488476,True,put,0.43,0.44,0.435,0.010000000000000009,0.022988505747126457,34.0,320.0,0.2211991943359375
2026-02-25 10:43:14,690.6,2026-03-04,7,0.019780758498224253,655.0,0.9484506226469737,691.1350961687234,-0.05370007722683154,True,put,0.47,0.48,0.475,0.010000000000000009,0.02105263157894739,95.0,3533.0,0.2199785034179687
2026-02-25 10:43:14,690.6,2026-03-04,7,0.019780758498224253,656.0,0.9498986388647552,691.1350961687234,-0.05217452391799442,True,put,0.49,0.5,0.495,0.010000000000000009,0.02020202020202022,13.0,210.0,0.21680470703125
2026-02-25 10:43:14,690.6,2026-03-04,7,0.019780758498224253,657.0,0.9513466550825369,691.1350961687234,-0.05065129437747295,True,put,0.54,0.55,0.545,0.010000000000000009,0.018348623853211024,14.0,136.0,0.2160722924804687
2026-02-25 10:43:14,690.6,2026-03-04,7,0.019780758498224253,658.0,0.9527946713003186,691.1350961687234,-0.04913038153676626,True,put,0.57,0.58,0.575,0.010000000000000009,0.017391304347826105,46.0,205.0,0.2132647033691406
2026-02-25 10:43:14,690.6,2026-03-04,7,0.019780758498224253,659.0,0.9542426875181002,691.1350961687234,-0.04761177835957624,True,put,0.62,0.63,0.625,0.010000000000000009,0.016000000000000014,67.0,13702.0,0.2119219433593749
2026-02-25 10:43:14,690.6,2026-03-04,7,0.019780758498224253,660.0,0.9556907037358818,691.1350961687234,-0.046095477841612234,True,put,0.65,0.66,0.655,0.010000000000000009,0.015267175572519097,93.0,889.0,0.2087481469726562
2026-02-25 10:43:14,690.6,2026-03-04,7,0.019780758498224253,663.0,0.9600347523892268,691.1350961687234,-0.04156032267622095,True,put,0.81,0.83,0.8200000000000001,0.019999999999999907,0.024390243902438907,91.0,215.0,0.2037433142089843
2026-02-25 10:43:14,690.6,2026-03-04,7,0.019780758498224253,665.0,0.96293078482479,691.1350961687234,-0.03854827220622932,True,put,0.92,0.94,0.9299999999999999,0.019999999999999907,0.021505376344085923,126.0,671.0,0.1987384814453124
2026-02-25 10:43:14,690.6,2026-03-04,7,0.019780758498224253,666.0,0.9643788010425717,691.1350961687234,-0.03704564232169432,True,put,1.0,1.01,1.005,0.010000000000000009,0.009950248756218916,42.0,100.0,0.1967853759765624
2026-02-25 10:43:14,690.6,2026-03-04,7,0.019780758498224253,667.0,0.9658268172603532,691.1350961687234,-0.03554526694645974,True,put,1.07,1.08,1.0750000000000002,0.010000000000000009,0.009302325581395356,46.0,255.0,0.1945270977783203
2026-02-25 10:43:14,690.6,2026-03-04,7,0.019780758498224253,669.0,0.9687228496959166,691.1350961687234,-0.03255125273385501,True,put,1.25,1.26,1.255,0.010000000000000009,0.00796812749003985,36.0,204.0,0.1911091632080078
2026-02-25 10:43:14,690.6,2026-03-04,7,0.019780758498224253,670.0,0.9701708659136982,691.1350961687234,-0.031057600477071717,True,put,1.33,1.35,1.34,0.020000000000000018,0.01492537313432837,352.0,1083.0,0.188911919555664
2026-02-25 10:43:14,690.6,2026-03-04,7,0.019780758498224253,671.0,0.9716188821314798,691.1350961687234,-0.029566175890401666,True,put,1.44,1.46,1.45,0.020000000000000018,0.013793103448275874,383.0,190.0,0.1872639868164062
2026-02-25 10:43:14,690.6,2026-03-04,7,0.019780758498224253,672.0,0.9730668983492615,691.1350961687234,-0.028076972338933918,True,put,1.55,1.56,1.5550000000000002,0.010000000000000009,0.0064308681672025775,198.0,240.0,0.1848226049804687
2026-02-25 10:43:14,690.6,2026-03-04,7,0.019780758498224253,673.0,0.9745149145670431,691.1350961687234,-0.026589983217355655,True,put,1.65,1.66,1.6549999999999998,0.010000000000000009,0.006042296072507559,166.0,240.0,0.1821370849609375
2026-02-25 10:43:14,690.6,2026-03-04,7,0.019780758498224253,674.0,0.9759629307848248,691.1350961687234,-0.025105201949776425,True,put,1.78,1.79,1.7850000000000001,0.010000000000000009,0.005602240896358548,151.0,692.0,0.1803060485839843
2026-02-25 10:43:14,690.6,2026-03-04,7,0.019780758498224253,675.0,0.9774109470026064,691.1350961687234,-0.023622621989553637,True,put,1.87,1.89,1.88,0.019999999999999796,0.010638297872340318,448.0,1033.0,0.1769491485595703
2026-02-25 10:43:14,690.6,2026-03-04,7,0.019780758498224253,676.0,0.978858963220388,691.1350961687234,-0.02214223681911937,True,put,1.99,2.01,2.0,0.019999999999999796,0.009999999999999898,148.0,510.0,0.1740805249023437
2026-02-25 10:43:14,690.6,2026-03-04,7,0.019780758498224253,677.0,0.9803069794381697,691.1350961687234,-0.020664039949808467,True,put,2.13,2.15,2.1399999999999997,0.020000000000000018,0.009345794392523374,156.0,586.0,0.1715781085205078
2026-02-25 10:43:14,690.6,2026-03-04,7,0.019780758498224253,678.0,0.9817549956559514,691.1350961687234,-0.01918802492168789,True,put,2.36,2.37,2.365,0.010000000000000231,0.004228329809725256,556.0,382.0,0.1712729357910156
2026-02-25 10:43:14,690.6,2026-03-04,7,0.019780758498224253,679.0,0.9832030118737329,691.1350961687234,-0.017714185303387333,True,put,2.51,2.52,2.5149999999999997,0.010000000000000231,0.003976143141153174,175.0,258.0,0.1682212084960938
2026-02-25 10:43:14,690.6,2026-03-04,7,0.019780758498224253,680.0,0.9846510280915146,691.1350961687234,-0.016242514691931078,True,put,2.67,2.68,2.675,0.010000000000000231,0.0037383177570094323,546.0,1427.0,0.1651694812011719
2026-02-25 10:43:14,690.6,2026-03-04,7,0.019780758498224253,681.0,0.9860990443092962,691.1350961687234,-0.014773006712571092,True,put,2.86,2.88,2.87,0.020000000000000018,0.0069686411149825845,498.0,267.0,0.1629112030029297
2026-02-25 10:43:14,690.6,2026-03-04,7,0.019780758498224253,682.0,0.9875470605270779,691.1350961687234,-0.013305655018621361,True,put,3.05,3.07,3.0599999999999996,0.020000000000000018,0.006535947712418307,137.0,378.0,0.1599510275268554
2026-02-25 10:43:14,690.6,2026-03-04,7,0.019780758498224253,683.0,0.9889950767448595,691.1350961687234,-0.011840453291293396,True,put,3.25,3.27,3.26,0.020000000000000018,0.0061349693251533804,125.0,497.0,0.1568077484130859
2026-02-25 10:43:14,690.6,2026-03-04,7,0.019780758498224253,684.0,0.9904430929626411,691.1350961687234,-0.010377395239532999,True,put,3.5,3.52,3.51,0.020000000000000018,0.0056980056980057035,102.0,504.0,0.1546105047607422
2026-02-25 10:43:14,690.6,2026-03-04,7,0.019780758498224253,685.0,0.9918911091804228,691.1350961687234,-0.008916474599858169,True,put,3.78,3.8,3.79,0.020000000000000018,0.0052770448548812715,701.0,1506.0,0.1526879165649414
2026-02-25 10:43:14,690.6,2026-03-04,7,0.019780758498224253,686.0,0.9933391253982045,691.1350961687234,-0.007457685136198235,True,put,4.06,4.07,4.0649999999999995,0.010000000000000675,0.0024600246002461686,162.0,464.0,0.1499718792724609
2026-02-25 10:43:14,690.6,2026-03-04,7,0.019780758498224253,687.0,0.994787141615986,691.1350961687234,-0.00600102063973412,True,put,4.32,4.34,4.33,0.019999999999999574,0.004618937644341702,165.0,535.0,0.1467370483398437
2026-02-25 10:43:14,690.6,2026-03-04,7,0.019780758498224253,688.0,0.9962351578337677,691.1350961687234,-0.004546474928739799,True,put,4.61,4.63,4.62,0.019999999999999574,0.004329004329004236,148.0,330.0,0.1434411828613281
2026-02-25 10:43:14,690.6,2026-03-04,7,0.019780758498224253,689.0,0.9976831740515494,691.1350961687234,-0.0030940418484248894,True,put,4.91,4.93,4.92,0.019999999999999574,0.004065040650406418,606.0,297.0,0.1397791101074219
2026-02-25 10:43:14,690.6,2026-03-04,7,0.019780758498224253,690.0,0.999131190269331,691.1350961687234,-0.0016437152707783934,True,put,5.25,5.27,5.26,0.019999999999999574,0.003802281368821212,1593.0,282.0,0.1365137619018555
2026-02-25 10:43:14,690.6,2026-03-05,8,0.022520484525621512,680.0,0.9846510280915146,691.1351094939342,-0.01624253397211353,False,call,14.07,14.26,14.165,0.1899999999999995,0.013413342746205401,11.0,966.0,0.1820150158691406
2026-02-25 10:43:14,690.6,2026-03-05,8,0.022520484525621512,683.0,0.9889950767448595,691.1351094939342,-0.011840472571475809,False,call,11.88,12.02,11.95,0.1399999999999988,0.011715481171548017,64.0,244.0,0.1765219067382812
2026-02-25 10:43:14,690.6,2026-03-05,8,0.022520484525621512,684.0,0.9904430929626411,691.1351094939342,-0.010377414519715474,False,call,11.04,11.24,11.14,0.20000000000000107,0.017953321364452518,15.0,235.0,0.1731039721679687
2026-02-25 10:43:14,690.6,2026-03-05,8,0.022520484525621512,685.0,0.9918911091804228,691.1351094939342,-0.008916493880040595,False,call,10.3,10.5,10.4,0.1999999999999993,0.019230769230769162,21.0,420.0,0.1702963830566406
2026-02-25 10:43:14,690.6,2026-03-05,8,0.022520484525621512,689.0,0.9976831740515494,691.1351094939342,-0.0030940611286073374,False,call,7.55,7.69,7.62,0.14000000000000057,0.018372703412073567,19.0,275.0,0.1582420602416992
2026-02-25 10:43:14,690.6,2026-03-05,8,0.022520484525621512,690.0,0.999131190269331,691.1351094939342,-0.0016437345509607915,False,call,6.95,6.97,6.96,0.019999999999999574,0.0028735632183907434,179.0,958.0,0.1536339520263672
2026-02-25 10:43:14,690.6,2026-03-05,8,0.022520484525621512,691.0,1.0005792064871126,691.1351094939342,-0.00019550837459602236,False,call,6.24,6.27,6.255,0.02999999999999936,0.004796163069544263,231.0,250.0,0.1489953265380859
2026-02-25 10:43:14,690.6,2026-03-05,8,0.022520484525621512,692.0,1.0020272227048943,691.1351094939342,0.0012506234754036966,True,call,5.61,5.64,5.625,0.02999999999999936,0.0053333333333332195,160.0,445.0,0.1453942883300781
2026-02-25 10:43:14,690.6,2026-03-05,8,0.022520484525621512,693.0,1.003475238922676,691.1351094939342,0.0026946670476374122,True,call,5.03,5.05,5.04,0.019999999999999574,0.003968253968253884,109.0,416.0,0.1420984228515625
2026-02-25 10:43:14,690.6,2026-03-05,8,0.022520484525621512,694.0,1.0049232551404574,691.1351094939342,0.00413662836453851,True,call,4.47,4.49,4.48,0.020000000000000462,0.004464285714285817,13.0,245.0,0.1388025573730469
2026-02-25 10:43:14,690.6,2026-03-05,8,0.022520484525621512,695.0,1.0063712713582391,691.1351094939342,0.00557651342252619,True,call,4.01,4.03,4.02,0.020000000000000462,0.004975124378109568,229.0,1328.0,0.1372766937255859
2026-02-25 10:43:14,690.6,2026-03-05,8,0.022520484525621512,696.0,1.0078192875760208,691.1351094939342,0.007014328192153755,True,call,3.41,3.43,3.42,0.020000000000000018,0.005847953216374275,42.0,638.0,0.1315394464111328
2026-02-25 10:43:14,690.6,2026-03-05,8,0.022520484525621512,697.0,1.0092673037938025,691.1351094939342,0.008450078618258042,True,call,2.93,2.95,2.9400000000000004,0.020000000000000018,0.006802721088435379,65.0,481.0,0.127938408203125
2026-02-25 10:43:14,690.6,2026-03-05,8,0.022520484525621512,698.0,1.0107153200115842,691.1351094939342,0.00988377062010668,True,call,2.53,2.55,2.54,0.020000000000000018,0.007874015748031503,137.0,332.0,0.1254970263671875
2026-02-25 10:43:14,690.6,2026-03-05,8,0.022520484525621512,699.0,1.0121633362293658,691.1351094939342,0.011315410091544293,True,call,2.08,2.09,2.085,0.009999999999999787,0.004796163069544263,178.0,249.0,0.1204616763305664
2026-02-25 10:43:14,690.6,2026-03-05,8,0.022520484525621512,700.0,1.0136113524471473,691.1351094939342,0.012745002901138757,True,call,1.74,1.76,1.75,0.020000000000000018,0.011428571428571439,258.0,459.0,0.1179897772216796
2026-02-25 10:43:14,690.6,2026-03-05,8,0.022520484525621512,701.0,1.015059368664929,691.1351094939342,0.014172554892324225,True,call,1.38,1.39,1.3849999999999998,0.010000000000000009,0.007220216606498202,304.0,697.0,0.1131680480957031
2026-02-25 10:43:14,690.6,2026-03-05,8,0.022520484525621512,702.0,1.0165073848827106,691.1351094939342,0.015598071883545303,True,call,1.09,1.1,1.0950000000000002,0.010000000000000009,0.009132420091324207,138.0,559.0,0.1095670098876953
2026-02-25 10:43:14,690.6,2026-03-05,8,0.022520484525621512,703.0,1.0179554011004923,691.1351094939342,0.017021559668398918,True,call,0.86,0.87,0.865,0.010000000000000009,0.011560693641618507,303.0,490.0,0.1067594207763672
2026-02-25 10:43:14,690.6,2026-03-05,8,0.022520484525621512,704.0,1.019403417318274,691.1351094939342,0.018443024015776462,True,call,0.66,0.67,0.665,0.010000000000000009,0.015037593984962419,233.0,321.0,0.1037687280273437
2026-02-25 10:43:14,690.6,2026-03-05,8,0.022520484525621512,705.0,1.0208514335360557,691.1351094939342,0.019862470670002765,True,call,0.48,0.49,0.485,0.010000000000000009,0.020618556701030948,137.0,1196.0,0.1001066552734375
2026-02-25 10:43:14,690.6,2026-03-05,8,0.022520484525621512,706.0,1.0222994497538371,691.1351094939342,0.021279905350976236,True,call,0.35,0.36,0.355,0.010000000000000009,0.028169014084507067,36.0,253.0,0.0974211352539062
2026-02-25 10:43:14,690.6,2026-03-05,8,0.022520484525621512,707.0,1.0237474659716188,691.1351094939342,0.022695333754306966,True,call,0.23,0.24,0.235,0.009999999999999981,0.042553191489361625,3859.0,139.0,0.0933928552246093
2026-02-25 10:43:14,690.6,2026-03-05,8,0.022520484525621512,708.0,1.0251954821894005,691.1351094939342,0.024108761551453802,True,call,0.17,0.18,0.175,0.009999999999999981,0.05714285714285704,33.0,163.0,0.0922942333984375
2026-02-25 10:43:14,690.6,2026-03-05,8,0.022520484525621512,709.0,1.0266434984071822,691.1351094939342,0.025520194389861587,True,call,0.12,0.13,0.125,0.010000000000000009,0.08000000000000007,14.0,276.0,0.0910735424804687
2026-02-25 10:43:14,690.6,2026-03-05,8,0.022520484525621512,630.0,0.9122502172024326,691.1351094939342,-0.09261551275668747,True,put,0.19,0.2,0.195,0.010000000000000009,0.05128205128205133,2585.0,2041.0,0.2817454638671874
2026-02-25 10:43:14,690.6,2026-03-05,8,0.022520484525621512,635.0,0.9194902982913409,691.1351094939342,-0.08471033324957429,True,put,0.23,0.24,0.235,0.009999999999999981,0.042553191489361625,365.0,490.0,0.2680737255859374
2026-02-25 10:43:14,690.6,2026-03-05,8,0.022520484525621512,640.0,0.926730379380249,691.1351094939342,-0.07686715578854836,True,put,0.28,0.29,0.28500000000000003,0.009999999999999953,0.035087719298245446,283.0,658.0,0.2546461254882813
2026-02-25 10:43:14,690.6,2026-03-05,8,0.022520484525621512,645.0,0.9339704604691572,691.1351094939342,-0.06908501534649339,True,put,0.37,0.38,0.375,0.010000000000000009,0.02666666666666669,14.0,304.0,0.24414818359375
2026-02-25 10:43:14,690.6,2026-03-05,8,0.022520484525621512,650.0,0.9412105415580654,691.1351094939342,-0.061362969252583055,True,put,0.48,0.49,0.485,0.010000000000000009,0.020618556701030948,32.0,397.0,0.23242955078125
2026-02-25 10:43:14,690.6,2026-03-05,8,0.022520484525621512,651.0,0.9426585577758471,691.1351094939342,-0.05982568993369667,True,put,0.5,0.51,0.505,0.010000000000000009,0.01980198019801982,150.0,280.0,0.229499892578125
2026-02-25 10:43:14,690.6,2026-03-05,8,0.022520484525621512,653.0,0.9455545902114103,691.1351094939342,-0.05675820286583486,True,put,0.56,0.58,0.5700000000000001,0.019999999999999907,0.035087719298245446,76.0,210.0,0.2258378198242187
2026-02-25 10:43:14,690.6,2026-03-05,8,0.022520484525621512,655.0,0.9484506226469737,691.1351094939342,-0.05370009650701402,True,put,0.65,0.66,0.655,0.010000000000000009,0.015267175572519097,3512.0,516.0,0.2222978161621093
2026-02-25 10:43:14,690.6,2026-03-05,8,0.022520484525621512,656.0,0.9498986388647552,691.1351094939342,-0.05217454319817684,True,put,0.68,0.69,0.685,0.009999999999999898,0.014598540145985252,28.0,123.0,0.2194902270507812
2026-02-25 10:43:14,690.6,2026-03-05,8,0.022520484525621512,658.0,0.9527946713003186,691.1351094939342,-0.049130400816948694,True,put,0.77,0.78,0.775,0.010000000000000009,0.012903225806451623,31.0,353.0,0.2154619470214843
2026-02-25 10:43:14,690.6,2026-03-05,8,0.022520484525621512,660.0,0.9556907037358818,691.1351094939342,-0.04609549712179468,True,put,0.85,0.86,0.855,0.010000000000000009,0.01169590643274855,3560.0,503.0,0.2099688378906249
2026-02-25 10:43:14,690.6,2026-03-05,8,0.022520484525621512,662.0,0.9585867361714451,691.1351094939342,-0.04306977620525771,True,put,1.0,1.01,1.005,0.010000000000000009,0.009950248756218916,14.0,108.0,0.207893663330078
2026-02-25 10:43:14,690.6,2026-03-05,8,0.022520484525621512,663.0,0.9600347523892268,691.1351094939342,-0.04156034195640336,True,put,1.04,1.06,1.05,0.020000000000000018,0.019047619047619063,45.0,220.0,0.2050860742187499
2026-02-25 10:43:14,690.6,2026-03-05,8,0.022520484525621512,665.0,0.96293078482479,691.1351094939342,-0.03854829148641174,True,put,1.2,1.21,1.205,0.010000000000000009,0.008298755186721999,32.0,486.0,0.2013019323730468
2026-02-25 10:43:14,690.6,2026-03-05,8,0.022520484525621512,667.0,0.9658268172603532,691.1351094939342,-0.03554528622664217,True,put,1.37,1.38,1.375,0.009999999999999787,0.0072727272727271175,23.0,926.0,0.1975177905273437
2026-02-25 10:43:14,690.6,2026-03-05,8,0.022520484525621512,670.0,0.9701708659136982,691.1351094939342,-0.031057619757254108,True,put,1.64,1.66,1.65,0.020000000000000018,0.012121212121212133,89.0,1074.0,0.1909260595703125
2026-02-25 10:43:14,690.6,2026-03-05,8,0.022520484525621512,673.0,0.9745149145670431,691.1351094939342,-0.026590002497538123,True,put,2.0,2.02,2.01,0.020000000000000018,0.009950248756218916,50.0,151.0,0.1848836395263671
2026-02-25 10:43:14,690.6,2026-03-05,8,0.022520484525621512,674.0,0.9759629307848248,691.1351094939342,-0.025105221229958844,True,put,2.13,2.14,2.135,0.010000000000000231,0.004683840749414628,27.0,185.0,0.1823201885986328
2026-02-25 10:43:14,690.6,2026-03-05,8,0.022520484525621512,675.0,0.9774109470026064,691.1351094939342,-0.023622641269736,True,put,2.26,2.28,2.2699999999999996,0.020000000000000018,0.008810572687224679,102.0,702.0,0.180122944946289
2026-02-25 10:43:14,690.6,2026-03-05,8,0.022520484525621512,678.0,0.9817549956559514,691.1351094939342,-0.01918804420187033,True,put,2.73,2.75,2.74,0.020000000000000018,0.0072992700729927066,25.0,159.0,0.1731039721679687
2026-02-25 10:43:14,690.6,2026-03-05,8,0.022520484525621512,680.0,0.9846510280915146,691.1351094939342,-0.01624253397211353,True,put,3.06,3.08,3.0700000000000003,0.020000000000000018,0.0065146579804560316,217.0,552.0,0.1673056903076172
2026-02-25 10:43:14,690.6,2026-03-05,8,0.022520484525621512,681.0,0.9860990443092962,691.1351094939342,-0.014773025992753494,True,put,3.23,3.25,3.24,0.020000000000000018,0.006172839506172844,20.0,131.0,0.1640098248291016
2026-02-25 10:43:14,690.6,2026-03-05,8,0.022520484525621512,682.0,0.9875470605270779,691.1351094939342,-0.013305674298803824,True,put,3.51,3.54,3.525,0.03000000000000025,0.008510638297872412,28.0,207.0,0.1635825830078125
2026-02-25 10:43:14,690.6,2026-03-05,8,0.022520484525621512,683.0,0.9889950767448595,691.1351094939342,-0.011840472571475809,True,put,3.71,3.73,3.7199999999999998,0.020000000000000018,0.00537634408602151,13.0,233.0,0.1600730966186523
2026-02-25 10:43:14,690.6,2026-03-05,8,0.022520484525621512,684.0,0.9904430929626411,691.1351094939342,-0.010377414519715474,True,put,3.91,3.93,3.92,0.020000000000000018,0.005102040816326535,25.0,276.0,0.1564415411376953
2026-02-25 10:43:14,690.6,2026-03-05,8,0.022520484525621512,685.0,0.9918911091804228,691.1351094939342,-0.008916493880040595,True,put,4.22,4.24,4.23,0.020000000000000462,0.004728132387706964,192.0,423.0,0.1551598156738281
2026-02-25 10:43:14,690.6,2026-03-05,8,0.022520484525621512,686.0,0.9933391253982045,691.1351094939342,-0.00745770441638061,True,put,4.42,4.44,4.43,0.020000000000000462,0.004514672686230353,136.0,252.0,0.1507042938232422
2026-02-25 10:43:14,690.6,2026-03-05,8,0.022520484525621512,687.0,0.994787141615986,691.1351094939342,-0.006001039919916556,True,put,4.76,4.79,4.775,0.03000000000000025,0.006282722513089057,298.0,601.0,0.149422568359375
2026-02-25 10:43:14,690.6,2026-03-05,8,0.022520484525621512,688.0,0.9962351578337677,691.1351094939342,-0.004546494208922185,True,put,5.02,5.04,5.029999999999999,0.020000000000000462,0.003976143141153174,55.0,381.0,0.1452722192382812
2026-02-25 10:43:14,690.6,2026-03-05,8,0.022520484525621512,689.0,0.9976831740515494,691.1351094939342,-0.0030940611286073374,True,put,5.34,5.36,5.35,0.020000000000000462,0.0037383177570094323,18.0,144.0,0.1422204919433593
2026-02-25 10:43:14,690.6,2026-03-05,8,0.022520484525621512,690.0,0.999131190269331,691.1351094939342,-0.0016437345509607915,True,put,5.7,5.72,5.71,0.019999999999999574,0.003502626970227596,136.0,395.0,0.1395654891967773
2026-02-25 10:43:14,690.6,2026-03-06,9,0.02526021055301877,668.0,0.9672748334781349,691.3603275212248,-0.03437297238156882,False,call,25.18,25.35,25.265,0.1700000000000017,0.006728676034039252,20.0,176.0,0.2298050653076171
2026-02-25 10:43:14,690.6,2026-03-06,9,0.02526021055301877,675.0,0.9774109470026064,691.3603275212248,-0.023948455045684765,False,call,19.03,19.19,19.11,0.16000000000000014,0.008372579801151237,10.0,570.0,0.2077105596923827
2026-02-25 10:43:14,690.6,2026-03-06,9,0.02526021055301877,680.0,0.9846510280915146,691.3603275212248,-0.016568347748062234,False,call,14.88,15.03,14.955,0.14999999999999858,0.010030090270812341,217.0,1913.0,0.1920857159423828
2026-02-25 10:43:14,690.6,2026-03-06,9,0.02526021055301877,681.0,0.9860990443092962,691.3603275212248,-0.015098839768702256,False,call,14.1,14.27,14.184999999999999,0.16999999999999993,0.011984490659146982,28.0,1151.0,0.1899800241088867
2026-02-25 10:43:14,690.6,2026-03-06,9,0.02526021055301877,682.0,0.9875470605270779,691.3603275212248,-0.013631488074752528,False,call,13.35,13.51,13.43,0.16000000000000014,0.011913626209977672,492.0,1764.0,0.1875691595458984
2026-02-25 10:43:14,690.6,2026-03-06,9,0.02526021055301877,683.0,0.9889950767448595,691.3603275212248,-0.012166286347424568,False,call,12.69,12.7,12.695,0.009999999999999787,0.0007877116975186913,124.0,1418.0,0.1836019140624999
2026-02-25 10:43:14,690.6,2026-03-06,9,0.02526021055301877,684.0,0.9904430929626411,691.3603275212248,-0.010703228295664176,False,call,11.78,11.92,11.85,0.14000000000000057,0.01181434599156123,79.0,1751.0,0.1800924276733398
2026-02-25 10:43:14,690.6,2026-03-06,9,0.02526021055301877,685.0,0.9918911091804228,691.3603275212248,-0.009242307655989353,False,call,11.12,11.25,11.184999999999999,0.13000000000000078,0.011622708985248172,213.0,2684.0,0.1787801849365234
2026-02-25 10:43:14,690.6,2026-03-06,9,0.02526021055301877,686.0,0.9933391253982045,691.3603275212248,-0.007783518192329424,False,call,10.3,10.43,10.365,0.129999999999999,0.012542209358417655,67.0,1949.0,0.1736532830810547
2026-02-25 10:43:14,690.6,2026-03-06,9,0.02526021055301877,687.0,0.994787141615986,691.3603275212248,-0.006326853695865314,False,call,9.67,9.79,9.73,0.11999999999999922,0.012332990750256857,92.0,1386.0,0.1722494885253906
2026-02-25 10:43:14,690.6,2026-03-06,9,0.02526021055301877,688.0,0.9962351578337677,691.3603275212248,-0.0048723079848708864,False,call,8.93,9.02,8.975,0.08999999999999986,0.010027855153203327,105.0,2270.0,0.1675498284912109
2026-02-25 10:43:14,690.6,2026-03-06,9,0.02526021055301877,689.0,0.9976831740515494,691.3603275212248,-0.003419874904555983,False,call,8.23,8.33,8.280000000000001,0.09999999999999964,0.012077294685990293,140.0,1752.0,0.1642234457397461
2026-02-25 10:43:14,690.6,2026-03-06,9,0.02526021055301877,690.0,0.999131190269331,691.3603275212248,-0.0019695483269094923,False,call,7.59,7.62,7.605,0.03000000000000025,0.003944773175542439,1458.0,3553.0,0.1600425793457031
2026-02-25 10:43:14,690.6,2026-03-06,9,0.02526021055301877,691.0,1.0005792064871126,691.3603275212248,-0.0005213221505446674,False,call,7.0,7.01,7.005,0.009999999999999787,0.0014275517487508619,3062.0,2349.0,0.1575706802368164
2026-02-25 10:43:14,690.6,2026-03-06,9,0.02526021055301877,692.0,1.0020272227048943,691.3603275212248,0.0009248096994549963,True,call,6.35,6.37,6.359999999999999,0.020000000000000462,0.0031446540880503875,485.0,2090.0,0.1539696420288085
2026-02-25 10:43:14,690.6,2026-03-06,9,0.02526021055301877,693.0,1.003475238922676,691.3603275212248,0.0023688532716885464,True,call,5.8,5.82,5.8100000000000005,0.020000000000000462,0.003442340791738461,147.0,2469.0,0.151802915649414
2026-02-25 10:43:14,690.6,2026-03-06,9,0.02526021055301877,694.0,1.0049232551404574,691.3603275212248,0.003810814588589921,True,call,5.21,5.23,5.220000000000001,0.020000000000000462,0.0038314176245211606,171.0,2069.0,0.1482629119873047
2026-02-25 10:43:14,690.6,2026-03-06,9,0.02526021055301877,695.0,1.0063712713582391,691.3603275212248,0.005250699646577436,True,call,4.7,4.72,4.71,0.019999999999999574,0.004246284501061481,909.0,12437.0,0.1458825646972656
2026-02-25 10:43:14,690.6,2026-03-06,9,0.02526021055301877,696.0,1.0078192875760208,691.3603275212248,0.006688514416205055,True,call,4.07,4.1,4.085,0.02999999999999936,0.0073439412484698555,118.0,9462.0,0.1403894555664062
2026-02-25 10:43:14,690.6,2026-03-06,9,0.02526021055301877,697.0,1.0092673037938025,691.3603275212248,0.008124264842309178,True,call,3.57,3.6,3.585,0.03000000000000025,0.008368200836820152,103.0,2595.0,0.1369104864501953
2026-02-25 10:43:14,690.6,2026-03-06,9,0.02526021055301877,698.0,1.0107153200115842,691.3603275212248,0.009557956844157871,True,call,3.11,3.13,3.12,0.020000000000000018,0.006410256410256416,234.0,1583.0,0.1334315173339843
2026-02-25 10:43:14,690.6,2026-03-06,9,0.02526021055301877,699.0,1.0121633362293658,691.3603275212248,0.010989596315595759,True,call,2.7,2.71,2.705,0.009999999999999787,0.0036968576709795883,145.0,3442.0,0.1304103073120117
2026-02-25 10:43:14,690.6,2026-03-06,9,0.02526021055301877,700.0,1.0136113524471473,691.3603275212248,0.01241918912519006,True,call,2.3,2.32,2.3099999999999996,0.020000000000000018,0.008658008658008667,1633.0,6507.0,0.1273280627441406
2026-02-25 10:43:14,690.6,2026-03-06,9,0.02526021055301877,701.0,1.015059368664929,691.3603275212248,0.013846741116375582,True,call,1.89,1.9,1.895,0.010000000000000009,0.0052770448548812715,238.0,2209.0,0.1224452990722656
2026-02-25 10:43:14,690.6,2026-03-06,9,0.02526021055301877,702.0,1.0165073848827106,691.3603275212248,0.015272258107596496,True,call,1.59,1.6,1.5950000000000002,0.010000000000000009,0.006269592476489033,119.0,1654.0,0.1199428826904296
2026-02-25 10:43:14,690.6,2026-03-06,9,0.02526021055301877,703.0,1.0179554011004923,691.3603275212248,0.016695745892450386,True,call,1.3,1.32,1.31,0.020000000000000018,0.015267175572519097,81.0,1674.0,0.1171352935791015
2026-02-25 10:43:14,690.6,2026-03-06,9,0.02526021055301877,704.0,1.019403417318274,691.3603275212248,0.018117210239827767,True,call,1.03,1.04,1.0350000000000001,0.010000000000000009,0.009661835748792277,245.0,1182.0,0.1131070135498047
2026-02-25 10:43:14,690.6,2026-03-06,9,0.02526021055301877,705.0,1.0208514335360557,691.3603275212248,0.019536656894054122,True,call,0.8,0.81,0.805,0.010000000000000009,0.012422360248447215,549.0,9369.0,0.1095059753417968
2026-02-25 10:43:14,690.6,2026-03-06,9,0.02526021055301877,706.0,1.0222994497538371,691.3603275212248,0.020954091575027433,True,call,0.63,0.64,0.635,0.010000000000000009,0.015748031496063006,421.0,2042.0,0.1071866625976562
2026-02-25 10:43:14,690.6,2026-03-06,9,0.02526021055301877,707.0,1.0237474659716188,691.3603275212248,0.022369519978358215,True,call,0.46,0.47,0.46499999999999997,0.009999999999999953,0.021505376344085923,137.0,2363.0,0.1034025207519531
2026-02-25 10:43:14,690.6,2026-03-06,9,0.02526021055301877,708.0,1.0251954821894005,691.3603275212248,0.023782947775505107,True,call,0.36,0.37,0.365,0.010000000000000009,0.02739726027397263,114.0,2008.0,0.1019376916503906
2026-02-25 10:43:14,690.6,2026-03-06,9,0.02526021055301877,709.0,1.0266434984071822,691.3603275212248,0.025194380613912947,True,call,0.26,0.27,0.265,0.010000000000000009,0.03773584905660381,70.0,2180.0,0.0993742407226562
2026-02-25 10:43:14,690.6,2026-03-06,9,0.02526021055301877,710.0,1.0280915146249638,691.3603275212248,0.02660382411714644,True,call,0.2,0.21,0.20500000000000002,0.009999999999999981,0.04878048780487795,294.0,6806.0,0.0983976879882812
2026-02-25 10:43:14,690.6,2026-03-06,9,0.02526021055301877,711.0,1.0295395308427453,691.3603275212248,0.028011283885026314,True,call,0.14,0.15,0.14500000000000002,0.009999999999999981,0.06896551724137917,50.0,1781.0,0.0962004443359375
2026-02-25 10:43:14,690.6,2026-03-06,9,0.02526021055301877,712.0,1.030987547060527,691.3603275212248,0.029416765493761092,True,call,0.11,0.12,0.11499999999999999,0.009999999999999995,0.0869565217391304,66.0,1465.0,0.0962004443359375
2026-02-25 10:43:14,690.6,2026-03-06,9,0.02526021055301877,600.0,0.8688097306689835,691.3603275212248,-0.14173149070206825,True,put,0.1,0.11,0.10500000000000001,0.009999999999999995,0.09523809523809518,123.0,6384.0,0.35742830078125
2026-02-25 10:43:14,690.6,2026-03-06,9,0.02526021055301877,605.0,0.8760498117578916,691.3603275212248,-0.1334326878873732,True,put,0.11,0.12,0.11499999999999999,0.009999999999999995,0.0869565217391304,21.0,3377.0,0.3422917333984374
2026-02-25 10:43:14,690.6,2026-03-06,9,0.02526021055301877,611.0,0.8847379090645815,691.3603275212248,-0.12356418674661925,True,put,0.13,0.14,0.135,0.010000000000000009,0.07407407407407414,1662.0,1419.0,0.32617861328125
2026-02-25 10:43:14,690.6,2026-03-06,9,0.02526021055301877,612.0,0.8861859252823632,691.3603275212248,-0.1219288634058885,True,put,0.14,0.15,0.14500000000000002,0.009999999999999981,0.06896551724137917,448.0,582.0,0.3252020605468749
2026-02-25 10:43:14,690.6,2026-03-06,9,0.02526021055301877,613.0,0.8876339415001447,691.3603275212248,-0.12029620998200319,True,put,0.14,0.15,0.14500000000000002,0.009999999999999981,0.06896551724137917,280.0,1138.0,0.3212958496093749
2026-02-25 10:43:14,690.6,2026-03-06,9,0.02526021055301877,615.0,0.8905299739357081,691.3603275212248,-0.11703887811169672,True,put,0.15,0.16,0.155,0.010000000000000009,0.06451612903225812,42.0,3975.0,0.3164130859374999
2026-02-25 10:43:14,690.6,2026-03-06,9,0.02526021055301877,616.0,0.8919779901534897,691.3603275212248,-0.11541418238469482,True,put,0.15,0.16,0.155,0.010000000000000009,0.06451612903225812,158.0,293.0,0.3125068749999999
2026-02-25 10:43:14,690.6,2026-03-06,9,0.02526021055301877,617.0,0.8934260063712713,691.3603275212248,-0.11379212201282679,True,put,0.16,0.17,0.165,0.010000000000000009,0.060606060606060656,177.0,1102.0,0.3115303222656249
2026-02-25 10:43:14,690.6,2026-03-06,9,0.02526021055301877,618.0,0.894874022589053,691.3603275212248,-0.11217268846052385,True,put,0.16,0.17,0.165,0.010000000000000009,0.060606060606060656,263.0,309.0,0.3076241113281249
2026-02-25 10:43:14,690.6,2026-03-06,9,0.02526021055301877,619.0,0.8963220388068346,691.3603275212248,-0.11055587323361851,True,put,0.17,0.18,0.175,0.009999999999999981,0.05714285714285704,141.0,223.0,0.3061592822265625
2026-02-25 10:43:14,690.6,2026-03-06,9,0.02526021055301877,621.0,0.8992180712423978,691.3603275212248,-0.10733006398473587,True,put,0.18,0.19,0.185,0.010000000000000009,0.054054054054054106,11.0,420.0,0.3002999658203125
2026-02-25 10:43:14,690.6,2026-03-06,9,0.02526021055301877,623.0,0.9021141036779612,691.3603275212248,-0.1041146271307615,True,put,0.19,0.2,0.195,0.010000000000000009,0.05128205128205133,228.0,493.0,0.2949289257812499
2026-02-25 10:43:14,690.6,2026-03-06,9,0.02526021055301877,624.0,0.9035621198957428,691.3603275212248,-0.10251077754878699,True,put,0.2,0.21,0.20500000000000002,0.009999999999999981,0.04878048780487795,331.0,843.0,0.2929758203124999
2026-02-25 10:43:14,690.6,2026-03-06,9,0.02526021055301877,625.0,0.9050101361135244,691.3603275212248,-0.10090949618181316,True,put,0.21,0.22,0.215,0.010000000000000009,0.046511627906976785,47.0,3113.0,0.2910227148437499
2026-02-25 10:43:14,690.6,2026-03-06,9,0.02526021055301877,626.0,0.9064581523313061,691.3603275212248,-0.09931077481811613,True,put,0.21,0.22,0.215,0.010000000000000009,0.046511627906976785,51.0,572.0,0.2871165039062499
2026-02-25 10:43:14,690.6,2026-03-06,9,0.02526021055301877,627.0,0.9079061685490877,691.3603275212248,-0.09771460528529385,True,put,0.22,0.23,0.225,0.010000000000000009,0.04444444444444448,829.0,506.0,0.2849192602539062
2026-02-25 10:43:14,690.6,2026-03-06,9,0.02526021055301877,629.0,0.910802200984651,691.3603275212248,-0.09452988921777403,True,put,0.25,0.26,0.255,0.010000000000000009,0.03921568627450984,1518.0,926.0,0.282233740234375
2026-02-25 10:43:14,690.6,2026-03-06,9,0.02526021055301877,630.0,0.9122502172024326,691.3603275212248,-0.09294132653263619,True,put,0.26,0.27,0.265,0.010000000000000009,0.03773584905660381,45.0,3218.0,0.2797923583984374
2026-02-25 10:43:14,690.6,2026-03-06,9,0.02526021055301877,632.0,0.915146249637996,691.3603275212248,-0.08977175177135716,True,put,0.28,0.29,0.28500000000000003,0.009999999999999953,0.035087719298245446,169.0,4715.0,0.2746654565429687
2026-02-25 10:43:14,690.6,2026-03-06,9,0.02526021055301877,633.0,0.9165942658557775,691.3603275212248,-0.0881907237740384,True,put,0.28,0.29,0.28500000000000003,0.009999999999999953,0.035087719298245446,110.0,1257.0,0.270515107421875
2026-02-25 10:43:14,690.6,2026-03-06,9,0.02526021055301877,634.0,0.9180422820735592,691.3603275212248,-0.08661219148098867,True,put,0.31,0.32,0.315,0.010000000000000009,0.03174603174603177,114.0,815.0,0.2707592456054687
2026-02-25 10:43:14,690.6,2026-03-06,9,0.02526021055301877,635.0,0.9194902982913409,691.3603275212248,-0.08503614702552295,True,put,0.31,0.32,0.315,0.010000000000000009,0.03174603174603177,58.0,2590.0,0.266608896484375
2026-02-25 10:43:14,690.6,2026-03-06,9,0.02526021055301877,636.0,0.9209383145091224,691.3603275212248,-0.08346258257809246,True,put,0.32,0.33,0.325,0.010000000000000009,0.030769230769230795,26.0,531.0,0.26367923828125
2026-02-25 10:43:14,690.6,2026-03-06,9,0.02526021055301877,637.0,0.9223863307269041,691.3603275212248,-0.08189149034605125,True,put,0.34,0.35,0.345,0.009999999999999953,0.02898550724637668,211.0,541.0,0.2622144091796875
2026-02-25 10:43:14,690.6,2026-03-06,9,0.02526021055301877,638.0,0.9238343469446858,691.3603275212248,-0.08032286257342473,True,put,0.35,0.36,0.355,0.010000000000000009,0.028169014084507067,83.0,370.0,0.2592847509765625
2026-02-25 10:43:14,690.6,2026-03-06,9,0.02526021055301877,639.0,0.9252823631624674,691.3603275212248,-0.07875669154067981,True,put,0.37,0.38,0.375,0.010000000000000009,0.02666666666666669,340.0,2790.0,0.2573316455078125
2026-02-25 10:43:14,690.6,2026-03-06,9,0.02526021055301877,640.0,0.926730379380249,691.3603275212248,-0.07719296956449709,True,put,0.38,0.39,0.385,0.010000000000000009,0.025974025974025997,98.0,2674.0,0.2541578491210938
2026-02-25 10:43:14,690.6,2026-03-06,9,0.02526021055301877,641.0,0.9281783955980306,691.3603275212248,-0.07563168899754459,True,put,0.42,0.43,0.425,0.010000000000000009,0.023529411764705903,16.0,1952.0,0.2544019873046875
2026-02-25 10:43:14,690.6,2026-03-06,9,0.02526021055301877,643.0,0.931074428033594,691.3603275212248,-0.07251642168059526,True,put,0.46,0.47,0.46499999999999997,0.009999999999999953,0.021505376344085923,97.0,408.0,0.2497633618164062
2026-02-25 10:43:14,690.6,2026-03-06,9,0.02526021055301877,644.0,0.9325224442513755,691.3603275212248,-0.07096241981386103,True,put,0.47,0.48,0.475,0.010000000000000009,0.02105263157894739,21.0,253.0,0.2463454272460937
2026-02-25 10:43:14,690.6,2026-03-06,9,0.02526021055301877,645.0,0.9339704604691572,691.3603275212248,-0.06941082912244216,True,put,0.49,0.5,0.495,0.010000000000000009,0.02020202020202022,52.0,7293.0,0.2439040454101562
2026-02-25 10:43:14,690.6,2026-03-06,9,0.02526021055301877,646.0,0.9354184766869389,691.3603275212248,-0.06786164213561281,True,put,0.54,0.55,0.545,0.010000000000000009,0.018348623853211024,23.0,421.0,0.2439040454101562
2026-02-25 10:43:14,690.6,2026-03-06,9,0.02526021055301877,647.0,0.9368664929047205,691.3603275212248,-0.06631485141731398,True,put,0.56,0.57,0.565,0.009999999999999898,0.017699115044247607,120.0,895.0,0.2410964562988281
2026-02-25 10:43:14,690.6,2026-03-06,9,0.02526021055301877,648.0,0.9383145091225021,691.3603275212248,-0.06477044956593986,True,put,0.58,0.59,0.585,0.010000000000000009,0.01709401709401711,33.0,759.0,0.2382888671874999
2026-02-25 10:43:14,690.6,2026-03-06,9,0.02526021055301877,649.0,0.9397625253402838,691.3603275212248,-0.06322842921412457,True,put,0.61,0.62,0.615,0.010000000000000009,0.016260162601626032,154.0,523.0,0.2360916235351562
2026-02-25 10:43:14,690.6,2026-03-06,9,0.02526021055301877,650.0,0.9412105415580654,691.3603275212248,-0.061688783028531764,True,put,0.65,0.66,0.655,0.010000000000000009,0.015267175572519097,377.0,12988.0,0.2345047253417968
2026-02-25 10:43:14,690.6,2026-03-06,9,0.02526021055301877,651.0,0.9426585577758471,691.3603275212248,-0.060151503709645324,True,put,0.68,0.69,0.685,0.009999999999999898,0.014598540145985252,39.0,1383.0,0.2320633435058593
2026-02-25 10:43:14,690.6,2026-03-06,9,0.02526021055301877,653.0,0.9455545902114103,691.3603275212248,-0.05708401664178352,True,put,0.77,0.78,0.775,0.010000000000000009,0.012903225806451623,17.0,2124.0,0.2287674780273437
2026-02-25 10:43:14,690.6,2026-03-06,9,0.02526021055301877,655.0,0.9484506226469737,691.3603275212248,-0.05402591028296267,True,put,0.85,0.86,0.855,0.010000000000000009,0.01169590643274855,70.0,6581.0,0.2241288525390624
2026-02-25 10:43:14,690.6,2026-03-06,9,0.02526021055301877,656.0,0.9498986388647552,691.3603275212248,-0.052500356974125556,True,put,0.9,0.91,0.905,0.010000000000000009,0.011049723756906087,79.0,751.0,0.2222978161621093
2026-02-25 10:43:14,690.6,2026-03-06,9,0.02526021055301877,657.0,0.9513466550825369,691.3603275212248,-0.05097712743360409,True,put,0.96,0.98,0.97,0.020000000000000018,0.020618556701030948,124.0,1087.0,0.2213212634277343
2026-02-25 10:43:14,690.6,2026-03-06,9,0.02526021055301877,658.0,0.9527946713003186,691.3603275212248,-0.0494562145928974,True,put,1.0,1.02,1.01,0.020000000000000018,0.01980198019801982,74.0,3329.0,0.2183916052246093
2026-02-25 10:43:14,690.6,2026-03-06,9,0.02526021055301877,659.0,0.9542426875181002,691.3603275212248,-0.0479376114157074,True,put,1.07,1.09,1.08,0.020000000000000018,0.018518518518518535,17.0,685.0,0.2170488452148437
2026-02-25 10:43:14,690.6,2026-03-06,9,0.02526021055301877,660.0,0.9556907037358818,691.3603275212248,-0.04642131089774339,True,put,1.14,1.15,1.145,0.010000000000000009,0.00873362445414848,335.0,5722.0,0.2148516015625
2026-02-25 10:43:14,690.6,2026-03-06,9,0.02526021055301877,661.0,0.9571387199536634,691.3603275212248,-0.04490730606652834,True,put,1.21,1.23,1.22,0.020000000000000018,0.016393442622950834,61.0,1930.0,0.2135088415527344
2026-02-25 10:43:14,690.6,2026-03-06,9,0.02526021055301877,662.0,0.9585867361714451,691.3603275212248,-0.04339558998120642,True,put,1.27,1.28,1.275,0.010000000000000009,0.007843137254901968,41.0,613.0,0.2105181488037109
2026-02-25 10:43:14,690.6,2026-03-06,9,0.02526021055301877,663.0,0.9600347523892268,691.3603275212248,-0.04188615573235213,True,put,1.33,1.34,1.335,0.010000000000000009,0.007490636704119857,130.0,632.0,0.2078326287841796
2026-02-25 10:43:14,690.6,2026-03-06,9,0.02526021055301877,664.0,0.9614827686070083,691.3603275212248,-0.04037899644178079,True,put,1.43,1.45,1.44,0.020000000000000018,0.013888888888888902,38.0,792.0,0.2071612487792968
2026-02-25 10:43:14,690.6,2026-03-06,9,0.02526021055301877,665.0,0.96293078482479,691.3603275212248,-0.03887410526236051,True,put,1.52,1.54,1.53,0.020000000000000018,0.013071895424836612,210.0,9122.0,0.2053302124023437
2026-02-25 10:43:14,690.6,2026-03-06,9,0.02526021055301877,666.0,0.9643788010425717,691.3603275212248,-0.037371475377825515,True,put,1.61,1.63,1.62,0.019999999999999796,0.012345679012345552,91.0,2210.0,0.2033160723876952
2026-02-25 10:43:14,690.6,2026-03-06,9,0.02526021055301877,667.0,0.9658268172603532,691.3603275212248,-0.03587110000259094,True,put,1.69,1.7,1.6949999999999998,0.010000000000000009,0.0058997050147492685,24.0,2693.0,0.2002643450927734
2026-02-25 10:43:14,690.6,2026-03-06,9,0.02526021055301877,668.0,0.9672748334781349,691.3603275212248,-0.03437297238156882,True,put,1.79,1.8,1.795,0.010000000000000009,0.005571030640668529,118.0,561.0,0.1981891705322265
2026-02-25 10:43:14,690.6,2026-03-06,9,0.02526021055301877,669.0,0.9687228496959166,691.3603275212248,-0.032877085789986105,True,put,1.91,1.93,1.92,0.020000000000000018,0.010416666666666676,145.0,545.0,0.1969684796142577
2026-02-25 10:43:14,690.6,2026-03-06,9,0.02526021055301877,670.0,0.9701708659136982,691.3603275212248,-0.03138343353320282,True,put,2.02,2.03,2.025,0.009999999999999787,0.0049382716049381666,706.0,7018.0,0.1944050286865234
2026-02-25 10:43:14,690.6,2026-03-06,9,0.02526021055301877,671.0,0.9716188821314798,691.3603275212248,-0.029892008946532773,True,put,2.14,2.15,2.145,0.009999999999999787,0.004662004662004562,24.0,3566.0,0.1922688195800781
2026-02-25 10:43:14,690.6,2026-03-06,9,0.02526021055301877,672.0,0.9730668983492615,691.3603275212248,-0.02840280539506503,True,put,2.27,2.29,2.2800000000000002,0.020000000000000018,0.00877192982456141,32.0,5440.0,0.1905598522949219
2026-02-25 10:43:14,690.6,2026-03-06,9,0.02526021055301877,673.0,0.9745149145670431,691.3603275212248,-0.026915816273486774,True,put,2.38,2.4,2.3899999999999997,0.020000000000000018,0.008368200836820092,394.0,1362.0,0.1876301940917968
2026-02-25 10:43:14,690.6,2026-03-06,9,0.02526021055301877,674.0,0.9759629307848248,691.3603275212248,-0.02543103500590755,True,put,2.49,2.51,2.5,0.019999999999999574,0.00799999999999983,186.0,1261.0,0.1845174322509765
2026-02-25 10:43:14,690.6,2026-03-06,9,0.02526021055301877,675.0,0.9774109470026064,691.3603275212248,-0.023948455045684765,True,put,2.64,2.66,2.6500000000000004,0.020000000000000018,0.00754716981132076,875.0,9813.0,0.1823201885986328
2026-02-25 10:43:14,690.6,2026-03-06,9,0.02526021055301877,676.0,0.978858963220388,691.3603275212248,-0.022468069875250504,True,put,2.86,2.87,2.865,0.010000000000000231,0.0034904013961606388,1265.0,4730.0,0.1815877740478515
2026-02-25 10:43:14,690.6,2026-03-06,9,0.02526021055301877,677.0,0.9803069794381697,691.3603275212248,-0.020989873005939606,True,put,2.99,3.01,3.0,0.019999999999999574,0.006666666666666525,77.0,8587.0,0.1785360467529297
2026-02-25 10:43:14,690.6,2026-03-06,9,0.02526021055301877,678.0,0.9817549956559514,691.3603275212248,-0.019513857977819037,True,put,3.16,3.17,3.165,0.009999999999999787,0.003159557661927263,110.0,10476.0,0.1757284576416015
2026-02-25 10:43:14,690.6,2026-03-06,9,0.02526021055301877,679.0,0.9832030118737329,691.3603275212248,-0.018040018359518482,True,put,3.36,3.38,3.37,0.020000000000000018,0.005934718100890213,786.0,855.0,0.1740194903564453
2026-02-25 10:43:14,690.6,2026-03-06,9,0.02526021055301877,680.0,0.9846510280915146,691.3603275212248,-0.016568347748062234,True,put,3.58,3.59,3.585,0.009999999999999787,0.0027894002789399684,2273.0,7406.0,0.1719443157958984
2026-02-25 10:43:14,690.6,2026-03-06,9,0.02526021055301877,681.0,0.9860990443092962,691.3603275212248,-0.015098839768702256,True,put,3.74,3.76,3.75,0.019999999999999574,0.0053333333333332195,52.0,2616.0,0.168526381225586
2026-02-25 10:43:14,690.6,2026-03-06,9,0.02526021055301877,682.0,0.9875470605270779,691.3603275212248,-0.013631488074752528,True,put,3.99,4.01,4.0,0.019999999999999574,0.004999999999999893,135.0,2311.0,0.1667563793945313
2026-02-25 10:43:14,690.6,2026-03-06,9,0.02526021055301877,683.0,0.9889950767448595,691.3603275212248,-0.012166286347424568,True,put,4.18,4.2,4.1899999999999995,0.020000000000000462,0.0047732696897375805,533.0,2209.0,0.1632163757324219
2026-02-25 10:43:14,690.6,2026-03-06,9,0.02526021055301877,684.0,0.9904430929626411,691.3603275212248,-0.010703228295664176,True,put,4.48,4.5,4.49,0.019999999999999574,0.004454342984409705,137.0,3813.0,0.1619346502685547
2026-02-25 10:43:14,690.6,2026-03-06,9,0.02526021055301877,685.0,0.9918911091804228,691.3603275212248,-0.009242307655989353,True,put,4.71,4.73,4.720000000000001,0.020000000000000462,0.0042372881355933175,3781.0,6571.0,0.1585777502441406
2026-02-25 10:43:14,690.6,2026-03-06,9,0.02526021055301877,686.0,0.9933391253982045,691.3603275212248,-0.007783518192329424,True,put,4.95,4.97,4.96,0.019999999999999574,0.004032258064516043,244.0,1519.0,0.1550987811279297
2026-02-25 10:43:14,690.6,2026-03-06,9,0.02526021055301877,687.0,0.994787141615986,691.3603275212248,-0.006326853695865314,True,put,5.3,5.32,5.3100000000000005,0.020000000000000462,0.0037664783427496158,269.0,2334.0,0.1536949865722656
2026-02-25 10:43:14,690.6,2026-03-06,9,0.02526021055301877,688.0,0.9962351578337677,691.3603275212248,-0.0048723079848708864,True,put,5.58,5.61,5.595000000000001,0.03000000000000025,0.00536193029490621,1033.0,2493.0,0.1504906729125977
2026-02-25 10:43:14,690.6,2026-03-06,9,0.02526021055301877,689.0,0.9976831740515494,691.3603275212248,-0.003419874904555983,True,put,5.92,5.95,5.9350000000000005,0.03000000000000025,0.005054759898904844,224.0,2167.0,0.1479577392578125
2026-02-25 10:43:14,690.6,2026-03-06,9,0.02526021055301877,690.0,0.999131190269331,691.3603275212248,-0.0019695483269094923,True,put,6.28,6.3,6.29,0.019999999999999574,0.0031796502384737,2161.0,17686.0,0.1451501501464843
2026-02-25 10:43:14,690.6,2026-03-06,9,0.02526021055301877,691.0,1.0005792064871126,691.3603275212248,-0.0005213221505446674,True,put,6.63,6.66,6.645,0.03000000000000025,0.004514672686230286,601.0,882.0,0.142037388305664
2026-02-25 10:43:14,690.6,2026-03-06,9,0.02526021055301877,692.0,1.0020272227048943,691.3603275212248,0.0009248096994549963,False,put,6.93,6.95,6.9399999999999995,0.020000000000000462,0.002881844380403525,497.0,1117.0,0.1368494519042969
2026-02-25 10:43:14,690.6,2026-03-06,9,0.02526021055301877,693.0,1.003475238922676,691.3603275212248,0.0023688532716885464,False,put,7.36,7.39,7.375,0.02999999999999936,0.004067796610169405,95.0,1086.0,0.1343775527954102
2026-02-25 10:43:14,690.6,2026-03-06,9,0.02526021055301877,694.0,1.0049232551404574,691.3603275212248,0.003810814588589921,False,put,7.81,7.95,7.88,0.14000000000000057,0.017766497461929008,62.0,586.0,0.1339808282470703
2026-02-25 10:43:14,690.6,2026-03-06,9,0.02526021055301877,695.0,1.0063712713582391,691.3603275212248,0.005250699646577436,False,put,8.13,8.33,8.23,0.1999999999999993,0.024301336573511457,63.0,20748.0,0.1288844436645507
2026-02-25 10:43:14,690.6,2026-03-06,9,0.02526021055301877,696.0,1.0078192875760208,691.3603275212248,0.006688514416205055,False,put,8.71,8.88,8.795000000000002,0.16999999999999993,0.01932916429789652,54.0,734.0,0.12696185546875
2026-02-25 10:43:14,690.6,2026-03-06,9,0.02526021055301877,697.0,1.0092673037938025,691.3603275212248,0.008124264842309178,False,put,9.18,9.44,9.309999999999999,0.2599999999999998,0.027926960257787306,15.0,554.0,0.1245509909057617
2026-02-25 10:43:14,690.6,2026-03-06,9,0.02526021055301877,699.0,1.0121633362293658,691.3603275212248,0.010989596315595759,False,put,10.29,10.53,10.41,0.2400000000000002,0.023054755043227685,54.0,304.0,0.1164639135742187
2026-02-25 10:43:14,690.6,2026-03-06,9,0.02526021055301877,700.0,1.0136113524471473,691.3603275212248,0.01241918912519006,False,put,10.96,11.13,11.045000000000002,0.16999999999999993,0.015391579900407416,96.0,1010.0,0.1122830471801757
2026-02-25 10:43:14,690.6,2026-03-06,9,0.02526021055301877,704.0,1.019403417318274,691.3603275212248,0.018117210239827767,False,put,13.83,14.01,13.92,0.17999999999999972,0.0129310344827586,150.0,211.0,0.0976652734375
2026-02-25 10:43:14,690.6,2026-03-06,9,0.02526021055301877,706.0,1.0222994497538371,691.3603275212248,0.020954091575027433,False,put,15.46,15.68,15.57,0.21999999999999886,0.014129736673089201,46.0,146.0,0.0899749206542968
2026-02-25 10:43:14,690.6,2026-03-13,16,0.044324137493658045,650.0,0.9412105415580654,691.9749600764324,-0.062577407212652,False,call,43.42,43.82,43.620000000000005,0.3999999999999986,0.009170105456212713,144.0,3670.0,0.2750316638183593
2026-02-25 10:43:14,690.6,2026-03-13,16,0.044324137493658045,665.0,0.96293078482479,691.9749600764324,-0.039762729446480696,False,call,29.78,30.09,29.935000000000002,0.3099999999999987,0.010355770836813051,24.0,1926.0,0.2329178271484375
2026-02-25 10:43:14,690.6,2026-03-13,16,0.044324137493658045,682.0,0.9875470605270779,691.9749600764324,-0.014520112258872673,False,call,15.58,15.86,15.719999999999999,0.27999999999999936,0.01781170483460556,14.0,1103.0,0.1862263995361328
2026-02-25 10:43:14,690.6,2026-03-13,16,0.044324137493658045,683.0,0.9889950767448595,691.9749600764324,-0.013054910531544712,False,call,14.91,15.11,15.01,0.1999999999999993,0.013324450366422338,16.0,994.0,0.1837239831542968
2026-02-25 10:43:14,690.6,2026-03-13,16,0.044324137493658045,684.0,0.9904430929626411,691.9749600764324,-0.011591852479784316,False,call,14.17,14.38,14.275,0.21000000000000085,0.014711033274956277,16.0,1109.0,0.181374153137207
2026-02-25 10:43:14,690.6,2026-03-13,16,0.044324137493658045,685.0,0.9918911091804228,691.9749600764324,-0.010130931840109492,False,call,13.46,13.59,13.525,0.129999999999999,0.009611829944547061,38.0,3227.0,0.1778036322021484
2026-02-25 10:43:14,690.6,2026-03-13,16,0.044324137493658045,687.0,0.994787141615986,691.9749600764324,-0.007215477879985447,False,call,12.01,12.17,12.09,0.16000000000000014,0.013234077750206795,22.0,1334.0,0.1727682821655273
2026-02-25 10:43:14,690.6,2026-03-13,16,0.044324137493658045,688.0,0.9962351578337677,691.9749600764324,-0.005760932168991128,False,call,11.3,11.53,11.415,0.22999999999999865,0.02014892685063501,107.0,883.0,0.1710898321533203
2026-02-25 10:43:14,690.6,2026-03-13,16,0.044324137493658045,689.0,0.9976831740515494,691.9749600764324,-0.004308499088676222,False,call,10.62,10.77,10.695,0.15000000000000036,0.014025245441795264,126.0,1127.0,0.1671531039428711
2026-02-25 10:43:14,690.6,2026-03-13,16,0.044324137493658045,690.0,0.999131190269331,691.9749600764324,-0.0028581725110297294,False,call,10.04,10.06,10.05,0.02000000000000135,0.0019900497512439154,452.0,2635.0,0.163796203918457
2026-02-25 10:43:14,690.6,2026-03-13,16,0.044324137493658045,691.0,1.0005792064871126,691.9749600764324,-0.0014099463346649017,False,call,9.37,9.39,9.379999999999999,0.02000000000000135,0.0021321961620470523,124.0,1113.0,0.160866545715332
2026-02-25 10:43:14,690.6,2026-03-13,16,0.044324137493658045,692.0,1.0020272227048943,691.9749600764324,3.6185515334764465e-05,True,call,8.74,8.77,8.754999999999999,0.02999999999999936,0.003426613363792046,56.0,1299.0,0.158486198425293
2026-02-25 10:43:14,690.6,2026-03-13,16,0.044324137493658045,693.0,1.003475238922676,691.9749600764324,0.0014802290875684278,True,call,8.1,8.13,8.115,0.030000000000001137,0.0036968576709798073,30.0,2406.0,0.1554955056762695
2026-02-25 10:43:14,690.6,2026-03-13,16,0.044324137493658045,694.0,1.0049232551404574,691.9749600764324,0.0029221904044696946,True,call,7.51,7.53,7.52,0.020000000000000462,0.002659574468085168,99.0,3036.0,0.1528405029296875
2026-02-25 10:43:14,690.6,2026-03-13,16,0.044324137493658045,695.0,1.0063712713582391,691.9749600764324,0.0043620754624573215,True,call,6.9,6.92,6.91,0.019999999999999574,0.00289435600578865,289.0,4654.0,0.1497277410888672
2026-02-25 10:43:14,690.6,2026-03-13,16,0.044324137493658045,696.0,1.0078192875760208,691.9749600764324,0.005799890232084834,True,call,6.33,6.35,6.34,0.019999999999999574,0.0031545741324920462,253.0,2495.0,0.146920151977539
2026-02-25 10:43:14,690.6,2026-03-13,16,0.044324137493658045,697.0,1.0092673037938025,691.9749600764324,0.007235640658189068,True,call,5.78,5.8,5.79,0.019999999999999574,0.0034542314335059715,190.0,6646.0,0.1441125628662109
2026-02-25 10:43:14,690.6,2026-03-13,16,0.044324137493658045,698.0,1.0107153200115842,691.9749600764324,0.008669332660037655,True,call,5.22,5.24,5.23,0.020000000000000462,0.0038240917782027648,361.0,7699.0,0.1407251455688477
2026-02-25 10:43:14,690.6,2026-03-13,16,0.044324137493658045,699.0,1.0121633362293658,691.9749600764324,0.010100972131475436,True,call,4.73,4.76,4.745,0.02999999999999936,0.006322444678608927,68.0,1077.0,0.1383447982788085
2026-02-25 10:43:14,690.6,2026-03-13,16,0.044324137493658045,700.0,1.0136113524471473,691.9749600764324,0.011530564941069849,True,call,4.31,4.33,4.32,0.020000000000000462,0.004629629629629736,572.0,4310.0,0.1364832446289062
2026-02-25 10:43:14,690.6,2026-03-13,16,0.044324137493658045,701.0,1.015059368664929,691.9749600764324,0.012958116932255263,True,call,3.79,3.82,3.8049999999999997,0.029999999999999805,0.00788436268068326,218.0,1539.0,0.1326685855102539
2026-02-25 10:43:14,690.6,2026-03-13,16,0.044324137493658045,702.0,1.0165073848827106,691.9749600764324,0.01438363392347629,True,call,3.36,3.39,3.375,0.03000000000000025,0.008888888888888962,857.0,4431.0,0.129891513671875
2026-02-25 10:43:14,690.6,2026-03-13,16,0.044324137493658045,703.0,1.0179554011004923,691.9749600764324,0.015807121708330072,True,call,3.01,3.03,3.0199999999999996,0.020000000000000018,0.006622516556291398,478.0,4145.0,0.1279994427490234
2026-02-25 10:43:14,690.6,2026-03-13,16,0.044324137493658045,704.0,1.019403417318274,691.9749600764324,0.017228586055707564,True,call,2.59,2.61,2.5999999999999996,0.020000000000000018,0.0076923076923077005,218.0,2566.0,0.1243068527221679
2026-02-25 10:43:14,690.6,2026-03-13,16,0.044324137493658045,705.0,1.0208514335360557,691.9749600764324,0.018648032709933815,True,call,2.28,2.3,2.29,0.020000000000000018,0.00873362445414848,426.0,5153.0,0.1224147817993164
2026-02-25 10:43:14,690.6,2026-03-13,16,0.044324137493658045,706.0,1.0222994497538371,691.9749600764324,0.020065467390907237,True,call,1.96,1.98,1.97,0.020000000000000018,0.0101522842639594,192.0,1934.0,0.1197292617797851
2026-02-25 10:43:14,690.6,2026-03-13,16,0.044324137493658045,707.0,1.0237474659716188,691.9749600764324,0.02148089579423791,True,call,1.69,1.71,1.7,0.020000000000000018,0.011764705882352951,284.0,1601.0,0.117623569946289
2026-02-25 10:43:14,690.6,2026-03-13,16,0.044324137493658045,708.0,1.0251954821894005,691.9749600764324,0.022894323591384914,True,call,1.44,1.45,1.4449999999999998,0.010000000000000009,0.006920415224913502,612.0,2342.0,0.1151211535644531
2026-02-25 10:43:14,690.6,2026-03-13,16,0.044324137493658045,709.0,1.0266434984071822,691.9749600764324,0.02430575642979265,True,call,1.21,1.23,1.22,0.020000000000000018,0.016393442622950834,374.0,1233.0,0.1130459790039062
2026-02-25 10:43:14,690.6,2026-03-13,16,0.044324137493658045,710.0,1.0280915146249638,691.9749600764324,0.025715199933026255,True,call,1.03,1.04,1.0350000000000001,0.010000000000000009,0.009661835748792277,520.0,2217.0,0.1112149426269531
2026-02-25 10:43:14,690.6,2026-03-13,16,0.044324137493658045,711.0,1.0295395308427453,691.9749600764324,0.02712265970090602,True,call,0.88,0.89,0.885,0.010000000000000009,0.011299435028248598,12.0,1819.0,0.1100552862548828
2026-02-25 10:43:14,690.6,2026-03-13,16,0.044324137493658045,712.0,1.030987547060527,691.9749600764324,0.02852814130964091,True,call,0.71,0.73,0.72,0.020000000000000018,0.027777777777777804,65.0,949.0,0.107858042602539
2026-02-25 10:43:14,690.6,2026-03-13,16,0.044324137493658045,713.0,1.0324355632783087,691.9749600764324,0.029931650311961076,True,call,0.59,0.61,0.6,0.020000000000000018,0.03333333333333337,362.0,1132.0,0.1065152825927734
2026-02-25 10:43:14,690.6,2026-03-13,16,0.044324137493658045,714.0,1.0338835794960903,691.9749600764324,0.03133319223724952,True,call,0.5,0.51,0.505,0.010000000000000009,0.01980198019801982,43.0,1192.0,0.1053556262207031
2026-02-25 10:43:14,690.6,2026-03-13,16,0.044324137493658045,715.0,1.035331595713872,691.9749600764324,0.03273277259167279,True,call,0.4,0.41,0.405,0.009999999999999953,0.024691358024691242,60.0,4415.0,0.1035856243896484
2026-02-25 10:43:14,690.6,2026-03-13,16,0.044324137493658045,717.0,1.0382276281494351,691.9749600764324,0.03552607049728549,True,call,0.27,0.28,0.275,0.010000000000000009,0.03636363636363639,25.0,1494.0,0.1018156225585937
2026-02-25 10:43:14,690.6,2026-03-13,16,0.044324137493658045,718.0,1.0396756443672168,691.9749600764324,0.03691979894588931,True,call,0.22,0.23,0.225,0.010000000000000009,0.04444444444444448,49.0,1303.0,0.1010832080078125
2026-02-25 10:43:14,690.6,2026-03-13,16,0.044324137493658045,719.0,1.0411236605849985,691.9749600764324,0.03831158761871181,True,call,0.19,0.2,0.195,0.010000000000000009,0.05128205128205133,372.0,1391.0,0.1014494152832031
2026-02-25 10:43:14,690.6,2026-03-13,16,0.044324137493658045,722.0,1.0454677092383435,691.9749600764324,0.042475368790491345,True,call,0.11,0.12,0.11499999999999999,0.009999999999999995,0.0869565217391304,10.0,1150.0,0.1013273461914062
2026-02-25 10:43:14,690.6,2026-03-13,16,0.044324137493658045,540.0,0.7819287576020851,691.9749600764324,-0.24798063054401473,True,put,0.1,0.11,0.10500000000000001,0.009999999999999995,0.09523809523809518,62.0,493.0,0.45117736328125
2026-02-25 10:43:14,690.6,2026-03-13,16,0.044324137493658045,550.0,0.7964089197799015,691.9749600764324,-0.22963149187581824,True,put,0.12,0.13,0.125,0.010000000000000009,0.08000000000000007,415.0,485.0,0.4292049267578125
2026-02-25 10:43:14,690.6,2026-03-13,16,0.044324137493658045,565.0,0.8181291630466261,691.9749600764324,-0.2027240389558938,True,put,0.15,0.16,0.155,0.010000000000000009,0.06451612903225812,17.0,727.0,0.393560751953125
2026-02-25 10:43:14,690.6,2026-03-13,16,0.044324137493658045,570.0,0.8253692441355343,691.9749600764324,-0.19391340927373893,True,put,0.17,0.18,0.175,0.009999999999999981,0.05714285714285704,12.0,988.0,0.383795224609375
2026-02-25 10:43:14,690.6,2026-03-13,16,0.044324137493658045,575.0,0.8326093252244425,691.9749600764324,-0.18517972930498436,True,put,0.19,0.2,0.195,0.010000000000000009,0.05128205128205133,117.0,1428.0,0.37305314453125
2026-02-25 10:43:14,690.6,2026-03-13,16,0.044324137493658045,590.0,0.854329568491167,691.9749600764324,-0.1594272332025697,True,put,0.26,0.27,0.265,0.010000000000000009,0.03773584905660381,20.0,908.0,0.340826904296875
2026-02-25 10:43:14,690.6,2026-03-13,16,0.044324137493658045,605.0,0.8760498117578916,691.9749600764324,-0.1343213120714933,True,put,0.38,0.39,0.385,0.010000000000000009,0.025974025974025997,26.0,945.0,0.3103096313476562
2026-02-25 10:43:14,690.6,2026-03-13,16,0.044324137493658045,610.0,0.8832898928467998,691.9749600764324,-0.12609081293497784,True,put,0.43,0.44,0.435,0.010000000000000009,0.022988505747126457,23.0,1474.0,0.2995675512695312
2026-02-25 10:43:14,690.6,2026-03-13,16,0.044324137493658045,611.0,0.8847379090645815,691.9749600764324,-0.12445281093073947,True,put,0.44,0.45,0.445,0.010000000000000009,0.02247191011235957,56.0,266.0,0.2973703076171874
2026-02-25 10:43:14,690.6,2026-03-13,16,0.044324137493658045,614.0,0.8890819577179264,691.9749600764324,-0.11955484195519234,True,put,0.48,0.49,0.485,0.010000000000000009,0.020618556701030948,59.0,670.0,0.2915109912109374
2026-02-25 10:43:14,690.6,2026-03-13,16,0.044324137493658045,616.0,0.8919779901534897,691.9749600764324,-0.11630280656881503,True,put,0.51,0.52,0.515,0.010000000000000009,0.019417475728155355,231.0,476.0,0.2878489184570311
2026-02-25 10:43:14,690.6,2026-03-13,16,0.044324137493658045,618.0,0.894874022589053,691.9749600764324,-0.11306131264464404,True,put,0.53,0.54,0.535,0.010000000000000009,0.018691588785046745,19.0,538.0,0.2828440856933593
2026-02-25 10:43:14,690.6,2026-03-13,16,0.044324137493658045,619.0,0.8963220388068346,691.9749600764324,-0.11144449741773871,True,put,0.55,0.56,0.555,0.010000000000000009,0.018018018018018032,503.0,408.0,0.2812571874999999
2026-02-25 10:43:14,690.6,2026-03-13,16,0.044324137493658045,620.0,0.8977700550246163,691.9749600764324,-0.10983029206319758,True,put,0.57,0.58,0.575,0.010000000000000009,0.017391304347826105,425.0,6287.0,0.2795482202148437
2026-02-25 10:43:14,690.6,2026-03-13,16,0.044324137493658045,621.0,0.8992180712423978,691.9749600764324,-0.10821868816885606,True,put,0.58,0.59,0.585,0.010000000000000009,0.01709401709401711,125.0,980.0,0.2769847692871093
2026-02-25 10:43:14,690.6,2026-03-13,16,0.044324137493658045,622.0,0.9006660874601795,691.9749600764324,-0.10660967736315538,True,put,0.61,0.62,0.615,0.010000000000000009,0.016260162601626032,149.0,368.0,0.2760082165527343
2026-02-25 10:43:14,690.6,2026-03-13,16,0.044324137493658045,623.0,0.9021141036779612,691.9749600764324,-0.10500325131488168,True,put,0.64,0.65,0.645,0.010000000000000009,0.015503875968992262,31.0,333.0,0.2749095947265625
2026-02-25 10:43:14,690.6,2026-03-13,16,0.044324137493658045,625.0,0.9050101361135244,691.9749600764324,-0.10179812036593333,True,put,0.68,0.69,0.685,0.009999999999999898,0.014598540145985252,639.0,5298.0,0.2710033837890625
2026-02-25 10:43:14,690.6,2026-03-13,16,0.044324137493658045,626.0,0.9064581523313061,691.9749600764324,-0.10019939900223632,True,put,0.7,0.71,0.705,0.010000000000000009,0.014184397163120581,69.0,154.0,0.2690502783203125
2026-02-25 10:43:14,690.6,2026-03-13,16,0.044324137493658045,627.0,0.9079061685490877,691.9749600764324,-0.09860322946941415,True,put,0.72,0.73,0.725,0.010000000000000009,0.013793103448275874,108.0,197.0,0.2668530346679688
2026-02-25 10:43:14,690.6,2026-03-13,16,0.044324137493658045,630.0,0.9122502172024326,691.9749600764324,-0.09382995071675648,True,put,0.78,0.79,0.785,0.010000000000000009,0.012738853503184724,71.0,3318.0,0.2602613037109375
2026-02-25 10:43:14,690.6,2026-03-13,16,0.044324137493658045,632.0,0.915146249637996,691.9749600764324,-0.09066037595547743,True,put,0.85,0.86,0.855,0.010000000000000009,0.01169590643274855,11.0,573.0,0.2575757836914062
2026-02-25 10:43:14,690.6,2026-03-13,16,0.044324137493658045,635.0,0.9194902982913409,691.9749600764324,-0.08592477120964322,True,put,0.94,0.95,0.945,0.010000000000000009,0.010582010582010592,119.0,2291.0,0.2518385363769531
2026-02-25 10:43:14,690.6,2026-03-13,16,0.044324137493658045,636.0,0.9209383145091224,691.9749600764324,-0.08435120676221272,True,put,0.97,0.98,0.975,0.010000000000000009,0.010256410256410265,23.0,552.0,0.2497633618164062
2026-02-25 10:43:14,690.6,2026-03-13,16,0.044324137493658045,638.0,0.9238343469446858,691.9749600764324,-0.081211486757545,True,put,1.03,1.05,1.04,0.020000000000000018,0.019230769230769246,29.0,235.0,0.2461012890625
2026-02-25 10:43:14,690.6,2026-03-13,16,0.044324137493658045,639.0,0.9252823631624674,691.9749600764324,-0.07964531572479995,True,put,1.07,1.09,1.08,0.020000000000000018,0.018518518518518535,10.0,201.0,0.2443923217773437
2026-02-25 10:43:14,690.6,2026-03-13,16,0.044324137493658045,640.0,0.926730379380249,691.9749600764324,-0.07808159374861721,True,put,1.11,1.12,1.1150000000000002,0.010000000000000009,0.008968609865470859,75.0,9828.0,0.2420730090332031
2026-02-25 10:43:14,690.6,2026-03-13,16,0.044324137493658045,641.0,0.9281783955980306,691.9749600764324,-0.07652031318166472,True,put,1.14,1.15,1.145,0.010000000000000009,0.00873362445414848,14.0,456.0,0.2397536962890624
2026-02-25 10:43:14,690.6,2026-03-13,16,0.044324137493658045,642.0,0.9296264118158123,691.9749600764324,-0.0749614664123736,True,put,1.2,1.21,1.205,0.010000000000000009,0.008298755186721999,11.0,518.0,0.2387771435546875
2026-02-25 10:43:14,690.6,2026-03-13,16,0.044324137493658045,644.0,0.9325224442513755,691.9749600764324,-0.07185104399798116,True,put,1.3,1.32,1.31,0.020000000000000018,0.015267175572519097,511.0,958.0,0.2359695544433593
2026-02-25 10:43:14,690.6,2026-03-13,16,0.044324137493658045,645.0,0.9339704604691572,691.9749600764324,-0.07029945330656229,True,put,1.35,1.37,1.36,0.020000000000000018,0.014705882352941188,386.0,1828.0,0.2341385180664062
2026-02-25 10:43:14,690.6,2026-03-13,16,0.044324137493658045,647.0,0.9368664929047205,691.9749600764324,-0.06720347560143422,True,put,1.44,1.45,1.4449999999999998,0.010000000000000009,0.006920415224913502,24.0,226.0,0.229499892578125
2026-02-25 10:43:14,690.6,2026-03-13,16,0.044324137493658045,648.0,0.9383145091225021,691.9749600764324,-0.0656590737500601,True,put,1.49,1.51,1.5,0.020000000000000018,0.013333333333333345,10.0,325.0,0.2278519598388672
2026-02-25 10:43:14,690.6,2026-03-13,16,0.044324137493658045,649.0,0.9397625253402838,691.9749600764324,-0.06411705339824479,True,put,1.54,1.56,1.55,0.020000000000000018,0.012903225806451623,502.0,674.0,0.2257157507324218
2026-02-25 10:43:14,690.6,2026-03-13,16,0.044324137493658045,650.0,0.9412105415580654,691.9749600764324,-0.062577407212652,True,put,1.63,1.64,1.6349999999999998,0.010000000000000009,0.0061162079510703425,503.0,11696.0,0.2246781634521484
2026-02-25 10:43:14,690.6,2026-03-13,16,0.044324137493658045,653.0,0.9455545902114103,691.9749600764324,-0.05797264082590374,True,put,1.82,1.84,1.83,0.020000000000000018,0.010928961748633888,30.0,340.0,0.2192460888671875
2026-02-25 10:43:14,690.6,2026-03-13,16,0.044324137493658045,655.0,0.9484506226469737,691.9749600764324,-0.05491453446708289,True,put,1.98,1.99,1.9849999999999999,0.010000000000000009,0.0050377833753148665,179.0,2463.0,0.2157060852050781
2026-02-25 10:43:14,690.6,2026-03-13,16,0.044324137493658045,656.0,0.9498986388647552,691.9749600764324,-0.053388981158245766,True,put,2.06,2.08,2.0700000000000003,0.020000000000000018,0.009661835748792277,82.0,1463.0,0.2142412561035156
2026-02-25 10:43:14,690.6,2026-03-13,16,0.044324137493658045,657.0,0.9513466550825369,691.9749600764324,-0.0518657516177243,True,put,2.13,2.15,2.1399999999999997,0.020000000000000018,0.009345794392523374,30.0,980.0,0.2119829779052734
2026-02-25 10:43:14,690.6,2026-03-13,16,0.044324137493658045,658.0,0.9527946713003186,691.9749600764324,-0.05034483877701761,True,put,2.2,2.21,2.205,0.009999999999999787,0.004535147392290152,10.0,865.0,0.2093584924316406
2026-02-25 10:43:14,690.6,2026-03-13,16,0.044324137493658045,659.0,0.9542426875181002,691.9749600764324,-0.0488262355998276,True,put,2.31,2.33,2.3200000000000003,0.020000000000000018,0.00862068965517242,45.0,558.0,0.208442974243164
2026-02-25 10:43:14,690.6,2026-03-13,16,0.044324137493658045,660.0,0.9556907037358818,691.9749600764324,-0.04730993508186359,True,put,2.39,2.41,2.4000000000000004,0.020000000000000018,0.00833333333333334,161.0,4372.0,0.2061846960449218
2026-02-25 10:43:14,690.6,2026-03-13,16,0.044324137493658045,661.0,0.9571387199536634,691.9749600764324,-0.045795930250648535,True,put,2.48,2.5,2.49,0.020000000000000018,0.008032128514056231,33.0,444.0,0.2041705560302734
2026-02-25 10:43:14,690.6,2026-03-13,16,0.044324137493658045,663.0,0.9600347523892268,691.9749600764324,-0.04277477991647232,True,put,2.72,2.74,2.7300000000000004,0.020000000000000018,0.007326007326007331,85.0,726.0,0.2013019323730468
2026-02-25 10:43:14,690.6,2026-03-13,16,0.044324137493658045,664.0,0.9614827686070083,691.9749600764324,-0.04126762062590098,True,put,2.77,2.79,2.7800000000000002,0.020000000000000018,0.007194244604316552,37.0,721.0,0.1978229632568359
2026-02-25 10:43:14,690.6,2026-03-13,16,0.044324137493658045,665.0,0.96293078482479,691.9749600764324,-0.039762729446480696,True,put,2.91,2.93,2.92,0.020000000000000018,0.006849315068493157,1011.0,1733.0,0.1965717550659179
2026-02-25 10:43:14,690.6,2026-03-13,16,0.044324137493658045,668.0,0.9672748334781349,691.9749600764324,-0.03526159656568912,True,put,3.27,3.29,3.2800000000000002,0.020000000000000018,0.006097560975609761,48.0,489.0,0.190437783203125
2026-02-25 10:43:14,690.6,2026-03-13,16,0.044324137493658045,669.0,0.9687228496959166,691.9749600764324,-0.0337657099741064,True,put,3.45,3.47,3.46,0.020000000000000018,0.0057803468208092535,15.0,1763.0,0.1895222650146484
2026-02-25 10:43:14,690.6,2026-03-13,16,0.044324137493658045,670.0,0.9701708659136982,691.9749600764324,-0.032272057717323104,True,put,3.55,3.57,3.5599999999999996,0.020000000000000018,0.0056179775280898936,567.0,8043.0,0.1865926068115234
2026-02-25 10:43:14,690.6,2026-03-13,16,0.044324137493658045,671.0,0.9716188821314798,691.9749600764324,-0.03078063313065306,True,put,3.71,3.73,3.7199999999999998,0.020000000000000018,0.00537634408602151,42.0,540.0,0.1848836395263671
2026-02-25 10:43:14,690.6,2026-03-13,16,0.044324137493658045,672.0,0.9730668983492615,691.9749600764324,-0.02929142957918531,True,put,3.88,3.9,3.8899999999999997,0.020000000000000018,0.005141388174807203,77.0,858.0,0.1832051895141601
2026-02-25 10:43:14,690.6,2026-03-13,16,0.044324137493658045,673.0,0.9745149145670431,691.9749600764324,-0.027804440457607056,True,put,4.01,4.03,4.02,0.020000000000000462,0.004975124378109568,31.0,415.0,0.1805196694946289
2026-02-25 10:43:14,690.6,2026-03-13,16,0.044324137493658045,674.0,0.9759629307848248,691.9749600764324,-0.02631965919002783,True,put,4.17,4.2,4.1850000000000005,0.03000000000000025,0.007168458781362066,40.0,601.0,0.1785360467529297
2026-02-25 10:43:14,690.6,2026-03-13,16,0.044324137493658045,675.0,0.9774109470026064,691.9749600764324,-0.02483707922980504,True,put,4.39,4.41,4.4,0.020000000000000462,0.00454545454545465,284.0,2442.0,0.177193286743164
2026-02-25 10:43:14,690.6,2026-03-13,16,0.044324137493658045,676.0,0.978858963220388,691.9749600764324,-0.023356694059370776,True,put,4.54,4.57,4.555,0.03000000000000025,0.006586169045005544,120.0,525.0,0.1746603530883789
2026-02-25 10:43:14,690.6,2026-03-13,16,0.044324137493658045,677.0,0.9803069794381697,691.9749600764324,-0.021878497190059878,True,put,4.72,4.74,4.73,0.020000000000000462,0.004228329809725256,137.0,2438.0,0.1721274194335937
2026-02-25 10:43:14,690.6,2026-03-13,16,0.044324137493658045,678.0,0.9817549956559514,691.9749600764324,-0.02040248216193919,True,put,4.9,4.93,4.915,0.02999999999999936,0.006103763987792342,36.0,6497.0,0.1698691412353515
2026-02-25 10:43:14,690.6,2026-03-13,16,0.044324137493658045,679.0,0.9832030118737329,691.9749600764324,-0.018928642543638637,True,put,5.11,5.13,5.12,0.019999999999999574,0.0039062499999999167,17.0,6428.0,0.1675803457641602
2026-02-25 10:43:14,690.6,2026-03-13,16,0.044324137493658045,680.0,0.9846510280915146,691.9749600764324,-0.01745697193218238,True,put,5.35,5.37,5.359999999999999,0.020000000000000462,0.0037313432835821762,1567.0,2794.0,0.1658408612060547
2026-02-25 10:43:14,690.6,2026-03-13,16,0.044324137493658045,681.0,0.9860990443092962,691.9749600764324,-0.0159874639528224,True,put,5.5,5.52,5.51,0.019999999999999574,0.003629764065335676,25.0,501.0,0.1622398229980468
2026-02-25 10:43:14,690.6,2026-03-13,16,0.044324137493658045,682.0,0.9875470605270779,691.9749600764324,-0.014520112258872673,True,put,5.77,5.79,5.779999999999999,0.020000000000000462,0.0034602076124568277,71.0,851.0,0.1606529248046875
2026-02-25 10:43:14,690.6,2026-03-13,16,0.044324137493658045,683.0,0.9889950767448595,691.9749600764324,-0.013054910531544712,True,put,6.07,6.09,6.08,0.019999999999999574,0.0032894736842104563,124.0,1343.0,0.1593711993408203
2026-02-25 10:43:14,690.6,2026-03-13,16,0.044324137493658045,684.0,0.9904430929626411,691.9749600764324,-0.011591852479784316,True,put,6.28,6.3,6.29,0.019999999999999574,0.0031796502384737,95.0,4389.0,0.1562279202270508
2026-02-25 10:43:14,690.6,2026-03-13,16,0.044324137493658045,685.0,0.9918911091804228,691.9749600764324,-0.010130931840109492,True,put,6.54,6.56,6.55,0.019999999999999574,0.0030534351145037517,326.0,6032.0,0.153756021118164
2026-02-25 10:43:14,690.6,2026-03-13,16,0.044324137493658045,686.0,0.9933391253982045,691.9749600764324,-0.00867214237644956,True,put,6.85,6.88,6.865,0.03000000000000025,0.004369992716678842,143.0,1283.0,0.152077571105957
2026-02-25 10:43:14,690.6,2026-03-13,16,0.044324137493658045,687.0,0.994787141615986,691.9749600764324,-0.007215477879985447,True,put,7.17,7.18,7.175,0.009999999999999787,0.001393728222996486,38.0,818.0,0.1497887756347656
2026-02-25 10:43:14,690.6,2026-03-13,16,0.044324137493658045,688.0,0.9962351578337677,691.9749600764324,-0.005760932168991128,True,put,7.4,7.43,7.415,0.02999999999999936,0.004045853000674222,240.0,812.0,0.1464013583374023
2026-02-25 10:43:14,690.6,2026-03-13,16,0.044324137493658045,689.0,0.9976831740515494,691.9749600764324,-0.004308499088676222,True,put,7.79,7.81,7.8,0.019999999999999574,0.0025641025641025095,56.0,370.0,0.1449060119628906
2026-02-25 10:43:14,690.6,2026-03-13,16,0.044324137493658045,690.0,0.999131190269331,691.9749600764324,-0.0028581725110297294,True,put,8.12,8.15,8.135,0.030000000000001137,0.0036877688998157515,635.0,2777.0,0.1424646301269531
2026-02-25 10:43:14,690.6,2026-03-13,16,0.044324137493658045,691.0,1.0005792064871126,691.9749600764324,-0.0014099463346649017,True,put,8.4,8.43,8.415,0.02999999999999936,0.0035650623885917247,661.0,275.0,0.1387110055541992
2026-02-25 10:43:14,690.6,2026-03-13,16,0.044324137493658045,692.0,1.0020272227048943,691.9749600764324,3.6185515334764465e-05,False,put,8.76,8.8,8.780000000000001,0.040000000000000924,0.004555808656036551,101.0,353.0,0.1361475546264648
2026-02-25 10:43:14,690.6,2026-03-13,16,0.044324137493658045,694.0,1.0049232551404574,691.9749600764324,0.0029221904044696946,False,put,9.6,9.64,9.620000000000001,0.040000000000000924,0.004158004158004254,38.0,343.0,0.1316615155029297
2026-02-25 10:43:14,690.6,2026-03-13,16,0.044324137493658045,695.0,1.0063712713582391,691.9749600764324,0.0043620754624573215,False,put,10.0,10.15,10.075,0.15000000000000036,0.014888337468982667,315.0,1245.0,0.1304103073120117
2026-02-25 10:43:14,690.6,2026-03-13,16,0.044324137493658045,697.0,1.0092673037938025,691.9749600764324,0.007235640658189068,False,put,10.85,11.09,10.969999999999999,0.2400000000000002,0.02187784867821333,11.0,404.0,0.1253139227294922
2026-02-25 10:43:14,690.6,2026-03-13,16,0.044324137493658045,698.0,1.0107153200115842,691.9749600764324,0.008669332660037655,False,put,11.34,11.58,11.46,0.2400000000000002,0.02094240837696337,37.0,190.0,0.1224758163452148
2026-02-25 10:43:14,690.6,2026-03-13,16,0.044324137493658045,700.0,1.0136113524471473,691.9749600764324,0.011530564941069849,False,put,12.31,12.53,12.42,0.21999999999999886,0.017713365539452405,14.0,560.0,0.1146023599243164
2026-02-25 10:43:14,690.6,2026-03-13,16,0.044324137493658045,705.0,1.0208514335360557,691.9749600764324,0.018648032709933815,False,put,15.4,15.68,15.54,0.27999999999999936,0.018018018018017976,40.0,125.0,0.0987638952636718
2026-02-25 10:43:14,690.6,2026-03-20,23,0.06350221968543886,650.0,0.9412105415580654,691.4209612518923,-0.06177648125123513,False,call,44.46,44.81,44.635000000000005,0.3500000000000014,0.00784138008289462,21.0,17386.0,0.2546461254882813
2026-02-25 10:43:14,690.6,2026-03-20,23,0.06350221968543886,655.0,0.9484506226469737,691.4209612518923,-0.05411360850566598,False,call,39.99,40.3,40.144999999999996,0.30999999999999517,0.0077220077220076025,54.0,3280.0,0.2440871490478515
2026-02-25 10:43:14,690.6,2026-03-20,23,0.06350221968543886,664.0,0.9614827686070083,691.4209612518923,-0.040466694664484035,False,call,31.93,32.3,32.114999999999995,0.36999999999999744,0.011521096061030594,637.0,654.0,0.2232133343505859
2026-02-25 10:43:14,690.6,2026-03-20,23,0.06350221968543886,665.0,0.96293078482479,691.4209612518923,-0.038961803485063694,False,call,31.12,31.39,31.255000000000003,0.2699999999999996,0.008638617821148602,16.0,8857.0,0.220161607055664
2026-02-25 10:43:14,690.6,2026-03-20,23,0.06350221968543886,670.0,0.9701708659136982,691.4209612518923,-0.03147113175590618,False,call,26.83,27.16,26.994999999999997,0.33000000000000185,0.012224486015928945,22.0,20996.0,0.2093890097045898
2026-02-25 10:43:14,690.6,2026-03-20,23,0.06350221968543886,675.0,0.9774109470026064,691.4209612518923,-0.024036153268388066,False,call,22.77,22.99,22.88,0.21999999999999886,0.009615384615384566,33.0,7178.0,0.19727365234375
2026-02-25 10:43:14,690.6,2026-03-20,23,0.06350221968543886,680.0,0.9846510280915146,691.4209612518923,-0.016656045970765476,False,call,18.82,19.02,18.92,0.1999999999999993,0.010570824524312858,68.0,14278.0,0.1856160540771484
2026-02-25 10:43:14,690.6,2026-03-20,23,0.06350221968543886,681.0,0.9860990443092962,691.4209612518923,-0.015186537991405555,False,call,18.04,18.26,18.15,0.22000000000000242,0.012121212121212255,14.0,1736.0,0.1834188104248046
2026-02-25 10:43:14,690.6,2026-03-20,23,0.06350221968543886,682.0,0.9875470605270779,691.4209612518923,-0.013719186297455771,False,call,17.27,17.51,17.39,0.240000000000002,0.013801035077630936,24.0,3726.0,0.1812368254089355
2026-02-25 10:43:14,690.6,2026-03-20,23,0.06350221968543886,683.0,0.9889950767448595,691.4209612518923,-0.012253984570127868,False,call,16.66,16.91,16.785,0.25,0.014894250819183795,19.0,2316.0,0.1811300149536132
2026-02-25 10:43:14,690.6,2026-03-20,23,0.06350221968543886,684.0,0.9904430929626411,691.4209612518923,-0.01079092651836742,False,call,15.8,16.0,15.9,0.1999999999999993,0.012578616352201213,95.0,4029.0,0.1763082858276367
2026-02-25 10:43:14,690.6,2026-03-20,23,0.06350221968543886,685.0,0.9918911091804228,691.4209612518923,-0.009330005878692652,False,call,15.1,15.22,15.16,0.120000000000001,0.007915567282321965,128.0,38060.0,0.1732565585327148
2026-02-25 10:43:14,690.6,2026-03-20,23,0.06350221968543886,686.0,0.9933391253982045,691.4209612518923,-0.007871216415032667,False,call,14.36,14.55,14.455,0.19000000000000128,0.013144240747146405,16.0,2797.0,0.1716696603393555
2026-02-25 10:43:14,690.6,2026-03-20,23,0.06350221968543886,687.0,0.994787141615986,691.4209612518923,-0.006414551918568501,False,call,13.66,13.92,13.79,0.2599999999999998,0.018854242204495997,88.0,3016.0,0.1704489694213867
2026-02-25 10:43:14,690.6,2026-03-20,23,0.06350221968543886,688.0,0.9962351578337677,691.4209612518923,-0.00496000620757424,False,call,12.97,13.22,13.095,0.25,0.019091256204658267,114.0,2878.0,0.1680686221313477
2026-02-25 10:43:14,690.6,2026-03-20,23,0.06350221968543886,689.0,0.9976831740515494,691.4209612518923,-0.003507573127259281,False,call,12.35,12.39,12.370000000000001,0.040000000000000924,0.003233629749393769,182.0,2009.0,0.1636741348266602
2026-02-25 10:43:14,690.6,2026-03-20,23,0.06350221968543886,690.0,0.999131190269331,691.4209612518923,-0.0020572465496128457,False,call,11.66,11.7,11.68,0.03999999999999915,0.0034246575342465023,484.0,34645.0,0.1610801666259765
2026-02-25 10:43:14,690.6,2026-03-20,23,0.06350221968543886,691.0,1.0005792064871126,691.4209612518923,-0.0006090203732479651,False,call,11.0,11.05,11.025,0.05000000000000071,0.004535147392290314,193.0,1680.0,0.1588829229736328
2026-02-25 10:43:14,690.6,2026-03-20,23,0.06350221968543886,692.0,1.0020272227048943,691.4209612518923,0.0008371114767516433,True,call,10.37,10.41,10.39,0.040000000000000924,0.003849855630413948,230.0,2510.0,0.1565941275024414
2026-02-25 10:43:14,690.6,2026-03-20,23,0.06350221968543886,693.0,1.003475238922676,691.4209612518923,0.002281155048985249,True,call,9.82,9.86,9.84,0.03999999999999915,0.004065040650406418,40.0,3477.0,0.1554039538574219
2026-02-25 10:43:14,690.6,2026-03-20,23,0.06350221968543886,694.0,1.0049232551404574,691.4209612518923,0.0037231163658866797,True,call,9.12,9.16,9.14,0.040000000000000924,0.00437636761487975,52.0,2990.0,0.1518639501953125
2026-02-25 10:43:14,690.6,2026-03-20,23,0.06350221968543886,695.0,1.0063712713582391,691.4209612518923,0.0051630014238742495,True,call,8.51,8.55,8.530000000000001,0.040000000000000924,0.004689331770222851,486.0,19911.0,0.1493615338134765
2026-02-25 10:43:14,690.6,2026-03-20,23,0.06350221968543886,696.0,1.0078192875760208,691.4209612518923,0.006600816193501704,True,call,7.93,7.97,7.949999999999999,0.040000000000000036,0.005031446540880508,16.0,3470.0,0.1470727383422851
2026-02-25 10:43:14,690.6,2026-03-20,23,0.06350221968543886,697.0,1.0092673037938025,691.4209612518923,0.008036566619606101,True,call,7.38,7.42,7.4,0.040000000000000036,0.00540540540540541,48.0,5188.0,0.1449365292358398
2026-02-25 10:43:14,690.6,2026-03-20,23,0.06350221968543886,699.0,1.0121633362293658,691.4209612518923,0.010901898092892354,True,call,6.36,6.4,6.380000000000001,0.040000000000000036,0.006269592476489033,42.0,4550.0,0.1410913528442383
2026-02-25 10:43:14,690.6,2026-03-20,23,0.06350221968543886,700.0,1.0136113524471473,691.4209612518923,0.012331490902486711,True,call,5.81,5.85,5.83,0.040000000000000036,0.006861063464837056,2730.0,42101.0,0.1381616946411132
2026-02-25 10:43:14,690.6,2026-03-20,23,0.06350221968543886,701.0,1.015059368664929,691.4209612518923,0.013759042893672286,True,call,5.36,5.4,5.380000000000001,0.040000000000000036,0.007434944237918221,105.0,3011.0,0.136452727355957
2026-02-25 10:43:14,690.6,2026-03-20,23,0.06350221968543886,702.0,1.0165073848827106,691.4209612518923,0.015184559884893256,True,call,4.87,4.9,4.885,0.03000000000000025,0.006141248720573234,18.0,3976.0,0.1336451382446289
2026-02-25 10:43:14,690.6,2026-03-20,23,0.06350221968543886,704.0,1.019403417318274,691.4209612518923,0.018029512017124417,True,call,4.03,4.06,4.045,0.02999999999999936,0.007416563658837914,14.0,3037.0,0.1295863409423828
2026-02-25 10:43:14,690.6,2026-03-20,23,0.06350221968543886,705.0,1.0208514335360557,691.4209612518923,0.019448958671350828,True,call,3.65,3.69,3.67,0.040000000000000036,0.010899182561307912,281.0,29386.0,0.1278773736572265
2026-02-25 10:43:14,690.6,2026-03-20,23,0.06350221968543886,706.0,1.0222994497538371,691.4209612518923,0.02086639335232419,True,call,3.29,3.32,3.3049999999999997,0.029999999999999805,0.009077155824508262,63.0,11004.0,0.1258021990966797
2026-02-25 10:43:14,690.6,2026-03-20,23,0.06350221968543886,707.0,1.0237474659716188,691.4209612518923,0.022281821755654813,True,call,2.96,2.98,2.9699999999999998,0.020000000000000018,0.006734006734006741,218.0,4222.0,0.1239101281738281
2026-02-25 10:43:14,690.6,2026-03-20,23,0.06350221968543886,708.0,1.0251954821894005,691.4209612518923,0.023695249552801976,True,call,2.64,2.66,2.6500000000000004,0.020000000000000018,0.00754716981132076,296.0,3172.0,0.1219875399780273
2026-02-25 10:43:14,690.6,2026-03-20,23,0.06350221968543886,709.0,1.0266434984071822,691.4209612518923,0.025106682391209653,True,call,2.38,2.41,2.395,0.03000000000000025,0.012526096033403027,58.0,2862.0,0.1210415045166015
2026-02-25 10:43:14,690.6,2026-03-20,23,0.06350221968543886,710.0,1.0280915146249638,691.4209612518923,0.0265161258944432,True,call,2.07,2.09,2.08,0.020000000000000018,0.009615384615384623,444.0,21929.0,0.1182949499511718
2026-02-25 10:43:14,690.6,2026-03-20,23,0.06350221968543886,711.0,1.0295395308427453,691.4209612518923,0.027923585662322913,True,call,1.84,1.86,1.85,0.020000000000000018,0.01081081081081082,34.0,2621.0,0.1170132244873046
2026-02-25 10:43:14,690.6,2026-03-20,23,0.06350221968543886,712.0,1.030987547060527,691.4209612518923,0.02932906727105796,True,call,1.62,1.64,1.63,0.019999999999999796,0.012269938650306624,69.0,2711.0,0.1155178781127929
2026-02-25 10:43:14,690.6,2026-03-20,23,0.06350221968543886,713.0,1.0324355632783087,691.4209612518923,0.03073257627337807,True,call,1.42,1.44,1.43,0.020000000000000018,0.013986013986014,121.0,4652.0,0.1140835662841796
2026-02-25 10:43:14,690.6,2026-03-20,23,0.06350221968543886,714.0,1.0338835794960903,691.4209612518923,0.03213411819866646,True,call,1.26,1.28,1.27,0.020000000000000018,0.015748031496063006,11.0,2012.0,0.1132901171875
2026-02-25 10:43:14,690.6,2026-03-20,23,0.06350221968543886,715.0,1.035331595713872,691.4209612518923,0.03353369855308967,True,call,1.09,1.11,1.1,0.020000000000000018,0.018181818181818195,1715.0,26473.0,0.1118252880859374
2026-02-25 10:43:14,690.6,2026-03-20,23,0.06350221968543886,716.0,1.0367796119316537,691.4209612518923,0.034931322819727786,True,call,0.95,0.96,0.955,0.010000000000000009,0.010471204188481685,55.0,2429.0,0.1104825280761718
2026-02-25 10:43:14,690.6,2026-03-20,23,0.06350221968543886,718.0,1.0396756443672168,691.4209612518923,0.03772072490730624,True,call,0.72,0.74,0.73,0.020000000000000018,0.02739726027397263,26.0,5390.0,0.1090787335205078
2026-02-25 10:43:14,690.6,2026-03-20,23,0.06350221968543886,719.0,1.0411236605849985,691.4209612518923,0.0391125135801289,True,call,0.64,0.65,0.645,0.010000000000000009,0.015503875968992262,24.0,2403.0,0.1085294226074218
2026-02-25 10:43:14,690.6,2026-03-20,23,0.06350221968543886,720.0,1.0425716768027802,691.4209612518923,0.040502367869183147,True,call,0.55,0.57,0.56,0.019999999999999907,0.035714285714285546,3363.0,31242.0,0.1080411462402343
2026-02-25 10:43:14,690.6,2026-03-20,23,0.06350221968543886,721.0,1.0440196930205619,691.4209612518923,0.04189029314403117,True,call,0.48,0.49,0.485,0.010000000000000009,0.020618556701030948,35.0,2966.0,0.1071866625976562
2026-02-25 10:43:14,690.6,2026-03-20,23,0.06350221968543886,722.0,1.0454677092383435,691.4209612518923,0.043276294751908265,True,call,0.42,0.43,0.425,0.010000000000000009,0.023529411764705903,133.0,1715.0,0.1069425244140625
2026-02-25 10:43:14,690.6,2026-03-20,23,0.06350221968543886,723.0,1.046915725456125,691.4209612518923,0.04466037801784688,True,call,0.37,0.38,0.375,0.010000000000000009,0.02666666666666669,17.0,1633.0,0.1068204553222656
2026-02-25 10:43:14,690.6,2026-03-20,23,0.06350221968543886,724.0,1.0483637416739067,691.4209612518923,0.0460425482447985,True,call,0.33,0.34,0.335,0.010000000000000009,0.02985074626865674,17.0,2693.0,0.1070645935058593
2026-02-25 10:43:14,690.6,2026-03-20,23,0.06350221968543886,725.0,1.0498117578916883,691.4209612518923,0.04742281071375685,True,call,0.28,0.3,0.29000000000000004,0.019999999999999962,0.06896551724137917,2032.0,21515.0,0.1070645935058593
2026-02-25 10:43:14,690.6,2026-03-20,23,0.06350221968543886,730.0,1.0570518389805965,691.4209612518923,0.05429569000151902,True,call,0.16,0.17,0.165,0.010000000000000009,0.060606060606060656,15232.0,33910.0,0.108407353515625
2026-02-25 10:43:14,690.6,2026-03-20,23,0.06350221968543886,490.0,0.7095279467130031,691.4209612518923,-0.3443434530362456,True,put,0.1,0.11,0.10500000000000001,0.009999999999999995,0.09523809523809518,54.0,6162.0,0.5107470800781251
2026-02-25 10:43:14,690.6,2026-03-20,23,0.06350221968543886,495.0,0.7167680278019114,691.4209612518923,-0.33419108157222754,True,put,0.11,0.12,0.11499999999999999,0.009999999999999995,0.0869565217391304,28.0,7275.0,0.5019581054687501
2026-02-25 10:43:14,690.6,2026-03-20,23,0.06350221968543886,500.0,0.7240081088908196,691.4209612518923,-0.3241407457187262,True,put,0.12,0.13,0.125,0.010000000000000009,0.08000000000000007,93.0,39481.0,0.495122236328125
2026-02-25 10:43:14,690.6,2026-03-20,23,0.06350221968543886,505.0,0.7312481899797277,691.4209612518923,-0.3141904148655581,True,put,0.13,0.14,0.135,0.010000000000000009,0.07407407407407414,1577.0,4811.0,0.485356708984375
2026-02-25 10:43:14,690.6,2026-03-20,23,0.06350221968543886,515.0,0.7457283521575442,691.4209612518923,-0.2945819434771817,True,put,0.15,0.16,0.155,0.010000000000000009,0.06451612903225812,100.0,9247.0,0.4648491015625
2026-02-25 10:43:14,690.6,2026-03-20,23,0.06350221968543886,520.0,0.7529684332464524,691.4209612518923,-0.2849200325654449,True,put,0.16,0.17,0.165,0.010000000000000009,0.060606060606060656,13.0,158421.0,0.454107021484375
2026-02-25 10:43:14,690.6,2026-03-20,23,0.06350221968543886,525.0,0.7602085143353605,691.4209612518923,-0.27535058154929415,True,put,0.18,0.19,0.185,0.010000000000000009,0.054054054054054106,14.0,7302.0,0.446294599609375
2026-02-25 10:43:14,690.6,2026-03-20,23,0.06350221968543886,530.0,0.7674485954242687,691.4209612518923,-0.26587183759475036,True,put,0.19,0.2,0.195,0.010000000000000009,0.05128205128205133,15.0,19450.0,0.43555251953125
2026-02-25 10:43:14,690.6,2026-03-20,23,0.06350221968543886,535.0,0.774688676513177,691.4209612518923,-0.2564820972449114,True,put,0.21,0.22,0.215,0.010000000000000009,0.046511627906976785,14.0,6234.0,0.426763544921875
2026-02-25 10:43:14,690.6,2026-03-20,23,0.06350221968543886,540.0,0.7819287576020851,691.4209612518923,-0.24717970458259786,True,put,0.23,0.24,0.235,0.009999999999999981,0.042553191489361625,40.0,12970.0,0.4174862939453124
2026-02-25 10:43:14,690.6,2026-03-20,23,0.06350221968543886,545.0,0.7891688386909933,691.4209612518923,-0.2379630494776738,True,put,0.25,0.26,0.255,0.010000000000000009,0.03921568627450984,33.0,10774.0,0.4077207666015625
2026-02-25 10:43:14,690.6,2026-03-20,23,0.06350221968543886,550.0,0.7964089197799015,691.4209612518923,-0.22883056591440123,True,put,0.27,0.28,0.275,0.010000000000000009,0.03636363636363639,81.0,34762.0,0.3979552392578125
2026-02-25 10:43:14,690.6,2026-03-20,23,0.06350221968543886,560.0,0.8108890819577179,691.4209612518923,-0.21081206041172298,True,put,0.32,0.33,0.325,0.010000000000000009,0.030769230769230795,38.0,20976.0,0.3784241845703124
2026-02-25 10:43:14,690.6,2026-03-20,23,0.06350221968543886,565.0,0.8181291630466261,691.4209612518923,-0.20192311299447693,True,put,0.35,0.36,0.355,0.010000000000000009,0.028169014084507067,132.0,7513.0,0.36914693359375
2026-02-25 10:43:14,690.6,2026-03-20,23,0.06350221968543886,570.0,0.8253692441355343,691.4209612518923,-0.193112483312322,True,put,0.38,0.39,0.385,0.010000000000000009,0.025974025974025997,46.0,11086.0,0.3591372680664062
2026-02-25 10:43:14,690.6,2026-03-20,23,0.06350221968543886,580.0,0.8398494063133507,691.4209612518923,-0.17572074060045287,True,put,0.46,0.47,0.46499999999999997,0.009999999999999953,0.021505376344085923,1540.0,95985.0,0.3405827661132812
2026-02-25 10:43:14,690.6,2026-03-20,23,0.06350221968543886,585.0,0.8470894874022589,691.4209612518923,-0.16713699690906136,True,put,0.5,0.51,0.505,0.010000000000000009,0.01980198019801982,75.0,18656.0,0.3305731005859375
2026-02-25 10:43:14,690.6,2026-03-20,23,0.06350221968543886,590.0,0.854329568491167,691.4209612518923,-0.1586263072411527,True,put,0.55,0.56,0.555,0.010000000000000009,0.018018018018018032,107.0,17463.0,0.3210517114257812
2026-02-25 10:43:14,690.6,2026-03-20,23,0.06350221968543886,595.0,0.8615696495800753,691.4209612518923,-0.15018743859528816,True,put,0.62,0.63,0.625,0.010000000000000009,0.016000000000000014,478.0,28481.0,0.3126289440917968
2026-02-25 10:43:14,690.6,2026-03-20,23,0.06350221968543886,600.0,0.8688097306689835,691.4209612518923,-0.14181918892477152,True,put,0.69,0.7,0.695,0.010000000000000009,0.014388489208633108,914.0,57232.0,0.3034737622070312
2026-02-25 10:43:14,690.6,2026-03-20,23,0.06350221968543886,605.0,0.8760498117578916,691.4209612518923,-0.13352038611007638,True,put,0.77,0.78,0.775,0.010000000000000009,0.012903225806451623,206.0,29235.0,0.2943185803222655
2026-02-25 10:43:14,690.6,2026-03-20,23,0.06350221968543886,610.0,0.8832898928467998,691.4209612518923,-0.12528988697356103,True,put,0.88,0.89,0.885,0.010000000000000009,0.011299435028248598,180.0,43550.0,0.2863840893554687
2026-02-25 10:43:14,690.6,2026-03-20,23,0.06350221968543886,612.0,0.8861859252823632,691.4209612518923,-0.12201656162859176,True,put,0.92,0.93,0.925,0.010000000000000009,0.01081081081081082,71.0,897.0,0.2825999475097656
2026-02-25 10:43:14,690.6,2026-03-20,23,0.06350221968543886,614.0,0.8890819577179264,691.4209612518923,-0.11875391599377538,True,put,0.97,0.98,0.975,0.010000000000000009,0.010256410256410265,472.0,1672.0,0.2793040820312499
2026-02-25 10:43:14,690.6,2026-03-20,23,0.06350221968543886,615.0,0.8905299739357081,691.4209612518923,-0.11712657633440005,True,put,0.99,1.0,0.995,0.010000000000000009,0.010050251256281416,183.0,33812.0,0.2773509765624999
2026-02-25 10:43:14,690.6,2026-03-20,23,0.06350221968543886,616.0,0.8919779901534897,691.4209612518923,-0.11550188060739808,True,put,1.02,1.03,1.025,0.010000000000000009,0.009756097560975618,54.0,731.0,0.2758861474609374
2026-02-25 10:43:14,690.6,2026-03-20,23,0.06350221968543886,620.0,0.8977700550246163,691.4209612518923,-0.10902936610178064,True,put,1.14,1.15,1.145,0.010000000000000009,0.00873362445414848,225.0,61248.0,0.2695385546875
2026-02-25 10:43:14,690.6,2026-03-20,23,0.06350221968543886,621.0,0.8992180712423978,691.4209612518923,-0.10741776220743919,True,put,1.16,1.17,1.165,0.010000000000000009,0.00858369098712447,21.0,1418.0,0.2673413110351562
2026-02-25 10:43:14,690.6,2026-03-20,23,0.06350221968543886,622.0,0.9006660874601795,691.4209612518923,-0.10580875140173845,True,put,1.2,1.21,1.205,0.010000000000000009,0.008298755186721999,331.0,2022.0,0.2659985510253906
2026-02-25 10:43:14,690.6,2026-03-20,23,0.06350221968543886,623.0,0.9021141036779612,691.4209612518923,-0.1042023253534647,True,put,1.24,1.25,1.245,0.010000000000000009,0.008032128514056231,362.0,1692.0,0.2647168255615234
2026-02-25 10:43:14,690.6,2026-03-20,23,0.06350221968543886,624.0,0.9035621198957428,691.4209612518923,-0.10259847577149024,True,put,1.26,1.28,1.27,0.020000000000000018,0.015748031496063006,76.0,1299.0,0.2628247546386719
2026-02-25 10:43:14,690.6,2026-03-20,23,0.06350221968543886,625.0,0.9050101361135244,691.4209612518923,-0.10099719440451635,True,put,1.3,1.31,1.3050000000000002,0.010000000000000009,0.007662835249042151,1242.0,36697.0,0.2609937182617187
2026-02-25 10:43:14,690.6,2026-03-20,23,0.06350221968543886,627.0,0.9079061685490877,691.4209612518923,-0.09780230350799717,True,put,1.37,1.38,1.375,0.009999999999999787,0.0072727272727271175,60.0,1201.0,0.2574537145996094
2026-02-25 10:43:14,690.6,2026-03-20,23,0.06350221968543886,629.0,0.910802200984651,691.4209612518923,-0.09461758744047735,True,put,1.46,1.47,1.4649999999999999,0.010000000000000009,0.006825938566552908,61.0,528.0,0.2546461254882813
2026-02-25 10:43:14,690.6,2026-03-20,23,0.06350221968543886,630.0,0.9122502172024326,691.4209612518923,-0.09302902475533957,True,put,1.51,1.52,1.5150000000000001,0.010000000000000009,0.006600660066006606,1616.0,37795.0,0.2533033654785156
2026-02-25 10:43:14,690.6,2026-03-20,23,0.06350221968543886,631.0,0.9136982334202143,691.4209612518923,-0.09144298159970472,True,put,1.56,1.57,1.565,0.010000000000000009,0.006389776357827482,46.0,958.0,0.25196060546875
2026-02-25 10:43:14,690.6,2026-03-20,23,0.06350221968543886,632.0,0.915146249637996,691.4209612518923,-0.08985944999406041,True,put,1.61,1.62,1.6150000000000002,0.010000000000000009,0.0061919504643962895,31.0,1233.0,0.2504957763671874
2026-02-25 10:43:14,690.6,2026-03-20,23,0.06350221968543886,633.0,0.9165942658557775,691.4209612518923,-0.08827842199674171,True,put,1.64,1.65,1.645,0.010000000000000009,0.0060790273556231055,51.0,969.0,0.2482374981689453
2026-02-25 10:43:14,690.6,2026-03-20,23,0.06350221968543886,634.0,0.9180422820735592,691.4209612518923,-0.08669988970369191,True,put,1.71,1.72,1.7149999999999999,0.010000000000000009,0.0058309037900874695,21.0,632.0,0.2473830145263671
2026-02-25 10:43:14,690.6,2026-03-20,23,0.06350221968543886,635.0,0.9194902982913409,691.4209612518923,-0.08512384524822626,True,put,1.75,1.77,1.76,0.020000000000000018,0.011363636363636374,1187.0,18867.0,0.2457350817871093
2026-02-25 10:43:14,690.6,2026-03-20,23,0.06350221968543886,636.0,0.9209383145091224,691.4209612518923,-0.08355028080079571,True,put,1.8,1.81,1.8050000000000002,0.010000000000000009,0.005540166204986154,25.0,1501.0,0.2437209417724609
2026-02-25 10:43:14,690.6,2026-03-20,23,0.06350221968543886,637.0,0.9223863307269041,691.4209612518923,-0.08197918856875457,True,put,1.86,1.88,1.87,0.019999999999999796,0.010695187165775291,108.0,1364.0,0.242622319946289
2026-02-25 10:43:14,690.6,2026-03-20,23,0.06350221968543886,638.0,0.9238343469446858,691.4209612518923,-0.08041056079612798,True,put,1.92,1.93,1.9249999999999998,0.010000000000000009,0.0051948051948052,78.0,776.0,0.2407912835693359
2026-02-25 10:43:14,690.6,2026-03-20,23,0.06350221968543886,639.0,0.9252823631624674,691.4209612518923,-0.07884438976338312,True,put,1.98,1.99,1.9849999999999999,0.010000000000000009,0.0050377833753148665,344.0,2206.0,0.2392654199218749
2026-02-25 10:43:14,690.6,2026-03-20,23,0.06350221968543886,640.0,0.926730379380249,691.4209612518923,-0.07728066778720033,True,put,2.01,2.02,2.0149999999999997,0.010000000000000231,0.004962779156327659,2461.0,53751.0,0.2367019689941406
2026-02-25 10:43:14,690.6,2026-03-20,23,0.06350221968543886,641.0,0.9281783955980306,691.4209612518923,-0.0757193872202479,True,put,2.1,2.11,2.105,0.009999999999999787,0.004750593824227927,46.0,1505.0,0.2359695544433593
2026-02-25 10:43:14,690.6,2026-03-20,23,0.06350221968543886,643.0,0.931074428033594,691.4209612518923,-0.07260411990329844,True,put,2.22,2.23,2.225,0.009999999999999787,0.004494382022471814,22.0,823.0,0.23242955078125
2026-02-25 10:43:14,690.6,2026-03-20,23,0.06350221968543886,644.0,0.9325224442513755,691.4209612518923,-0.07105011803656427,True,put,2.31,2.33,2.3200000000000003,0.020000000000000018,0.00862068965517242,56.0,1914.0,0.2316971362304687
2026-02-25 10:43:14,690.6,2026-03-20,23,0.06350221968543886,645.0,0.9339704604691572,691.4209612518923,-0.06949852734514535,True,put,2.39,2.4,2.395,0.009999999999999787,0.004175365344467552,316.0,77961.0,0.2300492034912109
2026-02-25 10:43:14,690.6,2026-03-20,23,0.06350221968543886,646.0,0.9354184766869389,691.4209612518923,-0.06794934035831605,True,put,2.43,2.45,2.4400000000000004,0.020000000000000018,0.008196721311475415,60.0,1053.0,0.2277298907470702
2026-02-25 10:43:14,690.6,2026-03-20,23,0.06350221968543886,647.0,0.9368664929047205,691.4209612518923,-0.0664025496400173,True,put,2.54,2.56,2.55,0.020000000000000018,0.007843137254901968,86.0,5846.0,0.2270585107421874
2026-02-25 10:43:14,690.6,2026-03-20,23,0.06350221968543886,648.0,0.9383145091225021,691.4209612518923,-0.06485814778864323,True,put,2.62,2.63,2.625,0.009999999999999787,0.0038095238095237284,158.0,4997.0,0.2251664398193359
2026-02-25 10:43:14,690.6,2026-03-20,23,0.06350221968543886,649.0,0.9397625253402838,691.4209612518923,-0.06331612743682787,True,put,2.7,2.71,2.705,0.009999999999999787,0.0036968576709795883,128.0,6413.0,0.2235185070800781
2026-02-25 10:43:14,690.6,2026-03-20,23,0.06350221968543886,650.0,0.9412105415580654,691.4209612518923,-0.06177648125123513,True,put,2.79,2.8,2.795,0.009999999999999787,0.003577817531305827,1414.0,100652.0,0.2219926434326171
2026-02-25 10:43:14,690.6,2026-03-20,23,0.06350221968543886,651.0,0.9426585577758471,691.4209612518923,-0.060239201932348635,True,put,2.86,2.88,2.87,0.020000000000000018,0.0069686411149825845,87.0,8814.0,0.220161607055664
2026-02-25 10:43:14,690.6,2026-03-20,23,0.06350221968543886,652.0,0.9441065739936287,691.4209612518923,-0.058704282214264984,True,put,2.98,2.99,2.9850000000000003,0.010000000000000231,0.003350083752093879,191.0,12188.0,0.2190019506835937
2026-02-25 10:43:14,690.6,2026-03-20,23,0.06350221968543886,653.0,0.9455545902114103,691.4209612518923,-0.05717171486448683,True,put,3.07,3.08,3.075,0.010000000000000231,0.0032520325203252783,17304.0,26804.0,0.217231948852539
2026-02-25 10:43:14,690.6,2026-03-20,23,0.06350221968543886,654.0,0.947002606429192,691.4209612518923,-0.05564149268371913,True,put,3.15,3.17,3.16,0.020000000000000018,0.006329113924050638,86.0,5129.0,0.2154009124755859
2026-02-25 10:43:14,690.6,2026-03-20,23,0.06350221968543886,655.0,0.9484506226469737,691.4209612518923,-0.05411360850566598,True,put,3.22,3.24,3.2300000000000004,0.020000000000000018,0.0061919504643962895,602.0,43057.0,0.213051082458496
2026-02-25 10:43:14,690.6,2026-03-20,23,0.06350221968543886,656.0,0.9498986388647552,691.4209612518923,-0.052588055196828805,True,put,3.38,3.4,3.3899999999999997,0.020000000000000018,0.0058997050147492685,5033.0,11954.0,0.2126848751831054
2026-02-25 10:43:14,690.6,2026-03-20,23,0.06350221968543886,657.0,0.9513466550825369,691.4209612518923,-0.0510648256563074,True,put,3.48,3.5,3.49,0.020000000000000018,0.005730659025787971,26.0,5591.0,0.2108233215332031
2026-02-25 10:43:14,690.6,2026-03-20,23,0.06350221968543886,658.0,0.9527946713003186,691.4209612518923,-0.04954391281560065,True,put,3.57,3.59,3.58,0.020000000000000018,0.005586592178770954,17081.0,8231.0,0.2086871124267577
2026-02-25 10:43:14,690.6,2026-03-20,23,0.06350221968543886,659.0,0.9542426875181002,691.4209612518923,-0.0480253096384107,True,put,3.72,3.74,3.7300000000000004,0.020000000000000018,0.005361930294906171,10.0,15408.0,0.2077715942382812
2026-02-25 10:43:14,690.6,2026-03-20,23,0.06350221968543886,660.0,0.9556907037358818,691.4209612518923,-0.046509009120446636,True,put,3.83,3.85,3.84,0.020000000000000018,0.005208333333333338,628.0,78356.0,0.2058490060424804
2026-02-25 10:43:14,690.6,2026-03-20,23,0.06350221968543886,661.0,0.9571387199536634,691.4209612518923,-0.044995004289231644,True,put,3.93,3.95,3.9400000000000004,0.020000000000000018,0.005076142131979699,73.0,3954.0,0.2036822796630859
2026-02-25 10:43:14,690.6,2026-03-20,23,0.06350221968543886,662.0,0.9585867361714451,691.4209612518923,-0.04348328820390967,True,put,4.09,4.11,4.1,0.020000000000000462,0.004878048780487918,67.0,6576.0,0.2026446923828124
2026-02-25 10:43:14,690.6,2026-03-20,23,0.06350221968543886,663.0,0.9600347523892268,691.4209612518923,-0.041973853955055436,True,put,4.25,4.26,4.255,0.009999999999999787,0.0023501762632196915,38.0,5578.0,0.2012714151000976
2026-02-25 10:43:14,690.6,2026-03-20,23,0.06350221968543886,664.0,0.9614827686070083,691.4209612518923,-0.040466694664484035,True,put,4.35,4.37,4.359999999999999,0.020000000000000462,0.004587155963302859,17.0,5002.0,0.1990131369018554
2026-02-25 10:43:14,690.6,2026-03-20,23,0.06350221968543886,665.0,0.96293078482479,691.4209612518923,-0.038961803485063694,True,put,4.45,4.46,4.455,0.009999999999999787,0.00224466891133553,560.0,33076.0,0.196297099609375
2026-02-25 10:43:14,690.6,2026-03-20,23,0.06350221968543886,666.0,0.9643788010425717,691.4209612518923,-0.037459173600528764,True,put,4.63,4.65,4.640000000000001,0.020000000000000462,0.004310344827586306,45.0,2630.0,0.1953815814208984
2026-02-25 10:43:14,690.6,2026-03-20,23,0.06350221968543886,667.0,0.9658268172603532,691.4209612518923,-0.03595879822529413,True,put,4.81,4.83,4.82,0.020000000000000462,0.004149377593361091,95.0,3245.0,0.1941608905029297
2026-02-25 10:43:14,690.6,2026-03-20,23,0.06350221968543886,668.0,0.9672748334781349,691.4209612518923,-0.03446067060427219,True,put,4.94,4.96,4.95,0.019999999999999574,0.0040404040404039545,104.0,3244.0,0.1919026123046875
2026-02-25 10:43:14,690.6,2026-03-20,23,0.06350221968543886,669.0,0.9687228496959166,691.4209612518923,-0.03296478401268941,True,put,5.15,5.17,5.16,0.019999999999999574,0.003875968992247979,20.0,2601.0,0.1909870941162109
2026-02-25 10:43:14,690.6,2026-03-20,23,0.06350221968543886,670.0,0.9701708659136982,691.4209612518923,-0.03147113175590618,True,put,5.27,5.3,5.285,0.03000000000000025,0.005676442762535525,1906.0,70487.0,0.1885457122802734
2026-02-25 10:43:14,690.6,2026-03-20,23,0.06350221968543886,672.0,0.9730668983492615,691.4209612518923,-0.02849050361776839,True,put,5.67,5.69,5.68,0.020000000000000462,0.003521126760563462,81.0,3658.0,0.1855550195312499
2026-02-25 10:43:14,690.6,2026-03-20,23,0.06350221968543886,674.0,0.9759629307848248,691.4209612518923,-0.025518733228610906,True,put,5.98,6.0,5.99,0.019999999999999574,0.0033388981636059386,44.0,2487.0,0.1807332904052734
2026-02-25 10:43:14,690.6,2026-03-20,23,0.06350221968543886,675.0,0.9774109470026064,691.4209612518923,-0.024036153268388066,True,put,6.25,6.27,6.26,0.019999999999999574,0.0031948881789136702,475.0,79425.0,0.1800313931274414
2026-02-25 10:43:14,690.6,2026-03-20,23,0.06350221968543886,676.0,0.978858963220388,691.4209612518923,-0.022555768097953746,True,put,6.38,6.41,6.395,0.03000000000000025,0.00469116497263491,33.0,1334.0,0.1771017349243164
2026-02-25 10:43:14,690.6,2026-03-20,23,0.06350221968543886,677.0,0.9803069794381697,691.4209612518923,-0.021077571228642906,True,put,6.67,6.69,6.68,0.020000000000000462,0.0029940119760479733,41.0,6169.0,0.1762777685546875
2026-02-25 10:43:14,690.6,2026-03-20,23,0.06350221968543886,678.0,0.9817549956559514,691.4209612518923,-0.01960155620052228,True,put,6.88,6.91,6.895,0.03000000000000025,0.004350978970268347,62.0,2929.0,0.1743551803588867
2026-02-25 10:43:14,690.6,2026-03-20,23,0.06350221968543886,679.0,0.9832030118737329,691.4209612518923,-0.018127716582221783,True,put,7.05,7.07,7.0600000000000005,0.020000000000000462,0.002832861189801765,41.0,1870.0,0.1713644876098632
2026-02-25 10:43:14,690.6,2026-03-20,23,0.06350221968543886,680.0,0.9846510280915146,691.4209612518923,-0.016656045970765476,True,put,7.26,7.28,7.27,0.020000000000000462,0.0027510316368638877,1546.0,47634.0,0.1690451748657226
2026-02-25 10:43:14,690.6,2026-03-20,23,0.06350221968543886,681.0,0.9860990443092962,691.4209612518923,-0.015186537991405555,True,put,7.55,7.57,7.5600000000000005,0.020000000000000462,0.0026455026455027065,48.0,1978.0,0.1677634494018555
2026-02-25 10:43:14,690.6,2026-03-20,23,0.06350221968543886,682.0,0.9875470605270779,691.4209612518923,-0.013719186297455771,True,put,7.8,7.82,7.8100000000000005,0.020000000000000462,0.002560819462227972,154.0,3270.0,0.1657187921142578
2026-02-25 10:43:14,690.6,2026-03-20,23,0.06350221968543886,683.0,0.9889950767448595,691.4209612518923,-0.012253984570127868,True,put,8.08,8.1,8.09,0.019999999999999574,0.0024721878862793045,232.0,3208.0,0.1639793075561523
2026-02-25 10:43:14,690.6,2026-03-20,23,0.06350221968543886,684.0,0.9904430929626411,691.4209612518923,-0.01079092651836742,True,put,8.34,8.36,8.35,0.019999999999999574,0.0023952095808382726,220.0,4119.0,0.1617820639038085
2026-02-25 10:43:14,690.6,2026-03-20,23,0.06350221968543886,685.0,0.9918911091804228,691.4209612518923,-0.009330005878692652,True,put,8.69,8.71,8.7,0.02000000000000135,0.002298850574712799,1204.0,37240.0,0.1607444766235352
2026-02-25 10:43:14,690.6,2026-03-20,23,0.06350221968543886,686.0,0.9933391253982045,691.4209612518923,-0.007871216415032667,True,put,8.93,8.94,8.934999999999999,0.009999999999999787,0.0011191941801902393,159.0,5605.0,0.1577537838745117
2026-02-25 10:43:14,690.6,2026-03-20,23,0.06350221968543886,687.0,0.994787141615986,691.4209612518923,-0.006414551918568501,True,put,9.28,9.3,9.29,0.02000000000000135,0.002152852529601868,188.0,10450.0,0.1565025756835937
2026-02-25 10:43:14,690.6,2026-03-20,23,0.06350221968543886,688.0,0.9962351578337677,691.4209612518923,-0.00496000620757424,True,put,9.55,9.58,9.565000000000001,0.02999999999999936,0.003136434918975364,205.0,11929.0,0.1538780902099609
2026-02-25 10:43:14,690.6,2026-03-20,23,0.06350221968543886,689.0,0.9976831740515494,691.4209612518923,-0.003507573127259281,True,put,9.94,9.96,9.95,0.02000000000000135,0.0020100502512564174,435.0,3095.0,0.1525200715637207
2026-02-25 10:43:14,690.6,2026-03-20,23,0.06350221968543886,690.0,0.999131190269331,691.4209612518923,-0.0020572465496128457,True,put,10.27,10.3,10.285,0.030000000000001137,0.0029168692270297655,2820.0,29459.0,0.1503686038208008
2026-02-25 10:43:14,690.6,2026-03-20,23,0.06350221968543886,691.0,1.0005792064871126,691.4209612518923,-0.0006090203732479651,True,put,10.59,10.62,10.605,0.02999999999999936,0.0028288543140027682,683.0,1909.0,0.147744118347168
2026-02-25 10:43:14,690.6,2026-03-20,23,0.06350221968543886,692.0,1.0020272227048943,691.4209612518923,0.0008371114767516433,False,put,11.0,11.03,11.015,0.02999999999999936,0.0027235587834770186,173.0,3969.0,0.1461877374267577
2026-02-25 10:43:14,690.6,2026-03-20,23,0.06350221968543886,693.0,1.003475238922676,691.4209612518923,0.002281155048985249,False,put,11.4,11.43,11.415,0.02999999999999936,0.002628120893561048,119.0,3322.0,0.144265149230957
2026-02-25 10:43:14,690.6,2026-03-20,23,0.06350221968543886,694.0,1.0049232551404574,691.4209612518923,0.0037231163658866797,False,put,11.81,11.83,11.82,0.019999999999999574,0.001692047377326529,48.0,3274.0,0.1420984228515625
2026-02-25 10:43:14,690.6,2026-03-20,23,0.06350221968543886,695.0,1.0063712713582391,691.4209612518923,0.0051630014238742495,False,put,12.18,12.3,12.24,0.120000000000001,0.009803921568627532,114.0,12549.0,0.1406946282958984
2026-02-25 10:43:14,690.6,2026-03-20,23,0.06350221968543886,700.0,1.0136113524471473,691.4209612518923,0.012331490902486711,False,put,14.4,14.67,14.535,0.2699999999999996,0.018575851393188826,98.0,8034.0,0.1300441000366211
2026-02-25 10:43:14,690.6,2026-03-20,23,0.06350221968543886,705.0,1.0208514335360557,691.4209612518923,0.019448958671350828,False,put,17.5,17.75,17.625,0.25,0.014184397163120567,17.0,5041.0,0.1228115063476562
2026-02-25 10:43:14,690.6,2026-03-20,23,0.06350221968543886,709.0,1.0266434984071822,691.4209612518923,0.025106682391209653,False,put,20.03,20.51,20.270000000000003,0.4800000000000004,0.023680315737543183,11.0,139.0,0.1158535681152343
2026-02-25 10:43:14,690.6,2026-03-20,23,0.06350221968543886,720.0,1.0425716768027802,691.4209612518923,0.040502367869183147,False,put,29.41,29.86,29.634999999999998,0.4499999999999993,0.015184747764467666,50.0,3575.0,0.1052335571289062
2026-02-25 10:43:14,690.6,2026-03-27,30,0.08268030187721968,640.0,0.926730379380249,691.2808346590042,-0.07707798258959345,False,call,54.47,54.91,54.69,0.4399999999999977,0.008045346498445745,54.0,690.0,0.2623364782714844
2026-02-25 10:43:14,690.6,2026-03-27,30,0.08268030187721968,645.0,0.9339704604691572,691.2808346590042,-0.06929584214753845,False,call,49.7,50.09,49.895,0.39000000000000057,0.007816414470387825,116.0,198.0,0.2479323254394531
2026-02-25 10:43:14,690.6,2026-03-27,30,0.08268030187721968,680.0,0.9846510280915146,691.2808346590042,-0.016453360773158583,False,call,19.94,20.16,20.05,0.21999999999999886,0.01097256857855356,42.0,113.0,0.1783224258422852
2026-02-25 10:43:14,690.6,2026-03-27,30,0.08268030187721968,683.0,0.9889950767448595,691.2808346590042,-0.012051299372520873,False,call,17.69,17.91,17.8,0.21999999999999886,0.012359550561797689,12.0,270.0,0.1722189712524414
2026-02-25 10:43:14,690.6,2026-03-27,30,0.08268030187721968,685.0,0.9918911091804228,691.2808346590042,-0.009127320681085628,False,call,16.35,16.5,16.425,0.14999999999999858,0.009132420091324114,21.0,2193.0,0.1687094848632813
2026-02-25 10:43:14,690.6,2026-03-27,30,0.08268030187721968,686.0,0.9933391253982045,691.2808346590042,-0.007668531217425685,False,call,15.61,15.82,15.715,0.21000000000000085,0.013363028953229453,23.0,337.0,0.1670615521240234
2026-02-25 10:43:14,690.6,2026-03-27,30,0.08268030187721968,687.0,0.994787141615986,691.2808346590042,-0.006211866720961561,False,call,14.88,15.17,15.025,0.28999999999999915,0.019301164725457513,44.0,757.0,0.1656882748413086
2026-02-25 10:43:14,690.6,2026-03-27,30,0.08268030187721968,688.0,0.9962351578337677,691.2808346590042,-0.00475732100996723,False,call,14.23,14.43,14.33,0.1999999999999993,0.013956734124214883,38.0,672.0,0.1630332720947265
2026-02-25 10:43:14,690.6,2026-03-27,30,0.08268030187721968,689.0,0.9976831740515494,691.2808346590042,-0.003304887929652424,False,call,13.65,13.7,13.675,0.049999999999998934,0.003656307129798825,45.0,363.0,0.1603782693481445
2026-02-25 10:43:14,690.6,2026-03-27,30,0.08268030187721968,690.0,0.999131190269331,691.2808346590042,-0.001854561352005919,False,call,12.94,12.98,12.96,0.040000000000000924,0.0030864197530864907,156.0,1290.0,0.1576927493286132
2026-02-25 10:43:14,690.6,2026-03-27,30,0.08268030187721968,691.0,1.0005792064871126,691.2808346590042,-0.00040633517564107955,False,call,12.3,12.35,12.325,0.049999999999998934,0.004056795131845756,281.0,219.0,0.155983782043457
2026-02-25 10:43:14,690.6,2026-03-27,30,0.08268030187721968,692.0,1.0020272227048943,691.2808346590042,0.0010397966743585986,True,call,11.58,11.62,11.6,0.03999999999999915,0.003448275862068892,55.0,1314.0,0.1528710202026367
2026-02-25 10:43:14,690.6,2026-03-27,30,0.08268030187721968,693.0,1.003475238922676,691.2808346590042,0.0024838402465922737,True,call,11.0,11.04,11.02,0.03999999999999915,0.003629764065335676,32.0,286.0,0.151451967010498
2026-02-25 10:43:14,690.6,2026-03-27,30,0.08268030187721968,694.0,1.0049232551404574,691.2808346590042,0.003925801563493553,True,call,10.37,10.41,10.39,0.040000000000000924,0.003849855630413948,16.0,1109.0,0.1492547233581543
2026-02-25 10:43:14,690.6,2026-03-27,30,0.08268030187721968,695.0,1.0063712713582391,691.2808346590042,0.005365686621481192,True,call,9.79,9.83,9.809999999999999,0.040000000000000924,0.004077471967380319,74.0,500.0,0.1474999801635742
2026-02-25 10:43:14,690.6,2026-03-27,30,0.08268030187721968,698.0,1.0107153200115842,691.2808346590042,0.009672943819061558,True,call,8.06,8.1,8.08,0.03999999999999915,0.004950495049504845,29.0,239.0,0.1412439392089844
2026-02-25 10:43:14,690.6,2026-03-27,30,0.08268030187721968,699.0,1.0121633362293658,691.2808346590042,0.011104583290499351,True,call,7.53,7.57,7.550000000000001,0.040000000000000036,0.005298013245033117,52.0,236.0,0.1393518682861328
2026-02-25 10:43:14,690.6,2026-03-27,30,0.08268030187721968,700.0,1.0136113524471473,691.2808346590042,0.012534176100093776,True,call,7.02,7.05,7.035,0.03000000000000025,0.004264392324093852,65.0,853.0,0.1373987628173828
2026-02-25 10:43:14,690.6,2026-03-27,30,0.08268030187721968,701.0,1.015059368664929,691.2808346590042,0.013961728091279203,True,call,6.52,6.56,6.539999999999999,0.040000000000000036,0.0061162079510703425,34.0,724.0,0.1355982437133789
2026-02-25 10:43:14,690.6,2026-03-27,30,0.08268030187721968,703.0,1.0179554011004923,691.2808346590042,0.016810732867354034,True,call,5.61,5.64,5.625,0.02999999999999936,0.0053333333333332195,12.0,646.0,0.132119274597168
2026-02-25 10:43:14,690.6,2026-03-27,30,0.08268030187721968,705.0,1.0208514335360557,691.2808346590042,0.0196516438689578,True,call,4.77,4.8,4.785,0.03000000000000025,0.00626959247648908,50.0,1042.0,0.1287623745727539
2026-02-25 10:43:14,690.6,2026-03-27,30,0.08268030187721968,706.0,1.0222994497538371,691.2808346590042,0.021069078549931234,True,call,4.36,4.4,4.380000000000001,0.040000000000000036,0.009132420091324207,88.0,8960.0,0.1269923727416992
2026-02-25 10:43:14,690.6,2026-03-27,30,0.08268030187721968,707.0,1.0237474659716188,691.2808346590042,0.022484506953261922,True,call,4.01,4.04,4.025,0.03000000000000025,0.007453416149068384,43.0,858.0,0.1255275436401367
2026-02-25 10:43:14,690.6,2026-03-27,30,0.08268030187721968,708.0,1.0251954821894005,691.2808346590042,0.023897934750408717,True,call,3.64,3.67,3.6550000000000002,0.029999999999999805,0.008207934336525254,21.0,1501.0,0.1236659899902343
2026-02-25 10:43:14,690.6,2026-03-27,30,0.08268030187721968,709.0,1.0266434984071822,691.2808346590042,0.025309367588816464,True,call,3.33,3.35,3.34,0.020000000000000018,0.005988023952095814,24.0,613.0,0.1222621954345703
2026-02-25 10:43:14,690.6,2026-03-27,30,0.08268030187721968,710.0,1.0280915146249638,691.2808346590042,0.026718811092050078,True,call,3.02,3.04,3.0300000000000002,0.020000000000000018,0.006600660066006606,161.0,2429.0,0.1207668490600586
2026-02-25 10:43:14,690.6,2026-03-27,30,0.08268030187721968,711.0,1.0295395308427453,691.2808346590042,0.02812627085992986,True,call,2.73,2.75,2.74,0.020000000000000018,0.0072992700729927066,27.0,600.0,0.1193020199584961
2026-02-25 10:43:14,690.6,2026-03-27,30,0.08268030187721968,712.0,1.030987547060527,691.2808346590042,0.029531752468664758,True,call,2.48,2.51,2.495,0.029999999999999805,0.012024048096192307,12.0,522.0,0.1184170190429687
2026-02-25 10:43:14,690.6,2026-03-27,30,0.08268030187721968,713.0,1.0324355632783087,691.2808346590042,0.030935261470984937,True,call,2.24,2.26,2.25,0.019999999999999574,0.0088888888888887,96.0,456.0,0.1170742590332031
2026-02-25 10:43:14,690.6,2026-03-27,30,0.08268030187721968,715.0,1.035331595713872,691.2808346590042,0.03373638375069667,True,call,1.79,1.81,1.8,0.020000000000000018,0.01111111111111112,72.0,1580.0,0.1144192562866211
2026-02-25 10:43:14,690.6,2026-03-27,30,0.08268030187721968,717.0,1.0382276281494351,691.2808346590042,0.0365296816563094,True,call,1.44,1.46,1.45,0.020000000000000018,0.013793103448275874,10.0,108.0,0.1126187371826171
2026-02-25 10:43:14,690.6,2026-03-27,30,0.08268030187721968,718.0,1.0396756443672168,691.2808346590042,0.03792341010491323,True,call,1.28,1.29,1.2850000000000001,0.010000000000000009,0.007782101167315181,16.0,435.0,0.1113370117187499
2026-02-25 10:43:14,690.6,2026-03-27,30,0.08268030187721968,719.0,1.0411236605849985,691.2808346590042,0.03931519877773574,True,call,1.14,1.16,1.15,0.020000000000000018,0.017391304347826105,50.0,177.0,0.110787700805664
2026-02-25 10:43:14,690.6,2026-03-27,30,0.08268030187721968,720.0,1.0425716768027802,691.2808346590042,0.04070505306679006,True,call,1.02,1.04,1.03,0.020000000000000018,0.019417475728155355,92.0,1215.0,0.1102383898925781
2026-02-25 10:43:14,690.6,2026-03-27,30,0.08268030187721968,723.0,1.046915725456125,691.2808346590042,0.044863063215453775,True,call,0.71,0.73,0.72,0.020000000000000018,0.027777777777777804,260.0,141.0,0.1082852844238281
2026-02-25 10:43:14,690.6,2026-03-27,30,0.08268030187721968,725.0,1.0498117578916883,691.2808346590042,0.04762549591136388,True,call,0.57,0.59,0.58,0.020000000000000018,0.03448275862068969,79.0,914.0,0.1079190771484375
2026-02-25 10:43:14,690.6,2026-03-27,30,0.08268030187721968,730.0,1.0570518389805965,691.2808346590042,0.05449837519912596,True,call,0.33,0.34,0.335,0.010000000000000009,0.02985074626865674,49.0,4602.0,0.1073087316894531
2026-02-25 10:43:14,690.6,2026-03-27,30,0.08268030187721968,735.0,1.0642919200695047,691.2808346590042,0.06132434026952566,True,call,0.2,0.21,0.20500000000000002,0.009999999999999981,0.04878048780487795,31.0,3497.0,0.1086514916992187
2026-02-25 10:43:14,690.6,2026-03-27,30,0.08268030187721968,740.0,1.0715320011584129,691.2808346590042,0.06810402725490446,True,call,0.13,0.14,0.135,0.010000000000000009,0.07407407407407414,274.0,756.0,0.1113370117187499
2026-02-25 10:43:14,690.6,2026-03-27,30,0.08268030187721968,530.0,0.7674485954242687,691.2808346590042,-0.26566915239714345,True,put,0.32,0.33,0.325,0.010000000000000009,0.030769230769230795,160.0,238.0,0.4086973193359374
2026-02-25 10:43:14,690.6,2026-03-27,30,0.08268030187721968,535.0,0.774688676513177,691.2808346590042,-0.25627941204730437,True,put,0.35,0.36,0.355,0.010000000000000009,0.028169014084507067,20.0,506.0,0.4008848974609375
2026-02-25 10:43:14,690.6,2026-03-27,30,0.08268030187721968,540.0,0.7819287576020851,691.2808346590042,-0.24697701938499095,True,put,0.38,0.39,0.385,0.010000000000000009,0.025974025974025997,10.0,555.0,0.3923400610351562
2026-02-25 10:43:14,690.6,2026-03-27,30,0.08268030187721968,545.0,0.7891688386909933,691.2808346590042,-0.2377603642800669,True,put,0.4,0.41,0.405,0.009999999999999953,0.024691358024691242,83.0,616.0,0.3820862573242187
2026-02-25 10:43:14,690.6,2026-03-27,30,0.08268030187721968,555.0,0.8036490008688097,691.2808346590042,-0.21957804519687646,True,put,0.48,0.49,0.485,0.010000000000000009,0.020618556701030948,16.0,174.0,0.3659731372070312
2026-02-25 10:43:14,690.6,2026-03-27,30,0.08268030187721968,560.0,0.8108890819577179,691.2808346590042,-0.21060937521411602,True,put,0.52,0.53,0.525,0.010000000000000009,0.019047619047619063,86.0,194.0,0.35742830078125
2026-02-25 10:43:14,690.6,2026-03-27,30,0.08268030187721968,565.0,0.8181291630466261,691.2808346590042,-0.20172042779687005,True,put,0.56,0.57,0.565,0.009999999999999898,0.017699115044247607,54.0,434.0,0.3483951879882812
2026-02-25 10:43:14,690.6,2026-03-27,30,0.08268030187721968,580.0,0.8398494063133507,691.2808346590042,-0.17551805540284596,True,put,0.72,0.73,0.725,0.010000000000000009,0.013793103448275874,593.0,1593.0,0.3222724023437499
2026-02-25 10:43:14,690.6,2026-03-27,30,0.08268030187721968,585.0,0.8470894874022589,691.2808346590042,-0.16693431171145443,True,put,0.81,0.82,0.815,0.009999999999999898,0.012269938650306624,10.0,234.0,0.315314464111328
2026-02-25 10:43:14,690.6,2026-03-27,30,0.08268030187721968,590.0,0.854329568491167,691.2808346590042,-0.15842362204354588,True,put,0.88,0.89,0.885,0.010000000000000009,0.011299435028248598,16.0,334.0,0.3064034204101562
2026-02-25 10:43:14,690.6,2026-03-27,30,0.08268030187721968,600.0,0.8688097306689835,691.2808346590042,-0.14161650372716453,True,put,1.07,1.09,1.08,0.020000000000000018,0.018518518518518535,191.0,1679.0,0.2904123693847655
2026-02-25 10:43:14,690.6,2026-03-27,30,0.08268030187721968,605.0,0.8760498117578916,691.2808346590042,-0.1333177009124695,True,put,1.19,1.2,1.1949999999999998,0.010000000000000009,0.008368200836820092,10.0,3617.0,0.2818675329589843
2026-02-25 10:43:14,690.6,2026-03-27,30,0.08268030187721968,620.0,0.8977700550246163,691.2808346590042,-0.1088266809041737,True,put,1.7,1.72,1.71,0.020000000000000018,0.01169590643274855,67.0,2104.0,0.2598950964355468
2026-02-25 10:43:14,690.6,2026-03-27,30,0.08268030187721968,625.0,0.9050101361135244,691.2808346590042,-0.1007945092069094,True,put,1.92,1.94,1.93,0.020000000000000018,0.010362694300518144,50.0,493.0,0.2523268127441406
2026-02-25 10:43:14,690.6,2026-03-27,30,0.08268030187721968,626.0,0.9064581523313061,691.2808346590042,-0.09919578784321235,True,put,1.99,2.0,1.995,0.010000000000000009,0.005012531328320806,11.0,220.0,0.2512281909179687
2026-02-25 10:43:14,690.6,2026-03-27,30,0.08268030187721968,627.0,0.9079061685490877,691.2808346590042,-0.09759961831039031,True,put,2.02,2.04,2.0300000000000002,0.020000000000000018,0.00985221674876848,12.0,130.0,0.2493971545410156
2026-02-25 10:43:14,690.6,2026-03-27,30,0.08268030187721968,628.0,0.9093541847668694,691.2808346590042,-0.09600599247511231,True,put,2.08,2.1,2.09,0.020000000000000018,0.00956937799043063,11.0,275.0,0.2481764636230468
2026-02-25 10:43:14,690.6,2026-03-27,30,0.08268030187721968,630.0,0.9122502172024326,691.2808346590042,-0.0928263395577326,True,put,2.2,2.22,2.21,0.020000000000000018,0.009049773755656116,24.0,663.0,0.245551978149414
2026-02-25 10:43:14,690.6,2026-03-27,30,0.08268030187721968,633.0,0.9165942658557775,691.2808346590042,-0.08807573679913475,True,put,2.37,2.4,2.385,0.029999999999999805,0.012578616352201177,16.0,161.0,0.241218525390625
2026-02-25 10:43:14,690.6,2026-03-27,30,0.08268030187721968,634.0,0.9180422820735592,691.2808346590042,-0.086497204506085,True,put,2.43,2.45,2.4400000000000004,0.020000000000000018,0.008196721311475415,10.0,688.0,0.2393874890136718
2026-02-25 10:43:14,690.6,2026-03-27,30,0.08268030187721968,635.0,0.9194902982913409,691.2808346590042,-0.08492116005061927,True,put,2.49,2.52,2.505,0.029999999999999805,0.01197604790419154,10.0,613.0,0.2380447290039062
2026-02-25 10:43:14,690.6,2026-03-27,30,0.08268030187721968,636.0,0.9209383145091224,691.2808346590042,-0.08334759560318876,True,put,2.57,2.59,2.58,0.020000000000000018,0.007751937984496131,29.0,157.0,0.2367019689941406
2026-02-25 10:43:14,690.6,2026-03-27,30,0.08268030187721968,639.0,0.9252823631624674,691.2808346590042,-0.0786417045657762,True,put,2.78,2.8,2.79,0.020000000000000018,0.007168458781362013,38.0,150.0,0.2322464471435547
2026-02-25 10:43:14,690.6,2026-03-27,30,0.08268030187721968,640.0,0.926730379380249,691.2808346590042,-0.07707798258959345,True,put,2.85,2.87,2.8600000000000003,0.020000000000000018,0.006993006993006998,43.0,1766.0,0.2306595489501953
2026-02-25 10:43:14,690.6,2026-03-27,30,0.08268030187721968,641.0,0.9281783955980306,691.2808346590042,-0.07551670202264094,True,put,2.92,2.94,2.9299999999999997,0.020000000000000018,0.006825938566552908,22.0,213.0,0.2290116162109375
2026-02-25 10:43:14,690.6,2026-03-27,30,0.08268030187721968,645.0,0.9339704604691572,691.2808346590042,-0.06929584214753845,True,put,3.27,3.28,3.275,0.009999999999999787,0.0030534351145037517,52.0,523.0,0.2232743688964843
2026-02-25 10:43:14,690.6,2026-03-27,30,0.08268030187721968,646.0,0.9354184766869389,691.2808346590042,-0.06774665516070909,True,put,3.33,3.35,3.34,0.020000000000000018,0.005988023952095814,27.0,191.0,0.2213517807006835
2026-02-25 10:43:14,690.6,2026-03-27,30,0.08268030187721968,648.0,0.9383145091225021,691.2808346590042,-0.06465546259103622,True,put,3.54,3.56,3.55,0.020000000000000018,0.005633802816901414,66.0,225.0,0.2188798815917968
2026-02-25 10:43:14,690.6,2026-03-27,30,0.08268030187721968,650.0,0.9412105415580654,691.2808346590042,-0.0615737960536281,True,put,3.71,3.74,3.725,0.03000000000000025,0.008053691275167852,179.0,1611.0,0.2155229815673828
2026-02-25 10:43:14,690.6,2026-03-27,30,0.08268030187721968,653.0,0.9455545902114103,691.2808346590042,-0.056969029666879924,True,put,4.07,4.1,4.085,0.02999999999999936,0.0073439412484698555,10.0,202.0,0.2117998742675781
2026-02-25 10:43:14,690.6,2026-03-27,30,0.08268030187721968,654.0,0.947002606429192,691.2808346590042,-0.055438807486112275,True,put,4.17,4.19,4.18,0.020000000000000462,0.004784688995215422,34.0,183.0,0.2098162515258789
2026-02-25 10:43:14,690.6,2026-03-27,30,0.08268030187721968,655.0,0.9484506226469737,691.2808346590042,-0.05391092330805905,True,put,4.29,4.31,4.3,0.019999999999999574,0.0046511627906975755,46.0,584.0,0.2083819396972655
2026-02-25 10:43:14,690.6,2026-03-27,30,0.08268030187721968,658.0,0.9527946713003186,691.2808346590042,-0.049341227617993734,True,put,4.63,4.66,4.645,0.03000000000000025,0.006458557588805221,192.0,288.0,0.2033771069335937
2026-02-25 10:43:14,690.6,2026-03-27,30,0.08268030187721968,660.0,0.9556907037358818,691.2808346590042,-0.04630632392283969,True,put,4.94,4.96,4.95,0.019999999999999574,0.0040404040404039545,114.0,1423.0,0.2008746905517577
2026-02-25 10:43:14,690.6,2026-03-27,30,0.08268030187721968,661.0,0.9571387199536634,691.2808346590042,-0.04479231909162462,True,put,5.06,5.09,5.074999999999999,0.03000000000000025,0.005911330049261134,13.0,111.0,0.1991657232666015
2026-02-25 10:43:14,690.6,2026-03-27,30,0.08268030187721968,663.0,0.9600347523892268,691.2808346590042,-0.041771168757448386,True,put,5.34,5.37,5.355,0.03000000000000025,0.0056022408963585894,18.0,107.0,0.1958393405151367
2026-02-25 10:43:14,690.6,2026-03-27,30,0.08268030187721968,665.0,0.96293078482479,691.2808346590042,-0.03875911828745685,True,put,5.66,5.69,5.675000000000001,0.03000000000000025,0.005286343612334845,15.0,650.0,0.192818130493164
2026-02-25 10:43:14,690.6,2026-03-27,30,0.08268030187721968,668.0,0.9672748334781349,691.2808346590042,-0.034257985406665234,True,put,6.15,6.18,6.165,0.02999999999999936,0.0048661800486616965,34.0,148.0,0.1878438150024414
2026-02-25 10:43:14,690.6,2026-03-27,30,0.08268030187721968,670.0,0.9701708659136982,691.2808346590042,-0.0312684465582992,True,put,6.53,6.56,6.545,0.02999999999999936,0.004583651642475074,30.0,992.0,0.1849141567993164
2026-02-25 10:43:14,690.6,2026-03-27,30,0.08268030187721968,672.0,0.9730668983492615,691.2808346590042,-0.02828781842016138,True,put,6.85,6.88,6.865,0.03000000000000025,0.004369992716678842,13.0,194.0,0.1807027731323242
2026-02-25 10:43:14,690.6,2026-03-27,30,0.08268030187721968,673.0,0.9745149145670431,691.2808346590042,-0.02680082929858311,True,put,7.1,7.13,7.115,0.03000000000000025,0.004216444132115285,78.0,198.0,0.1797872549438476
2026-02-25 10:43:14,690.6,2026-03-27,30,0.08268030187721968,674.0,0.9759629307848248,691.2808346590042,-0.02531604803100387,True,put,7.29,7.32,7.305,0.03000000000000025,0.004106776180698186,33.0,189.0,0.1778646667480468
2026-02-25 10:43:14,690.6,2026-03-27,30,0.08268030187721968,675.0,0.9774109470026064,691.2808346590042,-0.023833468070781072,True,put,7.51,7.54,7.525,0.03000000000000025,0.003986710963455182,2101.0,3462.0,0.1763082858276367
2026-02-25 10:43:14,690.6,2026-03-27,30,0.08268030187721968,676.0,0.978858963220388,691.2808346590042,-0.022353082900346797,True,put,7.66,7.69,7.675000000000001,0.03000000000000025,0.003908794788273648,35.0,261.0,0.1736532830810547
2026-02-25 10:43:14,690.6,2026-03-27,30,0.08268030187721968,677.0,0.9803069794381697,691.2808346590042,-0.020874886031036,True,put,7.97,8.0,7.984999999999999,0.03000000000000025,0.003757044458359455,11.0,423.0,0.1731039721679687
2026-02-25 10:43:14,690.6,2026-03-27,30,0.08268030187721968,679.0,0.9832030118737329,691.2808346590042,-0.017925031384614844,True,put,8.42,8.45,8.434999999999999,0.02999999999999936,0.0035566093657379214,22.0,404.0,0.1693198303222656
2026-02-25 10:43:14,690.6,2026-03-27,30,0.08268030187721968,680.0,0.9846510280915146,691.2808346590042,-0.016453360773158583,True,put,8.63,8.67,8.65,0.03999999999999915,0.0046242774566473,294.0,1170.0,0.1672141384887695
2026-02-25 10:43:14,690.6,2026-03-27,30,0.08268030187721968,681.0,0.9860990443092962,691.2808346590042,-0.014983852793798588,True,put,8.95,8.98,8.965,0.030000000000001137,0.00334634690462924,200.0,625.0,0.1661765512084961
2026-02-25 10:43:14,690.6,2026-03-27,30,0.08268030187721968,682.0,0.9875470605270779,691.2808346590042,-0.013516501099848846,True,put,9.11,9.14,9.125,0.030000000000001137,0.003287671232876837,421.0,362.0,0.1630332720947265
2026-02-25 10:43:14,690.6,2026-03-27,30,0.08268030187721968,683.0,0.9889950767448595,691.2808346590042,-0.012051299372520873,True,put,9.43,9.46,9.445,0.030000000000001137,0.0031762837480149428,19.0,964.0,0.1618736157226562
2026-02-25 10:43:14,690.6,2026-03-27,30,0.08268030187721968,684.0,0.9904430929626411,691.2808346590042,-0.010588241320760467,True,put,9.74,9.77,9.754999999999999,0.02999999999999936,0.003075345976422282,23.0,675.0,0.1604393038940429
2026-02-25 10:43:14,690.6,2026-03-27,30,0.08268030187721968,685.0,0.9918911091804228,691.2808346590042,-0.009127320681085628,True,put,10.06,10.09,10.075,0.02999999999999936,0.0029776674937964627,387.0,1141.0,0.1590049920654297
2026-02-25 10:43:14,690.6,2026-03-27,30,0.08268030187721968,686.0,0.9933391253982045,691.2808346590042,-0.007668531217425685,True,put,10.35,10.38,10.365,0.030000000000001137,0.0028943560057888215,17.0,496.0,0.1570518865966797
2026-02-25 10:43:14,690.6,2026-03-27,30,0.08268030187721968,687.0,0.994787141615986,691.2808346590042,-0.006211866720961561,True,put,10.62,10.66,10.64,0.040000000000000924,0.003759398496240688,140.0,599.0,0.1548241256713867
2026-02-25 10:43:14,690.6,2026-03-27,30,0.08268030187721968,688.0,0.9962351578337677,691.2808346590042,-0.00475732100996723,True,put,10.91,10.94,10.925,0.02999999999999936,0.0027459954233409025,43.0,572.0,0.1524590370178223
2026-02-25 10:43:14,690.6,2026-03-27,30,0.08268030187721968,689.0,0.9976831740515494,691.2808346590042,-0.003304887929652424,True,put,11.32,11.36,11.34,0.03999999999999915,0.0035273368606701188,29.0,320.0,0.1516961051940918
2026-02-25 10:43:14,690.6,2026-03-27,30,0.08268030187721968,690.0,0.999131190269331,691.2808346590042,-0.001854561352005919,True,put,11.68,11.71,11.695,0.030000000000001137,0.0025651988029073225,167.0,967.0,0.1499108447265625
2026-02-25 10:43:14,690.6,2026-03-27,30,0.08268030187721968,691.0,1.0005792064871126,691.2808346590042,-0.00040633517564107955,True,put,12.03,12.06,12.045,0.030000000000001137,0.0024906600249066948,314.0,570.0,0.1479577392578125
2026-02-25 10:43:14,690.6,2026-03-27,30,0.08268030187721968,692.0,1.0020272227048943,691.2808346590042,0.0010397966743585986,False,put,12.39,12.43,12.41,0.03999999999999915,0.0032232070910555317,335.0,174.0,0.1460809269714355
2026-02-25 10:43:14,690.6,2026-03-27,30,0.08268030187721968,693.0,1.003475238922676,691.2808346590042,0.0024838402465922737,False,put,12.82,12.85,12.835,0.02999999999999936,0.002337358784573382,31.0,394.0,0.1446618737792968
2026-02-25 10:43:14,690.6,2026-03-27,30,0.08268030187721968,694.0,1.0049232551404574,691.2808346590042,0.003925801563493553,False,put,13.11,13.14,13.125,0.030000000000001137,0.002285714285714372,17.0,475.0,0.1414575601196289
2026-02-25 10:43:14,690.6,2026-03-27,30,0.08268030187721968,695.0,1.0063712713582391,691.2808346590042,0.005365686621481192,False,put,13.53,13.58,13.555,0.05000000000000071,0.0036886757654002737,18.0,231.0,0.1399164378356933
2026-02-25 10:43:14,690.6,2026-03-31,34,0.09363920598680872,635.0,0.9194902982913409,691.2709117089094,-0.08490680550639182,False,call,59.34,59.74,59.540000000000006,0.3999999999999986,0.006718172657037261,14.0,1494.0,0.260200269165039
2026-02-25 10:43:14,690.6,2026-03-31,34,0.09363920598680872,640.0,0.926730379380249,691.2709117089094,-0.07706362804536593,False,call,54.61,55.07,54.84,0.46000000000000085,0.008388037928519344,44.0,3726.0,0.2500685345458984
2026-02-25 10:43:14,690.6,2026-03-31,34,0.09363920598680872,645.0,0.9339704604691572,691.2709117089094,-0.06928148760331099,False,call,50.19,50.55,50.37,0.35999999999999943,0.007147111375818929,37.0,560.0,0.2419509399414062
2026-02-25 10:43:14,690.6,2026-03-31,34,0.09363920598680872,675.0,0.9774109470026064,691.2709117089094,-0.02381911352655367,False,call,24.35,24.52,24.435000000000002,0.16999999999999815,0.006957233476570417,15.0,1089.0,0.1832357067871093
2026-02-25 10:43:14,690.6,2026-03-31,34,0.09363920598680872,679.0,0.9832030118737329,691.2709117089094,-0.017910676840387278,False,call,21.27,21.46,21.365000000000002,0.19000000000000128,0.008893049379826878,12.0,343.0,0.1763693203735352
2026-02-25 10:43:14,690.6,2026-03-31,34,0.09363920598680872,680.0,0.9846510280915146,691.2709117089094,-0.016439006228931113,False,call,20.6,20.74,20.67,0.13999999999999702,0.006773101112723609,33.0,6321.0,0.1749807844543457
2026-02-25 10:43:14,690.6,2026-03-31,34,0.09363920598680872,681.0,0.9860990443092962,691.2709117089094,-0.014969498249571108,False,call,19.73,20.03,19.880000000000003,0.3000000000000007,0.015090543259557379,58.0,604.0,0.1735922485351562
2026-02-25 10:43:14,690.6,2026-03-31,34,0.09363920598680872,685.0,0.9918911091804228,691.2709117089094,-0.00911296613685821,False,call,16.94,17.06,17.0,0.11999999999999744,0.007058823529411614,52.0,3715.0,0.1654441366577148
2026-02-25 10:43:14,690.6,2026-03-31,34,0.09363920598680872,686.0,0.9933391253982045,691.2709117089094,-0.007654176673198254,False,call,16.21,16.41,16.310000000000002,0.1999999999999993,0.012262415695892046,308.0,1043.0,0.1642387043762207
2026-02-25 10:43:14,690.6,2026-03-31,34,0.09363920598680872,688.0,0.9962351578337677,691.2709117089094,-0.004742966465739774,False,call,14.75,15.01,14.879999999999999,0.2599999999999998,0.01747311827956988,28.0,590.0,0.1602562002563476
2026-02-25 10:43:14,690.6,2026-03-31,34,0.09363920598680872,689.0,0.9976831740515494,691.2709117089094,-0.003290533385424844,False,call,14.21,14.24,14.225000000000001,0.02999999999999936,0.002108963093145825,11.0,1020.0,0.1572655075073242
2026-02-25 10:43:14,690.6,2026-03-31,34,0.09363920598680872,690.0,0.999131190269331,691.2709117089094,-0.0018402068077784375,False,call,13.53,13.57,13.55,0.040000000000000924,0.002952029520295271,91.0,5739.0,0.1553124020385742
2026-02-25 10:43:14,690.6,2026-03-31,34,0.09363920598680872,691.0,1.0005792064871126,691.2709117089094,-0.00039198063141358553,False,call,12.87,12.9,12.885,0.030000000000001137,0.0023282887077998556,21.0,1332.0,0.1532372274780273
2026-02-25 10:43:14,690.6,2026-03-31,34,0.09363920598680872,693.0,1.003475238922676,691.2709117089094,0.002498194790819793,True,call,11.63,11.66,11.645,0.02999999999999936,0.0025762129669385453,25.0,727.0,0.1498192929077148
2026-02-25 10:43:14,690.6,2026-03-31,34,0.09363920598680872,694.0,1.0049232551404574,691.2709117089094,0.003940156107721084,True,call,11.0,11.03,11.015,0.02999999999999936,0.0027235587834770186,18.0,1144.0,0.147744118347168
2026-02-25 10:43:14,690.6,2026-03-31,34,0.09363920598680872,695.0,1.0063712713582391,691.2709117089094,0.005380041165708735,True,call,10.42,10.46,10.440000000000001,0.040000000000000924,0.0038314176245211606,69.0,3136.0,0.1462487719726562
2026-02-25 10:43:14,690.6,2026-03-31,34,0.09363920598680872,696.0,1.0078192875760208,691.2709117089094,0.006817855935336271,True,call,9.87,9.9,9.885,0.030000000000001137,0.0030349013657057296,17.0,792.0,0.1447076496887206
2026-02-25 10:43:14,690.6,2026-03-31,34,0.09363920598680872,698.0,1.0107153200115842,691.2709117089094,0.00968729836328892,True,call,8.74,8.77,8.754999999999999,0.02999999999999936,0.003426613363792046,12.0,363.0,0.1409998010253906
2026-02-25 10:43:14,690.6,2026-03-31,34,0.09363920598680872,700.0,1.0136113524471473,691.2709117089094,0.012548530644321163,True,call,7.72,7.75,7.734999999999999,0.03000000000000025,0.0038784744667097935,131.0,4235.0,0.1378870391845703
2026-02-25 10:43:14,690.6,2026-03-31,34,0.09363920598680872,701.0,1.015059368664929,691.2709117089094,0.013976082635506601,True,call,7.18,7.21,7.195,0.03000000000000025,0.004169562195969458,10.0,912.0,0.1356897955322266
2026-02-25 10:43:14,690.6,2026-03-31,34,0.09363920598680872,703.0,1.0179554011004923,691.2709117089094,0.01682508741158146,True,call,6.23,6.26,6.245,0.02999999999999936,0.004803843074459465,12.0,462.0,0.1322871195983886
2026-02-25 10:43:14,690.6,2026-03-31,34,0.09363920598680872,704.0,1.019403417318274,691.2709117089094,0.018246551758958975,True,call,5.79,5.82,5.805,0.03000000000000025,0.005167958656330792,174.0,670.0,0.1307154800415039
2026-02-25 10:43:14,690.6,2026-03-31,34,0.09363920598680872,705.0,1.0208514335360557,691.2709117089094,0.019665998413185247,True,call,5.32,5.35,5.335,0.02999999999999936,0.005623242736644679,142.0,3814.0,0.1285182363891601
2026-02-25 10:43:14,690.6,2026-03-31,34,0.09363920598680872,706.0,1.0222994497538371,691.2709117089094,0.021083433094158693,True,call,4.96,4.98,4.970000000000001,0.020000000000000462,0.004024144869215384,15.0,1966.0,0.1274501318359375
2026-02-25 10:43:14,690.6,2026-03-31,34,0.09363920598680872,707.0,1.0237474659716188,691.2709117089094,0.022498861497489392,True,call,4.57,4.59,4.58,0.019999999999999574,0.004366812227074143,11.0,1119.0,0.1258632336425781
2026-02-25 10:43:14,690.6,2026-03-31,34,0.09363920598680872,709.0,1.0266434984071822,691.2709117089094,0.02532372213304396,True,call,3.83,3.85,3.84,0.020000000000000018,0.005208333333333338,15.0,675.0,0.1225368508911133
2026-02-25 10:43:14,690.6,2026-03-31,34,0.09363920598680872,710.0,1.0280915146249638,691.2709117089094,0.02673316563627759,True,call,3.51,3.52,3.5149999999999997,0.010000000000000231,0.002844950213371332,433.0,5740.0,0.1210720217895507
2026-02-25 10:43:14,690.6,2026-03-31,34,0.09363920598680872,711.0,1.0295395308427453,691.2709117089094,0.02814062540415738,True,call,3.21,3.23,3.2199999999999998,0.020000000000000018,0.006211180124223608,73.0,1073.0,0.1199733999633788
2026-02-25 10:43:14,690.6,2026-03-31,34,0.09363920598680872,712.0,1.030987547060527,691.2709117089094,0.029546107012892293,True,call,2.9,2.92,2.91,0.020000000000000018,0.006872852233676982,171.0,1284.0,0.1182644326782226
2026-02-25 10:43:14,690.6,2026-03-31,34,0.09363920598680872,713.0,1.0324355632783087,691.2709117089094,0.030949616015212483,True,call,2.64,2.66,2.6500000000000004,0.020000000000000018,0.00754716981132076,111.0,22467.0,0.1171352935791015
2026-02-25 10:43:14,690.6,2026-03-31,34,0.09363920598680872,714.0,1.0338835794960903,691.2709117089094,0.03235115794050095,True,call,2.39,2.41,2.4000000000000004,0.020000000000000018,0.00833333333333334,45.0,2052.0,0.1159146026611328
2026-02-25 10:43:14,690.6,2026-03-31,34,0.09363920598680872,715.0,1.035331595713872,691.2709117089094,0.03375073829492424,True,call,2.19,2.2,2.1950000000000003,0.010000000000000231,0.004555808656036551,355.0,5137.0,0.1151211535644531
2026-02-25 10:43:14,690.6,2026-03-31,34,0.09363920598680872,716.0,1.0367796119316537,691.2709117089094,0.03514836256156222,True,call,1.96,1.97,1.9649999999999999,0.010000000000000009,0.005089058524173033,92.0,310.0,0.1136868417358398
2026-02-25 10:43:14,690.6,2026-03-31,34,0.09363920598680872,717.0,1.0382276281494351,691.2709117089094,0.036544036200536985,True,call,1.76,1.78,1.77,0.020000000000000018,0.011299435028248598,42.0,654.0,0.1127713235473632
2026-02-25 10:43:14,690.6,2026-03-31,34,0.09363920598680872,718.0,1.0396756443672168,691.2709117089094,0.03793776464914083,True,call,1.58,1.6,1.59,0.020000000000000018,0.012578616352201269,34.0,754.0,0.111764253540039
2026-02-25 10:43:14,690.6,2026-03-31,34,0.09363920598680872,720.0,1.0425716768027802,691.2709117089094,0.04071940761101747,True,call,1.28,1.3,1.29,0.020000000000000018,0.015503875968992262,18.0,4457.0,0.1102994244384765
2026-02-25 10:43:14,690.6,2026-03-31,34,0.09363920598680872,725.0,1.0498117578916883,691.2709117089094,0.047639850455591354,True,call,0.75,0.76,0.755,0.010000000000000009,0.013245033112582794,15.0,4648.0,0.1075528698730468
2026-02-25 10:43:14,690.6,2026-03-31,34,0.09363920598680872,735.0,1.0642919200695047,691.2709117089094,0.06133869481375325,True,call,0.27,0.28,0.275,0.010000000000000009,0.03636363636363639,30.0,2096.0,0.1073087316894531
2026-02-25 10:43:14,690.6,2026-03-31,34,0.09363920598680872,736.0,1.0657399362872864,691.2709117089094,0.06269831432979284,True,call,0.24,0.25,0.245,0.010000000000000009,0.04081632653061228,10.0,542.0,0.1071866625976562
2026-02-25 10:43:14,690.6,2026-03-31,34,0.09363920598680872,740.0,1.0715320011584129,691.2709117089094,0.0681183817991319,True,call,0.17,0.18,0.175,0.009999999999999981,0.05714285714285704,49.0,5736.0,0.1088956298828125
2026-02-25 10:43:14,690.6,2026-03-31,34,0.09363920598680872,741.0,1.0729800173761945,691.2709117089094,0.06946882089700337,True,call,0.16,0.17,0.165,0.010000000000000009,0.060606060606060656,80.0,621.0,0.1096280444335937
2026-02-25 10:43:14,690.6,2026-03-31,34,0.09363920598680872,435.0,0.629887054735013,691.2709117089094,-0.46318577331039934,True,put,0.1,0.11,0.10500000000000001,0.009999999999999995,0.09523809523809518,21.0,894.0,0.5566450585937501
2026-02-25 10:43:14,690.6,2026-03-31,34,0.09363920598680872,455.0,0.6588473790906458,691.2709117089094,-0.418234385448133,True,put,0.14,0.15,0.14500000000000002,0.009999999999999981,0.06896551724137917,240.0,384.0,0.5239305419921875
2026-02-25 10:43:14,690.6,2026-03-31,34,0.09363920598680872,460.0,0.666087460179554,691.2709117089094,-0.40730531491594274,True,put,0.15,0.16,0.155,0.010000000000000009,0.06451612903225812,320.0,2939.0,0.5151415673828125
2026-02-25 10:43:14,690.6,2026-03-31,34,0.09363920598680872,470.0,0.6805676223573703,691.2709117089094,-0.3857991096949792,True,put,0.17,0.18,0.175,0.009999999999999981,0.05714285714285704,300.0,801.0,0.4985401708984375
2026-02-25 10:43:14,690.6,2026-03-31,34,0.09363920598680872,480.0,0.6950477845351868,691.2709117089094,-0.36474570049714683,True,put,0.19,0.2,0.195,0.010000000000000009,0.05128205128205133,216.0,76303.0,0.4794973925781249
2026-02-25 10:43:14,690.6,2026-03-31,34,0.09363920598680872,504.0,0.7298001737619461,691.2709117089094,-0.3159555363277149,True,put,0.27,0.28,0.275,0.010000000000000009,0.03636363636363639,19.0,630.0,0.43945873046875
2026-02-25 10:43:14,690.6,2026-03-31,34,0.09363920598680872,506.0,0.7326962061975094,691.2709117089094,-0.3119951351116179,True,put,0.27,0.28,0.275,0.010000000000000009,0.03636363636363639,29.0,483.0,0.434575966796875
2026-02-25 10:43:14,690.6,2026-03-31,34,0.09363920598680872,511.0,0.7399362872864176,691.2709117089094,-0.30216221419537903,True,put,0.3,0.31,0.305,0.010000000000000009,0.03278688524590167,39.0,361.0,0.42774009765625
2026-02-25 10:43:14,690.6,2026-03-31,34,0.09363920598680872,514.0,0.7442803359397625,691.2709117089094,-0.2963085389439183,True,put,0.31,0.32,0.315,0.010000000000000009,0.03174603174603177,29.0,1447.0,0.4221249194335937
2026-02-25 10:43:14,690.6,2026-03-31,34,0.09363920598680872,515.0,0.7457283521575442,691.2709117089094,-0.29436490373534735,True,put,0.31,0.32,0.315,0.010000000000000009,0.03174603174603177,42.0,2775.0,0.4196835375976562
2026-02-25 10:43:14,690.6,2026-03-31,34,0.09363920598680872,516.0,0.7471763683753258,691.2709117089094,-0.29242503891752075,True,put,0.32,0.33,0.325,0.010000000000000009,0.030769230769230795,31.0,236.0,0.418951123046875
2026-02-25 10:43:14,690.6,2026-03-31,34,0.09363920598680872,517.0,0.7486243845931074,691.2709117089094,-0.29048892989065433,True,put,0.32,0.33,0.325,0.010000000000000009,0.030769230769230795,15.0,166.0,0.4165097412109374
2026-02-25 10:43:14,690.6,2026-03-31,34,0.09363920598680872,518.0,0.7500724008108891,691.2709117089094,-0.28855656213960035,True,put,0.33,0.34,0.335,0.010000000000000009,0.02985074626865674,196.0,459.0,0.4155331884765625
2026-02-25 10:43:14,690.6,2026-03-31,34,0.09363920598680872,519.0,0.7515204170286707,691.2709117089094,-0.28662792123319475,True,put,0.33,0.34,0.335,0.010000000000000009,0.02985074626865674,10.0,1009.0,0.4130918066406249
2026-02-25 10:43:14,690.6,2026-03-31,34,0.09363920598680872,521.0,0.754416449464234,691.2709117089094,-0.2827817626457166,True,put,0.34,0.35,0.345,0.009999999999999953,0.02898550724637668,201.0,540.0,0.4099180102539062
2026-02-25 10:43:14,690.6,2026-03-31,34,0.09363920598680872,528.0,0.7645525629887054,691.2709117089094,-0.26943552069282195,True,put,0.38,0.39,0.385,0.010000000000000009,0.025974025974025997,29.0,327.0,0.3986876538085938
2026-02-25 10:43:14,690.6,2026-03-31,34,0.09363920598680872,529.0,0.7660005792064871,691.2709117089094,-0.26754337254078403,True,put,0.39,0.4,0.395,0.010000000000000009,0.025316455696202552,100.0,462.0,0.397466962890625
2026-02-25 10:43:14,690.6,2026-03-31,34,0.09363920598680872,530.0,0.7674485954242687,691.2709117089094,-0.265654797852916,True,put,0.39,0.4,0.395,0.010000000000000009,0.025316455696202552,163.0,151629.0,0.3950255810546875
2026-02-25 10:43:14,690.6,2026-03-31,34,0.09363920598680872,532.0,0.770344627859832,691.2709117089094,-0.2618883150574391,True,put,0.4,0.41,0.405,0.009999999999999953,0.024691358024691242,100.0,158.0,0.3916076464843749
2026-02-25 10:43:14,690.6,2026-03-31,34,0.09363920598680872,535.0,0.774688676513177,691.2709117089094,-0.256265057503077,True,put,0.42,0.43,0.425,0.010000000000000009,0.023529411764705903,30.0,708.0,0.3867248828124999
2026-02-25 10:43:14,690.6,2026-03-31,34,0.09363920598680872,536.0,0.7761366927309585,691.2709117089094,-0.2543976433282815,True,put,0.42,0.43,0.425,0.010000000000000009,0.023529411764705903,250.0,517.0,0.3842835009765625
2026-02-25 10:43:14,690.6,2026-03-31,34,0.09363920598680872,538.0,0.7790327251665219,691.2709117089094,-0.25067324423729903,True,put,0.44,0.45,0.445,0.010000000000000009,0.02247191011235957,168.0,244.0,0.3818421191406249
2026-02-25 10:43:14,690.6,2026-03-31,34,0.09363920598680872,541.0,0.7833767738198668,691.2709117089094,-0.24511252555260196,True,put,0.46,0.47,0.46499999999999997,0.009999999999999953,0.021505376344085923,307.0,807.0,0.3767152172851562
2026-02-25 10:43:14,690.6,2026-03-31,34,0.09363920598680872,544.0,0.7877208224732116,691.2709117089094,-0.23958255754314078,True,put,0.48,0.49,0.485,0.010000000000000009,0.020618556701030948,160.0,548.0,0.3715883154296875
2026-02-25 10:43:14,690.6,2026-03-31,34,0.09363920598680872,545.0,0.7891688386909933,691.2709117089094,-0.23774600973583931,True,put,0.48,0.49,0.485,0.010000000000000009,0.020618556701030948,50.0,19118.0,0.36914693359375
2026-02-25 10:43:14,690.6,2026-03-31,34,0.09363920598680872,546.0,0.790616854908775,691.2709117089094,-0.23591282865417845,True,put,0.49,0.5,0.495,0.010000000000000009,0.02020202020202022,49.0,2852.0,0.3679262426757813
2026-02-25 10:43:14,690.6,2026-03-31,34,0.09363920598680872,548.0,0.7935128873443382,691.2709117089094,-0.2322565174510679,True,put,0.51,0.52,0.515,0.010000000000000009,0.019417475728155355,26.0,433.0,0.3649965844726562
2026-02-25 10:43:14,690.6,2026-03-31,34,0.09363920598680872,549.0,0.7949609035621199,691.2709117089094,-0.2304333628895528,True,put,0.51,0.52,0.515,0.010000000000000009,0.019417475728155355,29.0,485.0,0.3625552026367187
2026-02-25 10:43:14,690.6,2026-03-31,34,0.09363920598680872,551.0,0.7978569359976831,691.2709117089094,-0.226796995246169,True,put,0.53,0.54,0.535,0.010000000000000009,0.018691588785046745,16.0,267.0,0.3596255444335937
2026-02-25 10:43:14,690.6,2026-03-31,34,0.09363920598680872,552.0,0.7993049522154648,691.2709117089094,-0.22498375812198818,True,put,0.54,0.55,0.545,0.010000000000000009,0.018348623853211024,14.0,479.0,0.3581607153320312
2026-02-25 10:43:14,690.6,2026-03-31,34,0.09363920598680872,553.0,0.8007529684332464,691.2709117089094,-0.22317380287674865,True,put,0.55,0.56,0.555,0.010000000000000009,0.018018018018018032,509.0,808.0,0.3566958862304687
2026-02-25 10:43:14,690.6,2026-03-31,34,0.09363920598680872,554.0,0.8022009846510281,691.2709117089094,-0.22136711765179962,True,put,0.56,0.57,0.565,0.009999999999999898,0.017699115044247607,30.0,318.0,0.3552310571289062
2026-02-25 10:43:14,690.6,2026-03-31,34,0.09363920598680872,556.0,0.8050970170865913,691.2709117089094,-0.21776351014850112,True,put,0.58,0.59,0.585,0.010000000000000009,0.01709401709401711,43.0,203.0,0.3520572607421874
2026-02-25 10:43:14,690.6,2026-03-31,34,0.09363920598680872,557.0,0.806545033304373,691.2709117089094,-0.21596656447179946,True,put,0.58,0.59,0.585,0.010000000000000009,0.01709401709401711,62.0,377.0,0.3496158789062499
2026-02-25 10:43:14,690.6,2026-03-31,34,0.09363920598680872,558.0,0.8079930495221547,691.2709117089094,-0.2141728420177725,True,put,0.59,0.6,0.595,0.010000000000000009,0.016806722689075647,130.0,430.0,0.3480289807128905
2026-02-25 10:43:14,690.6,2026-03-31,34,0.09363920598680872,561.0,0.8123370981754995,691.2709117089094,-0.2088108988763872,True,put,0.62,0.63,0.625,0.010000000000000009,0.016000000000000014,305.0,770.0,0.3431462170410155
2026-02-25 10:43:14,690.6,2026-03-31,34,0.09363920598680872,564.0,0.8166811468288444,691.2709117089094,-0.20347755290102454,True,put,0.65,0.66,0.655,0.010000000000000009,0.015267175572519097,56.0,316.0,0.3381413842773437
2026-02-25 10:43:14,690.6,2026-03-31,34,0.09363920598680872,566.0,0.8195771792644078,691.2709117089094,-0.19993772619590058,True,put,0.68,0.69,0.685,0.009999999999999898,0.014598540145985252,90.0,491.0,0.3357000024414062
2026-02-25 10:43:14,690.6,2026-03-31,34,0.09363920598680872,567.0,0.8210251954821893,691.2709117089094,-0.1981725006713314,True,put,0.7,0.7,0.7,0.0,0.0,148.0,304.0,0.3338689660644531
2026-02-25 10:43:14,690.6,2026-03-31,34,0.09363920598680872,569.0,0.8239212279177527,691.2709117089094,-0.1946513702727525,True,put,0.71,0.72,0.715,0.010000000000000009,0.013986013986014,42.0,797.0,0.3303289624023437
2026-02-25 10:43:14,690.6,2026-03-31,34,0.09363920598680872,570.0,0.8253692441355343,691.2709117089094,-0.19289544357048757,True,put,0.73,0.74,0.735,0.010000000000000009,0.01360544217687076,11.0,1492.0,0.3293524096679687
2026-02-25 10:43:14,690.6,2026-03-31,34,0.09363920598680872,572.0,0.8282652765710976,691.2709117089094,-0.1893928130192856,True,put,0.75,0.76,0.755,0.010000000000000009,0.013245033112582794,170.0,795.0,0.3258124060058593
2026-02-25 10:43:14,690.6,2026-03-31,34,0.09363920598680872,573.0,0.8297132927888792,691.2709117089094,-0.1876460876843439,True,put,0.76,0.77,0.765,0.010000000000000009,0.013071895424836612,302.0,352.0,0.3239813696289061
2026-02-25 10:43:14,690.6,2026-03-31,34,0.09363920598680872,574.0,0.8311613090066609,691.2709117089094,-0.18590240807951702,True,put,0.78,0.79,0.785,0.010000000000000009,0.012738853503184724,76.0,2372.0,0.3228827478027343
2026-02-25 10:43:14,690.6,2026-03-31,34,0.09363920598680872,576.0,0.8340573414422241,691.2709117089094,-0.18242414370319215,True,put,0.81,0.82,0.815,0.009999999999999898,0.012269938650306624,112.0,722.0,0.3198310205078124
2026-02-25 10:43:14,690.6,2026-03-31,34,0.09363920598680872,577.0,0.8355053576600058,691.2709117089094,-0.18068953789098394,True,put,0.82,0.83,0.825,0.010000000000000009,0.012121212121212133,79.0,2453.0,0.3179999841308593
2026-02-25 10:43:14,690.6,2026-03-31,34,0.09363920598680872,579.0,0.838401390095569,691.2709117089094,-0.1772293268260882,True,put,0.86,0.87,0.865,0.010000000000000009,0.011560693641618507,116.0,613.0,0.3154365332031249
2026-02-25 10:43:14,690.6,2026-03-31,34,0.09363920598680872,580.0,0.8398494063133507,691.2709117089094,-0.1755037008586184,True,put,0.86,0.87,0.865,0.010000000000000009,0.011560693641618507,15.0,81207.0,0.3128730822753905
2026-02-25 10:43:14,690.6,2026-03-31,34,0.09363920598680872,581.0,0.8412974225311323,691.2709117089094,-0.17378104754717216,True,put,0.88,0.89,0.885,0.010000000000000009,0.011299435028248598,64.0,569.0,0.3115303222656249
2026-02-25 10:43:14,690.6,2026-03-31,34,0.09363920598680872,584.0,0.8456414711844772,691.2709117089094,-0.1686308215708564,True,put,0.94,0.95,0.945,0.010000000000000009,0.010582010582010592,99.0,501.0,0.307502042236328
2026-02-25 10:43:14,690.6,2026-03-31,34,0.09363920598680872,585.0,0.8470894874022589,691.2709117089094,-0.16691995716722693,True,put,0.95,0.96,0.955,0.010000000000000009,0.010471204188481685,43.0,3061.0,0.3055489367675781
2026-02-25 10:43:14,690.6,2026-03-31,34,0.09363920598680872,590.0,0.854329568491167,691.2709117089094,-0.1584092674993183,True,put,1.05,1.06,1.0550000000000002,0.010000000000000009,0.009478672985781998,159.0,80263.0,0.2981027221679687
2026-02-25 10:43:14,690.6,2026-03-31,34,0.09363920598680872,600.0,0.8688097306689835,691.2709117089094,-0.14160214918293706,True,put,1.27,1.29,1.28,0.020000000000000018,0.015625000000000014,92.0,25256.0,0.2828440856933593
2026-02-25 10:43:14,690.6,2026-03-31,34,0.09363920598680872,605.0,0.8760498117578916,691.2709117089094,-0.13330334636824198,True,put,1.42,1.43,1.4249999999999998,0.010000000000000009,0.00701754385964913,41.0,7233.0,0.2753978710937499
2026-02-25 10:43:14,690.6,2026-03-31,34,0.09363920598680872,610.0,0.8832898928467998,691.2709117089094,-0.1250728472317265,True,put,1.59,1.6,1.5950000000000002,0.010000000000000009,0.006269592476489033,53.0,2821.0,0.2683178637695312
2026-02-25 10:43:14,690.6,2026-03-31,34,0.09363920598680872,615.0,0.8905299739357081,691.2709117089094,-0.11690953659256557,True,put,1.77,1.78,1.775,0.010000000000000009,0.005633802816901414,79.0,3281.0,0.2608106146240234
2026-02-25 10:43:14,690.6,2026-03-31,34,0.09363920598680872,620.0,0.8977700550246163,691.2709117089094,-0.10881232635994621,True,put,1.97,1.98,1.975,0.010000000000000009,0.005063291139240511,61.0,9034.0,0.2531812963867187
2026-02-25 10:43:14,690.6,2026-03-31,34,0.09363920598680872,621.0,0.8992180712423978,691.2709117089094,-0.10720072246560466,True,put,2.04,2.05,2.045,0.009999999999999787,0.004889975550122145,18.0,714.0,0.2525099163818359
2026-02-25 10:43:14,690.6,2026-03-31,34,0.09363920598680872,623.0,0.9021141036779612,691.2709117089094,-0.10398528561163037,True,put,2.15,2.16,2.1550000000000002,0.010000000000000231,0.004640371229698482,121.0,729.0,0.2500075
2026-02-25 10:43:14,690.6,2026-03-31,34,0.09363920598680872,625.0,0.9050101361135244,691.2709117089094,-0.10078015466268196,True,put,2.24,2.25,2.245,0.009999999999999787,0.004454342984409705,678.0,6238.0,0.2467726690673828
2026-02-25 10:43:14,690.6,2026-03-31,34,0.09363920598680872,626.0,0.9064581523313061,691.2709117089094,-0.0991814332989849,True,put,2.29,2.31,2.3,0.020000000000000018,0.008695652173913052,30.0,857.0,0.2454909436035156
2026-02-25 10:43:14,690.6,2026-03-31,34,0.09363920598680872,627.0,0.9079061685490877,691.2709117089094,-0.09758526376616271,True,put,2.34,2.35,2.3449999999999998,0.010000000000000231,0.004264392324093915,38.0,1228.0,0.2436599072265625
2026-02-25 10:43:14,690.6,2026-03-31,34,0.09363920598680872,628.0,0.9093541847668694,691.2709117089094,-0.09599163793088483,True,put,2.42,2.43,2.425,0.010000000000000231,0.004123711340206281,22.0,507.0,0.2428664581298827
2026-02-25 10:43:14,690.6,2026-03-31,34,0.09363920598680872,630.0,0.9122502172024326,691.2709117089094,-0.09281198501350509,True,put,2.54,2.56,2.55,0.020000000000000018,0.007843137254901968,84.0,7658.0,0.2403030072021484
2026-02-25 10:43:14,690.6,2026-03-31,34,0.09363920598680872,634.0,0.9180422820735592,691.2709117089094,-0.08648284996185757,True,put,2.78,2.8,2.79,0.020000000000000018,0.007168458781362013,50.0,315.0,0.2341385180664062
2026-02-25 10:43:14,690.6,2026-03-31,34,0.09363920598680872,635.0,0.9194902982913409,691.2709117089094,-0.08490680550639182,True,put,2.87,2.89,2.88,0.020000000000000018,0.006944444444444451,65.0,7484.0,0.2331924826049805
2026-02-25 10:43:14,690.6,2026-03-31,34,0.09363920598680872,636.0,0.9209383145091224,691.2709117089094,-0.0833332410589613,True,put,2.91,2.92,2.915,0.009999999999999787,0.0034305317324184515,10.0,230.0,0.2307816180419922
2026-02-25 10:43:14,690.6,2026-03-31,34,0.09363920598680872,638.0,0.9238343469446858,691.2709117089094,-0.08019352105429352,True,put,3.08,3.09,3.085,0.009999999999999787,0.0032414910858994447,10.0,872.0,0.2284317880249023
2026-02-25 10:43:14,690.6,2026-03-31,34,0.09363920598680872,640.0,0.926730379380249,691.2709117089094,-0.07706362804536593,True,put,3.26,3.27,3.2649999999999997,0.010000000000000231,0.0030627871362940984,34.0,11163.0,0.2260819580078125
2026-02-25 10:43:14,690.6,2026-03-31,34,0.09363920598680872,642.0,0.9296264118158123,691.2709117089094,-0.07394350070912224,True,put,3.41,3.43,3.42,0.020000000000000018,0.005847953216374275,98.0,845.0,0.2230607479858398
2026-02-25 10:43:14,690.6,2026-03-31,34,0.09363920598680872,643.0,0.931074428033594,691.2709117089094,-0.07238708016146402,True,put,3.5,3.52,3.51,0.020000000000000018,0.0056980056980057035,66.0,557.0,0.2216874707031249
2026-02-25 10:43:14,690.6,2026-03-31,34,0.09363920598680872,645.0,0.9339704604691572,691.2709117089094,-0.06928148760331099,True,put,3.69,3.71,3.7,0.020000000000000018,0.00540540540540541,17.0,3300.0,0.2190019506835937
2026-02-25 10:43:14,690.6,2026-03-31,34,0.09363920598680872,646.0,0.9354184766869389,691.2709117089094,-0.0677323006164816,True,put,3.78,3.8,3.79,0.020000000000000018,0.0052770448548812715,47.0,18633.0,0.2174455697631835
2026-02-25 10:43:14,690.6,2026-03-31,34,0.09363920598680872,647.0,0.9368664929047205,691.2709117089094,-0.06618550989818286,True,put,3.88,3.89,3.885,0.010000000000000231,0.0025740025740026338,62.0,1148.0,0.2158586715698242
2026-02-25 10:43:14,690.6,2026-03-31,34,0.09363920598680872,648.0,0.9383145091225021,691.2709117089094,-0.06464110804680871,True,put,3.98,3.99,3.9850000000000003,0.010000000000000231,0.002509410288582241,13.0,1356.0,0.2144243597412109
2026-02-25 10:43:14,690.6,2026-03-31,34,0.09363920598680872,649.0,0.9397625253402838,691.2709117089094,-0.0630990876949935,True,put,4.09,4.11,4.1,0.020000000000000462,0.004878048780487918,51.0,2554.0,0.2132647033691406
2026-02-25 10:43:14,690.6,2026-03-31,34,0.09363920598680872,650.0,0.9412105415580654,691.2709117089094,-0.06155944150940068,True,put,4.19,4.2,4.195,0.009999999999999787,0.0023837902264600207,162.0,14402.0,0.2115252188110351
2026-02-25 10:43:14,690.6,2026-03-31,34,0.09363920598680872,651.0,0.9426585577758471,691.2709117089094,-0.06002216219051421,True,put,4.26,4.28,4.27,0.020000000000000462,0.004683840749414628,65.0,483.0,0.2095415960693359
2026-02-25 10:43:14,690.6,2026-03-31,34,0.09363920598680872,652.0,0.9441065739936287,691.2709117089094,-0.05848724247243048,True,put,4.4,4.42,4.41,0.019999999999999574,0.004535147392290152,87.0,10301.0,0.2085955606079101
2026-02-25 10:43:14,690.6,2026-03-31,34,0.09363920598680872,653.0,0.9455545902114103,691.2709117089094,-0.05695467512265235,True,put,4.5,4.52,4.51,0.019999999999999574,0.0044345898004433644,14.0,380.0,0.2068560760498046
2026-02-25 10:43:14,690.6,2026-03-31,34,0.09363920598680872,654.0,0.947002606429192,691.2709117089094,-0.0554244529418848,True,put,4.6,4.62,4.609999999999999,0.020000000000000462,0.004338394793926348,15.0,649.0,0.2050555569458007
2026-02-25 10:43:14,690.6,2026-03-31,34,0.09363920598680872,655.0,0.9484506226469737,691.2709117089094,-0.05389656876383156,True,put,4.72,4.74,4.73,0.020000000000000462,0.004228329809725256,30.0,4134.0,0.203560210571289
2026-02-25 10:43:14,690.6,2026-03-31,34,0.09363920598680872,656.0,0.9498986388647552,691.2709117089094,-0.05237101545499442,True,put,4.89,4.92,4.904999999999999,0.03000000000000025,0.006116207951070388,11.0,263.0,0.2030108996582031
2026-02-25 10:43:14,690.6,2026-03-31,34,0.09363920598680872,660.0,0.9556907037358818,691.2709117089094,-0.046291969378612255,True,put,5.39,5.41,5.4,0.020000000000000462,0.003703703703703789,155.0,9727.0,0.1962665823364258
2026-02-25 10:43:14,690.6,2026-03-31,34,0.09363920598680872,665.0,0.96293078482479,691.2709117089094,-0.03874476374322935,True,put,6.18,6.21,6.195,0.03000000000000025,0.004842615012106578,48.0,5664.0,0.1892170922851562
2026-02-25 10:43:14,690.6,2026-03-31,34,0.09363920598680872,666.0,0.9643788010425717,691.2709117089094,-0.03724213385869433,True,put,6.28,6.3,6.29,0.019999999999999574,0.0031796502384737,18.0,602.0,0.1865468309020996
2026-02-25 10:43:14,690.6,2026-03-31,34,0.09363920598680872,667.0,0.9658268172603532,691.2709117089094,-0.03574175848345972,True,put,6.48,6.51,6.495,0.02999999999999936,0.004618937644341702,50.0,334.0,0.1855550195312499
2026-02-25 10:43:14,690.6,2026-03-31,34,0.09363920598680872,670.0,0.9701708659136982,691.2709117089094,-0.03125409201407175,True,put,7.04,7.05,7.045,0.009999999999999787,0.0014194464158977696,146.0,6954.0,0.1808248422241211
2026-02-25 10:43:14,690.6,2026-03-31,34,0.09363920598680872,672.0,0.9730668983492615,691.2709117089094,-0.028273463875933904,True,put,7.44,7.47,7.455,0.02999999999999936,0.004024144869215206,62.0,1155.0,0.1780477703857422
2026-02-25 10:43:14,690.6,2026-03-31,34,0.09363920598680872,674.0,0.9759629307848248,691.2709117089094,-0.02530169348677637,True,put,7.82,7.85,7.835,0.02999999999999936,0.003828972559029912,17.0,331.0,0.1744009562683106
2026-02-25 10:43:14,690.6,2026-03-31,34,0.09363920598680872,675.0,0.9774109470026064,691.2709117089094,-0.02381911352655367,True,put,8.01,8.04,8.024999999999999,0.02999999999999936,0.0037383177570092666,153.0,5500.0,0.1724325921630859
2026-02-25 10:43:14,690.6,2026-03-31,34,0.09363920598680872,676.0,0.978858963220388,691.2709117089094,-0.02233872835611938,True,put,8.19,8.22,8.205,0.030000000000001137,0.0036563071297990414,11.0,482.0,0.1702658657836914
2026-02-25 10:43:14,690.6,2026-03-31,34,0.09363920598680872,677.0,0.9803069794381697,691.2709117089094,-0.020860531486808456,True,put,8.45,8.48,8.465,0.030000000000001137,0.003544004725339768,10.0,691.0,0.1690451748657226
2026-02-25 10:43:14,690.6,2026-03-31,34,0.09363920598680872,679.0,0.9832030118737329,691.2709117089094,-0.017910676840387278,True,put,8.97,9.0,8.985,0.02999999999999936,0.003338898163605939,29.0,1334.0,0.1662375857543945
2026-02-25 10:43:14,690.6,2026-03-31,34,0.09363920598680872,680.0,0.9846510280915146,691.2709117089094,-0.016439006228931113,True,put,9.19,9.22,9.205,0.030000000000001137,0.00325909831613266,276.0,4663.0,0.1641929284667969
2026-02-25 10:43:14,690.6,2026-03-31,34,0.09363920598680872,681.0,0.9860990443092962,691.2709117089094,-0.014969498249571108,True,put,9.45,9.48,9.465,0.030000000000001137,0.003169572107765572,11.0,871.0,0.162544995727539
2026-02-25 10:43:14,690.6,2026-03-31,34,0.09363920598680872,684.0,0.9904430929626411,691.2709117089094,-0.010573886776532948,True,put,10.33,10.36,10.344999999999999,0.02999999999999936,0.0028999516674721474,12.0,627.0,0.1580894738769531
2026-02-25 10:43:14,690.6,2026-03-31,34,0.09363920598680872,685.0,0.9918911091804228,691.2709117089094,-0.00911296613685821,True,put,10.57,10.61,10.59,0.03999999999999915,0.0037771482530688525,470.0,9329.0,0.1558617129516601
2026-02-25 10:43:14,690.6,2026-03-31,34,0.09363920598680872,686.0,0.9933391253982045,691.2709117089094,-0.007654176673198254,True,put,10.93,10.96,10.945,0.030000000000001137,0.0027409776153495785,11.0,921.0,0.1547020565795898
2026-02-25 10:43:14,690.6,2026-03-31,34,0.09363920598680872,687.0,0.994787141615986,691.2709117089094,-0.006197512176734117,True,put,11.18,11.21,11.195,0.030000000000001137,0.002679767753461468,19.0,749.0,0.1522148988342285
2026-02-25 10:43:14,690.6,2026-03-31,34,0.09363920598680872,688.0,0.9962351578337677,691.2709117089094,-0.004742966465739774,True,put,11.51,11.54,11.524999999999999,0.02999999999999936,0.0026030368763556933,165.0,972.0,0.1505517074584961
2026-02-25 10:43:14,690.6,2026-03-31,34,0.09363920598680872,689.0,0.9976831740515494,691.2709117089094,-0.003290533385424844,True,put,11.88,11.9,11.89,0.019999999999999574,0.0016820857863750693,11.0,740.0,0.1491173956298828
2026-02-25 10:43:14,690.6,2026-03-31,34,0.09363920598680872,690.0,0.999131190269331,691.2709117089094,-0.0018402068077784375,True,put,12.25,12.26,12.254999999999999,0.009999999999999787,0.0008159934720522062,828.0,2724.0,0.1475304974365234
2026-02-25 10:43:14,690.6,2026-03-31,34,0.09363920598680872,691.0,1.0005792064871126,691.2709117089094,-0.00039198063141358553,True,put,12.6,12.63,12.615,0.030000000000001137,0.0023781212841855835,160.0,1548.0,0.1459283406066894
2026-02-25 10:43:14,690.6,2026-03-31,34,0.09363920598680872,692.0,1.0020272227048943,691.2709117089094,0.001054151218586105,False,put,12.96,12.99,12.975000000000001,0.02999999999999936,0.0023121387283236497,160.0,684.0,0.1440515283203124
2026-02-25 10:43:14,690.6,2026-03-31,34,0.09363920598680872,694.0,1.0049232551404574,691.2709117089094,0.003940156107721084,False,put,13.72,13.75,13.735,0.02999999999999936,0.0021842009464870305,23.0,774.0,0.1402979037475585
2026-02-25 10:43:14,690.6,2026-03-31,34,0.09363920598680872,695.0,1.0063712713582391,691.2709117089094,0.005380041165708735,False,put,14.03,14.07,14.05,0.040000000000000924,0.0028469750889680372,11.0,2127.0,0.1374750559997559
2026-02-25 10:43:14,690.6,2026-03-31,34,0.09363920598680872,700.0,1.0136113524471473,691.2709117089094,0.012548530644321163,False,put,16.36,16.55,16.455,0.19000000000000128,0.011546642357945992,62.0,1513.0,0.1311122045898437
2026-02-25 10:43:14,690.6,2026-03-31,34,0.09363920598680872,701.0,1.015059368664929,691.2709117089094,0.013976082635506601,False,put,16.73,16.94,16.835,0.21000000000000085,0.012474012474012523,30.0,266.0,0.127938408203125
2026-02-25 10:43:14,690.6,2026-03-31,34,0.09363920598680872,703.0,1.0179554011004923,691.2709117089094,0.01682508741158146,False,put,17.9,18.11,18.005,0.21000000000000085,0.011663426825881748,301.0,1188.0,0.1258327163696289
2026-02-25 10:43:14,690.6,2026-03-31,34,0.09363920598680872,707.0,1.0237474659716188,691.2709117089094,0.022498861497489392,False,put,20.36,20.64,20.5,0.28000000000000114,0.01365853658536591,202.0,150.0,0.1216213327026367
2026-02-25 10:43:14,690.6,2026-03-31,34,0.09363920598680872,710.0,1.0280915146249638,691.2709117089094,0.02673316563627759,False,put,22.31,22.63,22.47,0.3200000000000003,0.01424121050289276,18.0,326.0,0.1173489144897461
2026-02-25 10:43:14,690.6,2026-04-02,36,0.09911865804160325,681.0,0.9860990443092962,691.6236595079188,-0.015479656889285213,False,call,20.43,20.71,20.57,0.28000000000000114,0.01361205639280511,40.0,138.0,0.1769186312866211
2026-02-25 10:43:14,690.6,2026-04-02,36,0.09911865804160325,684.0,0.9904430929626411,691.6236595079188,-0.011084045416247046,False,call,18.31,18.55,18.43,0.240000000000002,0.013022246337493326,52.0,144.0,0.1717612121582031
2026-02-25 10:43:14,690.6,2026-04-02,36,0.09911865804160325,689.0,0.9976831740515494,691.6236595079188,-0.0038006920251389665,False,call,14.99,15.03,15.01,0.03999999999999915,0.0026648900732844203,12.0,136.0,0.1619804261779785
2026-02-25 10:43:14,690.6,2026-04-02,36,0.09911865804160325,690.0,0.999131190269331,691.6236595079188,-0.002350365447492521,False,call,14.24,14.28,14.26,0.03999999999999915,0.0028050490883589864,52.0,175.0,0.1591575784301758
2026-02-25 10:43:14,690.6,2026-04-02,36,0.09911865804160325,695.0,1.0063712713582391,691.6236595079188,0.004869882525994626,True,call,11.19,11.23,11.21,0.040000000000000924,0.003568242640499636,16.0,192.0,0.1510705010986328
2026-02-25 10:43:14,690.6,2026-04-02,36,0.09911865804160325,698.0,1.0107153200115842,691.6236595079188,0.009177139723574928,True,call,9.44,9.48,9.46,0.040000000000000924,0.004228329809725256,104.0,115.0,0.1454095469665527
2026-02-25 10:43:14,690.6,2026-04-02,36,0.09911865804160325,700.0,1.0136113524471473,691.6236595079188,0.012038372004607029,True,call,8.32,8.36,8.34,0.03999999999999915,0.004796163069544263,22.0,385.0,0.1413660083007812
2026-02-25 10:43:14,690.6,2026-04-02,36,0.09911865804160325,702.0,1.0165073848827106,691.6236595079188,0.014891440987013595,True,call,7.31,7.34,7.324999999999999,0.03000000000000025,0.004095563139931775,11.0,121.0,0.1377649700927734
2026-02-25 10:43:14,690.6,2026-04-02,36,0.09911865804160325,703.0,1.0179554011004923,691.6236595079188,0.01631492877186744,True,call,6.92,6.95,6.9350000000000005,0.03000000000000025,0.004325883201153604,106.0,305.0,0.1371851419067383
2026-02-25 10:43:14,690.6,2026-04-02,36,0.09911865804160325,704.0,1.019403417318274,691.6236595079188,0.017736393119244777,True,call,6.41,6.45,6.43,0.040000000000000036,0.006220839813374812,12.0,132.0,0.135048932800293
2026-02-25 10:43:14,690.6,2026-04-02,36,0.09911865804160325,706.0,1.0222994497538371,691.6236595079188,0.02057327445444457,True,call,5.52,5.55,5.535,0.03000000000000025,0.0054200542005420505,409.0,347.0,0.1313868600463867
2026-02-25 10:43:14,690.6,2026-04-02,36,0.09911865804160325,707.0,1.0237474659716188,691.6236595079188,0.02198870285777531,True,call,5.13,5.17,5.15,0.040000000000000036,0.0077669902912621425,21.0,988.0,0.1301661691284179
2026-02-25 10:43:14,690.6,2026-04-02,36,0.09911865804160325,710.0,1.0280915146249638,691.6236595079188,0.02622300699656362,True,call,4.04,4.07,4.055,0.03000000000000025,0.007398273736128298,31.0,1517.0,0.125710647277832
2026-02-25 10:43:14,690.6,2026-04-02,36,0.09911865804160325,720.0,1.0425716768027802,691.6236595079188,0.04020924897130346,True,call,1.61,1.63,1.62,0.019999999999999796,0.012345679012345552,51.0,1063.0,0.1146328771972656
2026-02-25 10:43:14,690.6,2026-04-02,36,0.09911865804160325,725.0,1.0498117578916883,691.6236595079188,0.04712969181587731,True,call,0.97,0.99,0.98,0.020000000000000018,0.02040816326530614,19.0,976.0,0.1115201153564453
2026-02-25 10:43:14,690.6,2026-04-02,36,0.09911865804160325,510.0,0.7384882710686359,691.6236595079188,-0.3046312373204261,True,put,0.35,0.36,0.355,0.010000000000000009,0.028169014084507067,175.0,380.0,0.426763544921875
2026-02-25 10:43:14,690.6,2026-04-02,36,0.09911865804160325,600.0,0.8688097306689835,691.6236595079188,-0.14211230782265113,True,put,1.46,1.47,1.4649999999999999,0.010000000000000009,0.006825938566552908,127.0,5558.0,0.2828440856933593
2026-02-25 10:43:14,690.6,2026-04-02,36,0.09911865804160325,605.0,0.8760498117578916,691.6236595079188,-0.13381350500795608,True,put,1.61,1.63,1.62,0.019999999999999796,0.012345679012345552,118.0,1512.0,0.2757030438232422
2026-02-25 10:43:14,690.6,2026-04-02,36,0.09911865804160325,610.0,0.8832898928467998,691.6236595079188,-0.12558300587144064,True,put,1.79,1.8,1.795,0.010000000000000009,0.005571030640668529,11.0,1433.0,0.2681957946777343
2026-02-25 10:43:14,690.6,2026-04-02,36,0.09911865804160325,615.0,0.8905299739357081,691.6236595079188,-0.11741969523227973,True,put,1.97,1.99,1.98,0.020000000000000018,0.01010101010101011,12.0,132.0,0.2606275109863281
2026-02-25 10:43:14,690.6,2026-04-02,36,0.09911865804160325,620.0,0.8977700550246163,691.6236595079188,-0.10932248499966027,True,put,2.22,2.25,2.2350000000000003,0.029999999999999805,0.01342281879194622,26.0,415.0,0.2543714700317383
2026-02-25 10:43:14,690.6,2026-04-02,36,0.09911865804160325,625.0,0.9050101361135244,691.6236595079188,-0.10129031330239605,True,put,2.49,2.51,2.5,0.019999999999999574,0.00799999999999983,28.0,1192.0,0.2471388763427734
2026-02-25 10:43:14,690.6,2026-04-02,36,0.09911865804160325,630.0,0.9122502172024326,691.6236595079188,-0.0933221436532192,True,put,2.79,2.82,2.8049999999999997,0.029999999999999805,0.010695187165775333,10.0,1741.0,0.2402419726562499
2026-02-25 10:43:14,690.6,2026-04-02,36,0.09911865804160325,635.0,0.9194902982913409,691.6236595079188,-0.08541696414610583,True,put,3.11,3.14,3.125,0.03000000000000025,0.009600000000000079,11.0,857.0,0.2325516198730468
2026-02-25 10:43:14,690.6,2026-04-02,36,0.09911865804160325,640.0,0.926730379380249,691.6236595079188,-0.07757378668507997,True,put,3.55,3.57,3.5599999999999996,0.020000000000000018,0.0056179775280898936,11.0,600.0,0.2262040270996093
2026-02-25 10:43:14,690.6,2026-04-02,36,0.09911865804160325,645.0,0.9339704604691572,691.6236595079188,-0.06979164624302506,True,put,4.01,4.04,4.025,0.03000000000000025,0.007453416149068384,69.0,486.0,0.2193681579589843
2026-02-25 10:43:14,690.6,2026-04-02,36,0.09911865804160325,650.0,0.9412105415580654,691.6236595079188,-0.062069600149114786,True,put,4.51,4.52,4.515,0.009999999999999787,0.002214839424141703,181.0,843.0,0.2114336669921874
2026-02-25 10:43:14,690.6,2026-04-02,36,0.09911865804160325,655.0,0.9484506226469737,691.6236595079188,-0.054406727403545574,True,put,5.13,5.16,5.145,0.03000000000000025,0.005830903790087512,14.0,646.0,0.2049029705810546
2026-02-25 10:43:14,690.6,2026-04-02,36,0.09911865804160325,660.0,0.9556907037358818,691.6236595079188,-0.04680212801832629,True,put,5.77,5.8,5.785,0.03000000000000025,0.005185825410544555,14.0,576.0,0.1968464105224609
2026-02-25 10:43:14,690.6,2026-04-02,36,0.09911865804160325,665.0,0.96293078482479,691.6236595079188,-0.03925492238294341,True,put,6.56,6.59,6.574999999999999,0.03000000000000025,0.00456273764258559,21.0,208.0,0.1894307131958008
2026-02-25 10:43:14,690.6,2026-04-02,36,0.09911865804160325,670.0,0.9701708659136982,691.6236595079188,-0.03176425065378584,True,put,7.47,7.5,7.484999999999999,0.03000000000000025,0.004008016032064162,76.0,470.0,0.1818624295043945
2026-02-25 10:43:14,690.6,2026-04-02,36,0.09911865804160325,671.0,0.9716188821314798,691.6236595079188,-0.030272826067115725,True,put,7.62,7.65,7.635,0.03000000000000025,0.003929273084479404,11.0,156.0,0.1797109617614746
2026-02-25 10:43:14,690.6,2026-04-02,36,0.09911865804160325,675.0,0.9774109470026064,691.6236595079188,-0.024329272166267676,True,put,8.53,8.56,8.545,0.030000000000001137,0.003510825043885446,42.0,424.0,0.174263628540039
2026-02-25 10:43:14,690.6,2026-04-02,36,0.09911865804160325,680.0,0.9846510280915146,691.6236595079188,-0.016949164868645145,True,put,9.72,9.76,9.74,0.03999999999999915,0.0041067761806980645,192.0,878.0,0.1661765512084961
2026-02-25 10:43:14,690.6,2026-04-02,36,0.09911865804160325,685.0,0.9918911091804228,691.6236595079188,-0.009623124776572269,True,put,11.1,11.14,11.120000000000001,0.040000000000000924,0.003597122302158356,124.0,422.0,0.1577537838745117
2026-02-25 10:43:14,690.6,2026-04-02,36,0.09911865804160325,688.0,0.9962351578337677,691.6236595079188,-0.005253125105453825,True,put,11.97,12.01,11.99,0.03999999999999915,0.003336113427856476,92.0,221.0,0.1518334329223633
2026-02-25 10:43:14,690.6,2026-04-02,36,0.09911865804160325,690.0,0.999131190269331,691.6236595079188,-0.002350365447492521,True,put,12.7,12.75,12.725,0.05000000000000071,0.003929273084479427,1820.0,121.0,0.1490868783569335
2026-02-25 10:43:14,690.6,2026-04-17,51,0.14021454845256215,635.0,0.9194902982913409,692.482429032783,-0.08665786560903739,False,call,61.92,62.26,62.09,0.3399999999999963,0.005475922048639012,31.0,488.0,0.2538526763916016
2026-02-25 10:43:14,690.6,2026-04-17,51,0.14021454845256215,650.0,0.9412105415580654,692.482429032783,-0.06331050161204622,False,call,48.83,49.07,48.95,0.240000000000002,0.004902962206333033,24.0,551.0,0.2316055844116211
2026-02-25 10:43:14,690.6,2026-04-17,51,0.14021454845256215,655.0,0.9484506226469737,692.482429032783,-0.05564762886647706,False,call,44.38,44.64,44.510000000000005,0.259999999999998,0.00584138395866093,11.0,191.0,0.2221452297973632
2026-02-25 10:43:14,690.6,2026-04-17,51,0.14021454845256215,670.0,0.9701708659136982,692.482429032783,-0.03300515211671722,False,call,31.98,32.26,32.12,0.2799999999999976,0.008717310087173026,22.0,563.0,0.1983722741699218
2026-02-25 10:43:14,690.6,2026-04-17,51,0.14021454845256215,675.0,0.9774109470026064,692.482429032783,-0.025570173629199208,False,call,28.2,28.39,28.295,0.19000000000000128,0.006714967308711831,17.0,1216.0,0.1907276972961425
2026-02-25 10:43:14,690.6,2026-04-17,51,0.14021454845256215,677.0,0.9803069794381697,692.482429032783,-0.022611591589454024,False,call,26.57,26.81,26.689999999999998,0.23999999999999844,0.008992131884600916,22.0,276.0,0.1869435554504394
2026-02-25 10:43:14,690.6,2026-04-17,51,0.14021454845256215,679.0,0.9832030118737329,692.482429032783,-0.01966173694303287,False,call,25.15,25.38,25.265,0.23000000000000043,0.009103502869582444,35.0,194.0,0.1844258804321288
2026-02-25 10:43:14,690.6,2026-04-17,51,0.14021454845256215,681.0,0.9860990443092962,692.482429032783,-0.016720558352216613,False,call,23.69,23.91,23.8,0.21999999999999886,0.009243697478991548,48.0,787.0,0.1812520840454101
2026-02-25 10:43:14,690.6,2026-04-17,51,0.14021454845256215,683.0,0.9889950767448595,692.482429032783,-0.0137880049309389,False,call,22.17,22.44,22.305,0.2699999999999996,0.012104909213180881,12.0,1019.0,0.1778036322021484
2026-02-25 10:43:14,690.6,2026-04-17,51,0.14021454845256215,685.0,0.9918911091804228,692.482429032783,-0.01086402623950377,False,call,20.82,20.95,20.884999999999998,0.129999999999999,0.006224563083552742,77.0,3342.0,0.1738974212646484
2026-02-25 10:43:14,690.6,2026-04-17,51,0.14021454845256215,687.0,0.994787141615986,692.482429032783,-0.007948572279379703,False,call,19.4,19.58,19.49,0.17999999999999972,0.00923550538737813,17.0,1265.0,0.1708456939697266
2026-02-25 10:43:14,690.6,2026-04-17,51,0.14021454845256215,688.0,0.9962351578337677,692.482429032783,-0.006494026568385372,False,call,18.71,18.9,18.805,0.18999999999999773,0.010103695825578183,24.0,2118.0,0.1692587957763672
2026-02-25 10:43:14,690.6,2026-04-17,51,0.14021454845256215,689.0,0.9976831740515494,692.482429032783,-0.005041593488070454,False,call,18.11,18.26,18.185000000000002,0.15000000000000213,0.008248556502612159,12.0,1249.0,0.1679618116760254
2026-02-25 10:43:14,690.6,2026-04-17,51,0.14021454845256215,690.0,0.999131190269331,692.482429032783,-0.00359126691042395,False,call,17.47,17.5,17.485,0.030000000000001137,0.0017157563625965764,278.0,5154.0,0.1654441366577148
2026-02-25 10:43:14,690.6,2026-04-17,51,0.14021454845256215,691.0,1.0005792064871126,692.482429032783,-0.002143040734059111,False,call,16.87,16.9,16.884999999999998,0.029999999999997584,0.0017767249037605915,29.0,1054.0,0.1643607734680175
2026-02-25 10:43:14,690.6,2026-04-17,51,0.14021454845256215,692.0,1.0020272227048943,692.482429032783,-0.0006969088840594331,False,call,16.19,16.22,16.205,0.029999999999997584,0.0018512804689909033,39.0,916.0,0.1624381852722168
2026-02-25 10:43:14,690.6,2026-04-17,51,0.14021454845256215,695.0,1.0063712713582391,692.482429032783,0.0036289810630631583,True,call,14.43,14.45,14.44,0.019999999999999574,0.001385041551246508,74.0,6222.0,0.1586998193359375
2026-02-25 10:43:14,690.6,2026-04-17,51,0.14021454845256215,696.0,1.0078192875760208,692.482429032783,0.005066795832690572,True,call,13.73,13.76,13.745000000000001,0.02999999999999936,0.00218261185885772,13.0,955.0,0.1562889547729492
2026-02-25 10:43:14,690.6,2026-04-17,51,0.14021454845256215,700.0,1.0136113524471473,692.482429032783,0.010797470541675631,True,call,11.43,11.46,11.445,0.030000000000001137,0.0026212319790302435,197.0,8068.0,0.1500786897277832
2026-02-25 10:43:14,690.6,2026-04-17,51,0.14021454845256215,702.0,1.0165073848827106,692.482429032783,0.013650539524082095,True,call,10.42,10.45,10.434999999999999,0.02999999999999936,0.0028749401054144097,72.0,1078.0,0.1476983424377441
2026-02-25 10:43:14,690.6,2026-04-17,51,0.14021454845256215,703.0,1.0179554011004923,692.482429032783,0.015074027308935778,True,call,9.86,9.88,9.870000000000001,0.02000000000000135,0.0020263424518745035,87.0,1032.0,0.1456689437866211
2026-02-25 10:43:14,690.6,2026-04-17,51,0.14021454845256215,704.0,1.019403417318274,692.482429032783,0.016495491656313394,True,call,9.36,9.38,9.370000000000001,0.02000000000000135,0.002134471718249877,79.0,551.0,0.1442346319580078
2026-02-25 10:43:14,690.6,2026-04-17,51,0.14021454845256215,705.0,1.0208514335360557,692.482429032783,0.017914938310539544,True,call,8.87,8.9,8.885,0.030000000000001137,0.0033764772087789686,64.0,2652.0,0.1428766133117676
2026-02-25 10:43:14,690.6,2026-04-17,51,0.14021454845256215,707.0,1.0237474659716188,692.482429032783,0.020747801394843664,True,call,7.95,7.98,7.965,0.03000000000000025,0.0037664783427495607,77.0,1463.0,0.1401910932922363
2026-02-25 10:43:14,690.6,2026-04-17,51,0.14021454845256215,710.0,1.0280915146249638,692.482429032783,0.024982105533632146,True,call,6.68,6.7,6.6899999999999995,0.020000000000000462,0.0029895366218236864,179.0,3895.0,0.1362085891723632
2026-02-25 10:43:14,690.6,2026-04-17,51,0.14021454845256215,711.0,1.0295395308427453,692.482429032783,0.02638956530151182,True,call,6.28,6.3,6.29,0.019999999999999574,0.0031796502384737,17.0,1849.0,0.1348963464355469
2026-02-25 10:43:14,690.6,2026-04-17,51,0.14021454845256215,714.0,1.0338835794960903,692.482429032783,0.030600097837855462,True,call,5.22,5.24,5.23,0.020000000000000462,0.0038240917782027648,55.0,1301.0,0.1316462568664551
2026-02-25 10:43:14,690.6,2026-04-17,51,0.14021454845256215,715.0,1.035331595713872,692.482429032783,0.03199967819227863,True,call,4.88,4.9,4.890000000000001,0.020000000000000462,0.0040899795501023435,258.0,3730.0,0.1304255659484863
2026-02-25 10:43:14,690.6,2026-04-17,51,0.14021454845256215,716.0,1.0367796119316537,692.482429032783,0.03339730245891649,True,call,4.54,4.56,4.55,0.019999999999999574,0.004395604395604302,36.0,705.0,0.1290370300292968
2026-02-25 10:43:14,690.6,2026-04-17,51,0.14021454845256215,717.0,1.0382276281494351,692.482429032783,0.03479297609789135,True,call,4.25,4.27,4.26,0.019999999999999574,0.004694835680751074,37.0,989.0,0.1281215118408203
2026-02-25 10:43:14,690.6,2026-04-17,51,0.14021454845256215,718.0,1.0396756443672168,692.482429032783,0.03618670454649508,True,call,3.97,3.99,3.9800000000000004,0.020000000000000018,0.005025125628140707,23.0,436.0,0.1271754763793945
2026-02-25 10:43:14,690.6,2026-04-17,51,0.14021454845256215,719.0,1.0411236605849985,692.482429032783,0.037578493219317693,True,call,3.71,3.74,3.725,0.03000000000000025,0.008053691275167852,51.0,1456.0,0.1264735791015624
2026-02-25 10:43:14,690.6,2026-04-17,51,0.14021454845256215,720.0,1.0425716768027802,692.482429032783,0.03896834750837191,True,call,3.43,3.45,3.4400000000000004,0.020000000000000018,0.005813953488372097,225.0,8373.0,0.125085043182373
2026-02-25 10:43:14,690.6,2026-04-17,51,0.14021454845256215,721.0,1.0440196930205619,692.482429032783,0.0403562727832201,True,call,3.2,3.21,3.205,0.009999999999999787,0.003120124804992133,17.0,1886.0,0.1242153009033203
2026-02-25 10:43:14,690.6,2026-04-17,51,0.14021454845256215,722.0,1.0454677092383435,692.482429032783,0.04174227439109716,True,call,2.96,2.98,2.9699999999999998,0.020000000000000018,0.006734006734006741,25.0,1134.0,0.1232997827148437
2026-02-25 10:43:14,690.6,2026-04-17,51,0.14021454845256215,723.0,1.046915725456125,692.482429032783,0.04312635765703573,True,call,2.77,2.79,2.7800000000000002,0.020000000000000018,0.007194244604316552,37.0,959.0,0.1228420236206054
2026-02-25 10:43:14,690.6,2026-04-17,51,0.14021454845256215,724.0,1.0483637416739067,692.482429032783,0.044508527883987306,True,call,2.55,2.57,2.5599999999999996,0.020000000000000018,0.007812500000000009,97.0,468.0,0.1217739190673828
2026-02-25 10:43:14,690.6,2026-04-17,51,0.14021454845256215,725.0,1.0498117578916883,692.482429032783,0.04588879035294583,True,call,2.35,2.38,2.365,0.029999999999999805,0.012684989429175392,117.0,5578.0,0.1210109872436523
2026-02-25 10:43:14,690.6,2026-04-17,51,0.14021454845256215,727.0,1.0527077903272517,692.482429032783,0.04864361303179044,True,call,2.02,2.04,2.0300000000000002,0.020000000000000018,0.00985221674876848,31.0,534.0,0.1196682272338867
2026-02-25 10:43:14,690.6,2026-04-17,51,0.14021454845256215,729.0,1.0556038227628148,692.482429032783,0.051390867506929026,True,call,1.72,1.74,1.73,0.020000000000000018,0.011560693641618507,45.0,629.0,0.1183865017700195
2026-02-25 10:43:14,690.6,2026-04-17,51,0.14021454845256215,730.0,1.0570518389805965,692.482429032783,0.0527616696407078,True,call,1.61,1.62,1.6150000000000002,0.010000000000000009,0.0061919504643962895,143.0,7852.0,0.1181118463134765
2026-02-25 10:43:14,690.6,2026-04-17,51,0.14021454845256215,731.0,1.0584998551983782,692.482429032783,0.0541305952480494,True,call,1.46,1.48,1.47,0.020000000000000018,0.01360544217687076,16.0,505.0,0.1172573626708984
2026-02-25 10:43:14,690.6,2026-04-17,51,0.14021454845256215,733.0,1.0613958876339415,692.482429032783,0.056862837384922406,True,call,1.25,1.26,1.255,0.010000000000000009,0.00796812749003985,280.0,902.0,0.1163418444824218
2026-02-25 10:43:14,690.6,2026-04-17,51,0.14021454845256215,735.0,1.0642919200695047,692.482429032783,0.059587634711107604,True,call,1.06,1.07,1.065,0.010000000000000009,0.009389671361502356,334.0,3309.0,0.1155483953857422
2026-02-25 10:43:14,690.6,2026-04-17,51,0.14021454845256215,736.0,1.0657399362872864,692.482429032783,0.06094725422714728,True,call,0.98,1.0,0.99,0.020000000000000018,0.02020202020202022,42.0,650.0,0.1156094299316406
2026-02-25 10:43:14,690.6,2026-04-17,51,0.14021454845256215,740.0,1.0715320011584129,692.482429032783,0.06636732169648651,True,call,0.71,0.73,0.72,0.020000000000000018,0.027777777777777804,107.0,3634.0,0.1148159808349609
2026-02-25 10:43:14,690.6,2026-04-17,51,0.14021454845256215,745.0,1.0787720822473212,692.482429032783,0.07310135387783052,True,call,0.48,0.5,0.49,0.020000000000000018,0.04081632653061228,82.0,1259.0,0.1146328771972656
2026-02-25 10:43:14,690.6,2026-04-17,51,0.14021454845256215,746.0,1.0802200984651027,692.482429032783,0.07444273570203176,True,call,0.46,0.47,0.46499999999999997,0.009999999999999953,0.021505376344085923,12.0,631.0,0.1149990844726562
2026-02-25 10:43:14,690.6,2026-04-17,51,0.14021454845256215,747.0,1.0816681146828844,692.482429032783,0.07578232063108833,True,call,0.42,0.44,0.43,0.020000000000000018,0.046511627906976785,64.0,592.0,0.11524322265625
2026-02-25 10:43:14,690.6,2026-04-17,51,0.14021454845256215,755.0,1.0932522444251376,692.482429032783,0.08643488474729559,True,call,0.24,0.25,0.245,0.010000000000000009,0.04081632653061228,11.0,1725.0,0.1164639135742187
2026-02-25 10:43:14,690.6,2026-04-17,51,0.14021454845256215,350.0,0.5068056762235736,692.482429032783,-0.6823497100182697,True,put,0.1,0.11,0.10500000000000001,0.009999999999999995,0.09523809523809518,15.0,16470.0,0.6523472265625001
2026-02-25 10:43:14,690.6,2026-04-17,51,0.14021454845256215,355.0,0.5140457573124819,692.482429032783,-0.6681650750263132,True,put,0.1,0.11,0.10500000000000001,0.009999999999999995,0.09523809523809518,10.0,176.0,0.639652041015625
2026-02-25 10:43:14,690.6,2026-04-17,51,0.14021454845256215,360.0,0.5212858384013901,692.482429032783,-0.6541788330515734,True,put,0.11,0.12,0.11499999999999999,0.009999999999999995,0.0869565217391304,84.0,409.0,0.632816171875
2026-02-25 10:43:14,690.6,2026-04-17,51,0.14021454845256215,365.0,0.5285259194902983,692.482429032783,-0.6403855109192375,True,put,0.11,0.12,0.11499999999999999,0.009999999999999995,0.0869565217391304,10.0,235.0,0.6201209863281252
2026-02-25 10:43:14,690.6,2026-04-17,51,0.14021454845256215,390.0,0.5647263249348392,692.482429032783,-0.5741361253780369,True,put,0.16,0.17,0.165,0.010000000000000009,0.060606060606060656,15.0,363.0,0.5820354296875
2026-02-25 10:43:14,690.6,2026-04-17,51,0.14021454845256215,410.0,0.593686649290472,692.482429032783,-0.5241257048033756,True,put,0.21,0.22,0.215,0.010000000000000009,0.046511627906976785,57.0,938.0,0.5507857421875001
2026-02-25 10:43:14,690.6,2026-04-17,51,0.14021454845256215,425.0,0.6154068925571966,692.482429032783,-0.48819369557731224,True,put,0.25,0.26,0.255,0.010000000000000009,0.03921568627450984,18.0,1148.0,0.526371923828125
2026-02-25 10:43:14,690.6,2026-04-17,51,0.14021454845256215,435.0,0.629887054735013,692.482429032783,-0.46493683341304487,True,put,0.28,0.29,0.28500000000000003,0.009999999999999953,0.035087719298245446,16.0,236.0,0.5100146655273439
2026-02-25 10:43:14,690.6,2026-04-17,51,0.14021454845256215,450.0,0.6516072980017376,692.482429032783,-0.43103528173736366,True,put,0.34,0.35,0.345,0.009999999999999953,0.02898550724637668,204.0,5490.0,0.4882863671875
2026-02-25 10:43:14,690.6,2026-04-17,51,0.14021454845256215,480.0,0.6950477845351868,692.482429032783,-0.3664967605997924,True,put,0.48,0.49,0.485,0.010000000000000009,0.020618556701030948,161.0,1881.0,0.4414118359375
2026-02-25 10:43:14,690.6,2026-04-17,51,0.14021454845256215,485.0,0.702287865624095,692.482429032783,-0.35613397356424575,True,put,0.51,0.52,0.515,0.010000000000000009,0.019417475728155355,206.0,4170.0,0.4338435522460938
2026-02-25 10:43:14,690.6,2026-04-17,51,0.14021454845256215,490.0,0.7095279467130031,692.482429032783,-0.34587747339705677,True,put,0.55,0.56,0.555,0.010000000000000009,0.018018018018018032,386.0,1051.0,0.4272518212890626
2026-02-25 10:43:14,690.6,2026-04-17,51,0.14021454845256215,495.0,0.7167680278019114,692.482429032783,-0.3357251019330387,True,put,0.58,0.59,0.585,0.010000000000000009,0.01709401709401711,10.0,1351.0,0.4191952612304687
2026-02-25 10:43:14,690.6,2026-04-17,51,0.14021454845256215,500.0,0.7240081088908196,692.482429032783,-0.3256747660795372,True,put,0.62,0.63,0.625,0.010000000000000009,0.016000000000000014,17.0,6366.0,0.41211525390625
2026-02-25 10:43:14,690.6,2026-04-17,51,0.14021454845256215,505.0,0.7312481899797277,692.482429032783,-0.3157244352263692,True,put,0.66,0.67,0.665,0.010000000000000009,0.015037593984962419,60.0,1167.0,0.4047911083984374
2026-02-25 10:43:14,690.6,2026-04-17,51,0.14021454845256215,515.0,0.7457283521575442,692.482429032783,-0.29611596383799293,True,put,0.74,0.75,0.745,0.010000000000000009,0.01342281879194632,682.0,2950.0,0.3894104028320312
2026-02-25 10:43:14,690.6,2026-04-17,51,0.14021454845256215,520.0,0.7529684332464524,692.482429032783,-0.286454052926256,True,put,0.78,0.79,0.785,0.010000000000000009,0.012738853503184724,54.0,5266.0,0.3813538427734374
2026-02-25 10:43:14,690.6,2026-04-17,51,0.14021454845256215,525.0,0.7602085143353605,692.482429032783,-0.2768846019101052,True,put,0.82,0.84,0.83,0.020000000000000018,0.024096385542168697,41.0,5388.0,0.3740296972656249
2026-02-25 10:43:14,690.6,2026-04-17,51,0.14021454845256215,530.0,0.7674485954242687,692.482429032783,-0.26740585795556154,True,put,0.88,0.89,0.885,0.010000000000000009,0.011299435028248598,400.0,992.0,0.3663393444824219
2026-02-25 10:43:14,690.6,2026-04-17,51,0.14021454845256215,535.0,0.774688676513177,692.482429032783,-0.25801611760572246,True,put,0.94,0.96,0.95,0.020000000000000018,0.02105263157894739,61.0,791.0,0.3598696826171874
2026-02-25 10:43:14,690.6,2026-04-17,51,0.14021454845256215,540.0,0.7819287576020851,692.482429032783,-0.24871372494340901,True,put,1.0,1.01,1.005,0.010000000000000009,0.009950248756218916,207.0,5140.0,0.3516910534667968
2026-02-25 10:43:14,690.6,2026-04-17,51,0.14021454845256215,545.0,0.7891688386909933,692.482429032783,-0.23949706983848496,True,put,1.06,1.08,1.07,0.020000000000000018,0.018691588785046745,52.0,2582.0,0.3446110461425781
2026-02-25 10:43:14,690.6,2026-04-17,51,0.14021454845256215,560.0,0.8108890819577179,692.482429032783,-0.21234608077253408,True,put,1.31,1.32,1.315,0.010000000000000009,0.0076045627376425924,231.0,7008.0,0.3230048168945311
2026-02-25 10:43:14,690.6,2026-04-17,51,0.14021454845256215,565.0,0.8181291630466261,692.482429032783,-0.203457133355288,True,put,1.39,1.4,1.395,0.010000000000000009,0.007168458781362013,118.0,5379.0,0.3151923950195311
2026-02-25 10:43:14,690.6,2026-04-17,51,0.14021454845256215,575.0,0.8326093252244425,692.482429032783,-0.18591282370437856,True,put,1.62,1.63,1.625,0.009999999999999787,0.006153846153846023,355.0,6889.0,0.3016427258300781
2026-02-25 10:43:14,690.6,2026-04-17,51,0.14021454845256215,590.0,0.854329568491167,692.482429032783,-0.16016032760196383,True,put,2.05,2.07,2.0599999999999996,0.020000000000000018,0.009708737864077681,10.0,15335.0,0.2815013256835937
2026-02-25 10:43:14,690.6,2026-04-17,51,0.14021454845256215,595.0,0.8615696495800753,692.482429032783,-0.1517214589560993,True,put,2.23,2.25,2.24,0.020000000000000018,0.008928571428571435,17.0,5181.0,0.2749095947265625
2026-02-25 10:43:14,690.6,2026-04-17,51,0.14021454845256215,600.0,0.8688097306689835,692.482429032783,-0.14335320928558262,True,put,2.43,2.44,2.435,0.009999999999999787,0.0041067761806980645,890.0,22738.0,0.2680737255859374
2026-02-25 10:43:14,690.6,2026-04-17,51,0.14021454845256215,605.0,0.8760498117578916,692.482429032783,-0.13505440647088762,True,put,2.65,2.66,2.6550000000000002,0.010000000000000231,0.0037664783427496158,14.0,9874.0,0.2615430291748046
2026-02-25 10:43:14,690.6,2026-04-17,51,0.14021454845256215,610.0,0.8832898928467998,692.482429032783,-0.1268239073343721,True,put,2.89,2.91,2.9000000000000004,0.020000000000000018,0.006896551724137936,111.0,6877.0,0.2551038845825196
2026-02-25 10:43:14,690.6,2026-04-17,51,0.14021454845256215,615.0,0.8905299739357081,692.482429032783,-0.11866059669521112,True,put,3.19,3.2,3.1950000000000003,0.010000000000000231,0.003129890453834188,36.0,12855.0,0.2489393954467773
2026-02-25 10:43:14,690.6,2026-04-17,51,0.14021454845256215,620.0,0.8977700550246163,692.482429032783,-0.11056338646259183,True,put,3.49,3.5,3.495,0.009999999999999787,0.0028612303290414267,108.0,10380.0,0.2423171472167968
2026-02-25 10:43:14,690.6,2026-04-17,51,0.14021454845256215,625.0,0.9050101361135244,692.482429032783,-0.10253121476532752,True,put,3.84,3.86,3.8499999999999996,0.020000000000000018,0.0051948051948052,127.0,16376.0,0.2361526580810546
2026-02-25 10:43:14,690.6,2026-04-17,51,0.14021454845256215,630.0,0.9122502172024326,692.482429032783,-0.0945630451161506,True,put,4.23,4.24,4.235,0.009999999999999787,0.0023612750885477654,132.0,15820.0,0.2295914443969726
2026-02-25 10:43:14,690.6,2026-04-17,51,0.14021454845256215,635.0,0.9194902982913409,692.482429032783,-0.08665786560903739,True,put,4.63,4.65,4.640000000000001,0.020000000000000462,0.004310344827586306,57.0,9365.0,0.2227555752563476
2026-02-25 10:43:14,690.6,2026-04-17,51,0.14021454845256215,640.0,0.926730379380249,692.482429032783,-0.07881468814801146,True,put,5.14,5.15,5.145,0.010000000000000675,0.0019436345966959525,511.0,19587.0,0.2165605688476562
2026-02-25 10:43:14,690.6,2026-04-17,51,0.14021454845256215,645.0,0.9339704604691572,692.482429032783,-0.07103254770595659,True,put,5.68,5.71,5.695,0.03000000000000025,0.005267778753292405,166.0,9772.0,0.2102740106201172
2026-02-25 10:43:14,690.6,2026-04-17,51,0.14021454845256215,650.0,0.9412105415580654,692.482429032783,-0.06331050161204622,True,put,6.25,6.27,6.26,0.019999999999999574,0.0031948881789136702,1026.0,23201.0,0.2030414169311523
2026-02-25 10:43:14,690.6,2026-04-17,51,0.14021454845256215,651.0,0.9426585577758471,692.482429032783,-0.06177322229315977,True,put,6.42,6.45,6.4350000000000005,0.03000000000000025,0.0046620046620047,91.0,788.0,0.2023700369262694
2026-02-25 10:43:14,690.6,2026-04-17,51,0.14021454845256215,652.0,0.9441065739936287,692.482429032783,-0.06023830257507606,True,put,6.55,6.58,6.5649999999999995,0.03000000000000025,0.004569687738004608,48.0,553.0,0.2009967596435546
2026-02-25 10:43:14,690.6,2026-04-17,51,0.14021454845256215,655.0,0.9484506226469737,692.482429032783,-0.05564762886647706,True,put,6.95,6.98,6.965,0.03000000000000025,0.004307250538406353,83.0,6375.0,0.1967548587036132
2026-02-25 10:43:14,690.6,2026-04-17,51,0.14021454845256215,657.0,0.9513466550825369,692.482429032783,-0.05259884601711845,True,put,7.25,7.28,7.265000000000001,0.03000000000000025,0.004129387474191362,14.0,618.0,0.1941303732299805
2026-02-25 10:43:14,690.6,2026-04-17,51,0.14021454845256215,658.0,0.9527946713003186,692.482429032783,-0.05107793317641187,True,put,7.37,7.4,7.385,0.03000000000000025,0.00406228842247803,83.0,788.0,0.1923603713989258
2026-02-25 10:43:14,690.6,2026-04-17,51,0.14021454845256215,659.0,0.9542426875181002,692.482429032783,-0.04955932999922184,True,put,7.57,7.6,7.585,0.02999999999999936,0.00395517468688192,50.0,670.0,0.1915364050292969
2026-02-25 10:43:14,690.6,2026-04-17,51,0.14021454845256215,660.0,0.9556907037358818,692.482429032783,-0.04804302948125782,True,put,7.71,7.74,7.725,0.03000000000000025,0.0038834951456311003,99.0,9260.0,0.1899495068359375
2026-02-25 10:43:14,690.6,2026-04-17,51,0.14021454845256215,662.0,0.9585867361714451,692.482429032783,-0.045017308564720825,True,put,8.07,8.1,8.085,0.02999999999999936,0.0037105751391464884,17.0,816.0,0.1875386422729492
2026-02-25 10:43:14,690.6,2026-04-17,51,0.14021454845256215,665.0,0.96293078482479,692.482429032783,-0.04049582384587487,True,put,8.61,8.64,8.625,0.030000000000001137,0.0034782608695653494,132.0,17343.0,0.1835103622436523
2026-02-25 10:43:14,690.6,2026-04-17,51,0.14021454845256215,670.0,0.9701708659136982,692.482429032783,-0.03300515211671722,True,put,9.54,9.57,9.555,0.030000000000001137,0.00313971742543183,399.0,11520.0,0.176064147644043
2026-02-25 10:43:14,690.6,2026-04-17,51,0.14021454845256215,675.0,0.9774109470026064,692.482429032783,-0.025570173629199208,True,put,10.65,10.69,10.67,0.03999999999999915,0.0037488284910964526,355.0,10640.0,0.1691977612304687
2026-02-25 10:43:14,690.6,2026-04-17,51,0.14021454845256215,677.0,0.9803069794381697,692.482429032783,-0.022611591589454024,True,put,11.09,11.13,11.11,0.040000000000000924,0.0036003600360036835,21.0,633.0,0.1659018957519531
2026-02-25 10:43:14,690.6,2026-04-17,51,0.14021454845256215,678.0,0.9817549956559514,692.482429032783,-0.021135576561333438,True,put,11.37,11.4,11.385,0.030000000000001137,0.0026350461133070827,48.0,703.0,0.1646659461975098
2026-02-25 10:43:14,690.6,2026-04-17,51,0.14021454845256215,679.0,0.9832030118737329,692.482429032783,-0.01966173694303287,True,put,11.59,11.63,11.61,0.040000000000000924,0.003445305770887246,70.0,1206.0,0.1629569789123535
2026-02-25 10:43:14,690.6,2026-04-17,51,0.14021454845256215,680.0,0.9846510280915146,692.482429032783,-0.018190066331576608,True,put,11.93,11.95,11.94,0.019999999999999574,0.0016750418760468656,602.0,10939.0,0.1620719779968261
2026-02-25 10:43:14,690.6,2026-04-17,51,0.14021454845256215,681.0,0.9860990443092962,692.482429032783,-0.016720558352216613,True,put,12.18,12.21,12.195,0.030000000000001137,0.0024600246002460958,14.0,1099.0,0.160515597076416
2026-02-25 10:43:14,690.6,2026-04-17,51,0.14021454845256215,682.0,0.9875470605270779,692.482429032783,-0.015253206658266873,True,put,12.47,12.5,12.485,0.02999999999999936,0.0024028834601521314,81.0,2104.0,0.159188095703125
2026-02-25 10:43:14,690.6,2026-04-17,51,0.14021454845256215,683.0,0.9889950767448595,692.482429032783,-0.0137880049309389,True,put,12.7,12.74,12.719999999999999,0.040000000000000924,0.0031446540880503875,15.0,1487.0,0.1572655075073242
2026-02-25 10:43:14,690.6,2026-04-17,51,0.14021454845256215,685.0,0.9918911091804228,692.482429032783,-0.01086402623950377,True,put,13.35,13.37,13.36,0.019999999999999574,0.0014970059880239203,511.0,8192.0,0.1547020565795898
2026-02-25 10:43:14,690.6,2026-04-17,51,0.14021454845256215,686.0,0.9933391253982045,692.482429032783,-0.009405236775843826,True,put,13.66,13.7,13.68,0.03999999999999915,0.0029239766081870723,44.0,920.0,0.1534203311157226
2026-02-25 10:43:14,690.6,2026-04-17,51,0.14021454845256215,687.0,0.994787141615986,692.482429032783,-0.007948572279379703,True,put,13.98,14.02,14.0,0.03999999999999915,0.0028571428571427964,62.0,1550.0,0.1519555020141602
2026-02-25 10:43:14,690.6,2026-04-17,51,0.14021454845256215,688.0,0.9962351578337677,692.482429032783,-0.006494026568385372,True,put,14.32,14.37,14.344999999999999,0.049999999999998934,0.0034855350296269737,32.0,2279.0,0.1507042938232422
2026-02-25 10:43:14,690.6,2026-04-17,51,0.14021454845256215,690.0,0.999131190269331,692.482429032783,-0.00359126691042395,True,put,14.98,15.02,15.0,0.03999999999999915,0.0026666666666666098,334.0,8682.0,0.1474389456176758
2026-02-25 10:43:14,690.6,2026-04-17,51,0.14021454845256215,691.0,1.0005792064871126,692.482429032783,-0.002143040734059111,True,put,15.38,15.41,15.395,0.02999999999999936,0.0019486846378693966,176.0,634.0,0.1462792892456054
2026-02-25 10:43:14,690.6,2026-04-17,51,0.14021454845256215,692.0,1.0020272227048943,692.482429032783,-0.0006969088840594331,True,put,15.7,15.75,15.725,0.05000000000000071,0.003179650238473813,67.0,857.0,0.1445398046875
2026-02-25 10:43:14,690.6,2026-04-17,51,0.14021454845256215,695.0,1.0063712713582391,692.482429032783,0.0036289810630631583,False,put,16.8,16.85,16.825000000000003,0.05000000000000071,0.0029717682020802797,170.0,4620.0,0.1394891960144043
2026-02-25 10:43:14,690.6,2026-04-17,51,0.14021454845256215,699.0,1.0121633362293658,692.482429032783,0.009367877732081318,False,put,18.39,18.69,18.54,0.3000000000000007,0.016181229773462823,20.0,322.0,0.13477427734375
2026-02-25 10:43:14,690.6,2026-04-17,51,0.14021454845256215,700.0,1.0136113524471473,692.482429032783,0.010797470541675631,False,put,19.05,19.2,19.125,0.14999999999999858,0.007843137254901886,79.0,4358.0,0.133797724609375
2026-02-25 10:43:14,690.6,2026-04-17,51,0.14021454845256215,709.0,1.0266434984071822,692.482429032783,0.023572662030398425,False,put,23.78,24.09,23.935000000000002,0.3099999999999987,0.012951744307499423,55.0,107.0,0.1220180572509765
2026-02-25 10:43:14,690.6,2026-04-17,51,0.14021454845256215,710.0,1.0280915146249638,692.482429032783,0.024982105533632146,False,put,24.46,24.7,24.58,0.23999999999999844,0.009764035801464543,24.0,403.0,0.1206752972412109
2026-02-25 10:43:14,690.6,2026-04-30,64,0.17583098680872652,675.0,0.9774109470026064,693.3596495134012,-0.02683614846335637,False,call,30.79,31.04,30.915,0.25,0.008086689309396733,24.0,951.0,0.1943134768676758
2026-02-25 10:43:14,690.6,2026-04-30,64,0.17583098680872652,680.0,0.9846510280915146,693.3596495134012,-0.019456041165733795,False,call,27.02,27.19,27.105,0.1700000000000017,0.006271905552481155,96.0,1633.0,0.1857838990783691
2026-02-25 10:43:14,690.6,2026-04-30,64,0.17583098680872652,681.0,0.9860990443092962,693.3596495134012,-0.017986533186373874,False,call,26.24,26.55,26.395,0.3100000000000023,0.011744648607690937,22.0,821.0,0.1850667431640624
2026-02-25 10:43:14,690.6,2026-04-30,64,0.17583098680872652,683.0,0.9889950767448595,693.3596495134012,-0.01505397976509608,False,call,24.82,25.13,24.975,0.3099999999999987,0.01241241241241236,19.0,511.0,0.1822591540527343
2026-02-25 10:43:14,690.6,2026-04-30,64,0.17583098680872652,684.0,0.9904430929626411,693.3596495134012,-0.013590921713335747,False,call,24.13,24.39,24.259999999999998,0.26000000000000156,0.010717230008244089,15.0,422.0,0.1805044108581542
2026-02-25 10:43:14,690.6,2026-04-30,64,0.17583098680872652,685.0,0.9918911091804228,693.3596495134012,-0.01213000107366087,False,call,23.6,23.78,23.69,0.17999999999999972,0.007598142676234686,32.0,3513.0,0.1798177722167968
2026-02-25 10:43:14,690.6,2026-04-30,64,0.17583098680872652,690.0,0.999131190269331,693.3596495134012,-0.0048572417445810765,False,call,20.19,20.21,20.200000000000003,0.019999999999999574,0.0009900990099009689,65.0,1283.0,0.1709982803344726
2026-02-25 10:43:14,690.6,2026-04-30,64,0.17583098680872652,695.0,1.0063712713582391,693.3596495134012,0.0023630062289058955,True,call,17.06,17.09,17.075,0.030000000000001137,0.0017569546120059232,11.0,2197.0,0.1644065493774414
2026-02-25 10:43:14,690.6,2026-04-30,64,0.17583098680872652,696.0,1.0078192875760208,693.3596495134012,0.003800820998533458,True,call,16.41,16.45,16.43,0.03999999999999915,0.002434570906877611,15.0,461.0,0.1627433580017089
2026-02-25 10:43:14,690.6,2026-04-30,64,0.17583098680872652,698.0,1.0107153200115842,693.3596495134012,0.006670263426486379,True,call,15.25,15.28,15.265,0.02999999999999936,0.0019652800524074263,10.0,771.0,0.1601188725280761
2026-02-25 10:43:14,690.6,2026-04-30,64,0.17583098680872652,700.0,1.0136113524471473,693.3596495134012,0.009531495707518454,True,call,14.11,14.14,14.125,0.030000000000001137,0.002123893805309815,49.0,2393.0,0.1574486111450195
2026-02-25 10:43:14,690.6,2026-04-30,64,0.17583098680872652,701.0,1.015059368664929,693.3596495134012,0.010959047698703919,True,call,13.55,13.58,13.565000000000001,0.02999999999999936,0.002211573903427892,42.0,393.0,0.1560753338623047
2026-02-25 10:43:14,690.6,2026-04-30,64,0.17583098680872652,703.0,1.0179554011004923,693.3596495134012,0.013808052474778608,True,call,12.42,12.45,12.434999999999999,0.02999999999999936,0.002412545235223109,25.0,144.0,0.1529625720214844
2026-02-25 10:43:14,690.6,2026-04-30,64,0.17583098680872652,706.0,1.0222994497538371,693.3596495134012,0.01806639815735592,True,call,10.86,10.89,10.875,0.030000000000001137,0.002758620689655277,61.0,238.0,0.1488274815368652
2026-02-25 10:43:14,690.6,2026-04-30,64,0.17583098680872652,707.0,1.0237474659716188,693.3596495134012,0.019481826560686647,True,call,10.4,10.44,10.42,0.03999999999999915,0.0038387715930901295,96.0,290.0,0.147896704711914
2026-02-25 10:43:14,690.6,2026-04-30,64,0.17583098680872652,710.0,1.0280915146249638,693.3596495134012,0.02371613069947492,True,call,9.0,9.03,9.015,0.02999999999999936,0.0033277870216305446,44.0,7189.0,0.1439599765014648
2026-02-25 10:43:14,690.6,2026-04-30,64,0.17583098680872652,712.0,1.030987547060527,693.3596495134012,0.026529072076089674,True,call,8.2,8.23,8.215,0.030000000000001137,0.0036518563603166326,20.0,268.0,0.1421441987609863
2026-02-25 10:43:14,690.6,2026-04-30,64,0.17583098680872652,720.0,1.0425716768027802,693.3596495134012,0.03770237267421484,True,call,5.25,5.28,5.265000000000001,0.03000000000000025,0.005698005698005744,19.0,2508.0,0.1330653100585937
2026-02-25 10:43:14,690.6,2026-04-30,64,0.17583098680872652,723.0,1.046915725456125,693.3596495134012,0.04186038282287846,True,call,4.42,4.45,4.4350000000000005,0.03000000000000025,0.006764374295377733,90.0,18744.0,0.1307154800415039
2026-02-25 10:43:14,690.6,2026-04-30,64,0.17583098680872652,725.0,1.0498117578916883,693.3596495134012,0.04462281551878864,True,call,3.89,3.92,3.9050000000000002,0.029999999999999805,0.007682458386683688,29.0,4728.0,0.1288386677551269
2026-02-25 10:43:14,690.6,2026-04-30,64,0.17583098680872652,727.0,1.0527077903272517,693.3596495134012,0.04737763819763311,True,call,3.41,3.44,3.425,0.029999999999999805,0.008759124087591184,11.0,101.0,0.1270534072875976
2026-02-25 10:43:14,690.6,2026-04-30,64,0.17583098680872652,730.0,1.0570518389805965,693.3596495134012,0.051495694806550696,True,call,2.8,2.82,2.8099999999999996,0.020000000000000018,0.007117437722419936,15.0,2067.0,0.1247646118164062
2026-02-25 10:43:14,690.6,2026-04-30,64,0.17583098680872652,735.0,1.0642919200695047,693.3596495134012,0.05832165987695057,True,call,2.01,2.03,2.0199999999999996,0.020000000000000018,0.009900990099009912,22.0,2092.0,0.1221096090698242
2026-02-25 10:43:14,690.6,2026-04-30,64,0.17583098680872652,742.0,1.0744280335939762,693.3596495134012,0.06780040383149424,True,call,1.23,1.24,1.2349999999999999,0.010000000000000009,0.008097165991902843,20.0,146.0,0.1189663299560546
2026-02-25 10:43:14,690.6,2026-04-30,64,0.17583098680872652,745.0,1.0787720822473212,693.3596495134012,0.07183537904367324,True,call,1.0,1.01,1.005,0.010000000000000009,0.009950248756218916,351.0,3109.0,0.1182949499511718
2026-02-25 10:43:14,690.6,2026-04-30,64,0.17583098680872652,755.0,1.0932522444251376,693.3596495134012,0.08516890991313845,True,call,0.51,0.53,0.52,0.020000000000000018,0.03846153846153849,11.0,1422.0,0.1180508117675781
2026-02-25 10:43:14,690.6,2026-04-30,64,0.17583098680872652,760.0,1.1004923255140457,693.3596495134012,0.09176959394449054,True,call,0.37,0.38,0.375,0.010000000000000009,0.02666666666666669,18.0,1113.0,0.1181118463134765
2026-02-25 10:43:14,690.6,2026-04-30,64,0.17583098680872652,430.0,0.6226469736461048,693.3596495134012,-0.47776363064827804,True,put,0.43,0.44,0.435,0.010000000000000009,0.022988505747126457,26.0,3384.0,0.4929249926757813
2026-02-25 10:43:14,690.6,2026-04-30,64,0.17583098680872652,435.0,0.629887054735013,693.3596495134012,-0.46620280824720217,True,put,0.45,0.46,0.455,0.010000000000000009,0.021978021978021997,15.0,164.0,0.4848684326171875
2026-02-25 10:43:14,690.6,2026-04-30,64,0.17583098680872652,440.0,0.6371271358239212,693.3596495134012,-0.4547741124235794,True,put,0.48,0.49,0.485,0.010000000000000009,0.020618556701030948,17.0,240.0,0.4780325634765625
2026-02-25 10:43:14,690.6,2026-04-30,64,0.17583098680872652,450.0,0.6516072980017376,693.3596495134012,-0.43230125657152074,True,put,0.54,0.55,0.545,0.010000000000000009,0.018348623853211024,221.0,17015.0,0.4641166870117187
2026-02-25 10:43:14,690.6,2026-04-30,64,0.17583098680872652,460.0,0.666087460179554,693.3596495134012,-0.41032234985274546,True,put,0.59,0.6,0.595,0.010000000000000009,0.016806722689075647,15.0,511.0,0.4482477050781249
2026-02-25 10:43:14,690.6,2026-04-30,64,0.17583098680872652,470.0,0.6805676223573703,693.3596495134012,-0.388816144631782,True,put,0.66,0.67,0.665,0.010000000000000009,0.015037593984962419,27.0,1846.0,0.4340876904296875
2026-02-25 10:43:14,690.6,2026-04-30,64,0.17583098680872652,485.0,0.702287865624095,693.3596495134012,-0.357399948398403,True,put,0.78,0.8,0.79,0.020000000000000018,0.025316455696202552,31.0,672.0,0.4137021520996093
2026-02-25 10:43:14,690.6,2026-04-30,64,0.17583098680872652,505.0,0.7312481899797277,693.3596495134012,-0.3169904100605264,True,put,0.97,0.98,0.975,0.010000000000000009,0.010256410256410265,200.0,107.0,0.3846497082519531
2026-02-25 10:43:14,690.6,2026-04-30,64,0.17583098680872652,510.0,0.7384882710686359,693.3596495134012,-0.30713811361751475,True,put,1.03,1.04,1.0350000000000001,0.010000000000000009,0.009661835748792277,13.0,1230.0,0.3779359082031249
2026-02-25 10:43:14,690.6,2026-04-30,64,0.17583098680872652,520.0,0.7529684332464524,693.3596495134012,-0.2877200277604131,True,put,1.15,1.17,1.16,0.020000000000000018,0.017241379310344845,11.0,689.0,0.3645083081054688
2026-02-25 10:43:14,690.6,2026-04-30,64,0.17583098680872652,525.0,0.7602085143353605,693.3596495134012,-0.2781505767442624,True,put,1.22,1.24,1.23,0.020000000000000018,0.016260162601626032,14.0,455.0,0.3576724389648437
2026-02-25 10:43:14,690.6,2026-04-30,64,0.17583098680872652,530.0,0.7674485954242687,693.3596495134012,-0.26867183278971873,True,put,1.29,1.3,1.295,0.010000000000000009,0.007722007722007729,16.0,1437.0,0.3502262243652343
2026-02-25 10:43:14,690.6,2026-04-30,64,0.17583098680872652,535.0,0.774688676513177,693.3596495134012,-0.2592820924398797,True,put,1.36,1.37,1.3650000000000002,0.010000000000000009,0.007326007326007331,18.0,467.0,0.3430241479492187
2026-02-25 10:43:14,690.6,2026-04-30,64,0.17583098680872652,540.0,0.7819287576020851,693.3596495134012,-0.24997969977756615,True,put,1.45,1.46,1.455,0.010000000000000009,0.006872852233676982,38.0,1205.0,0.3365544860839844
2026-02-25 10:43:14,690.6,2026-04-30,64,0.17583098680872652,545.0,0.7891688386909933,693.3596495134012,-0.24076304467264212,True,put,1.54,1.56,1.55,0.020000000000000018,0.012903225806451623,130.0,473.0,0.3302068933105468
2026-02-25 10:43:14,690.6,2026-04-30,64,0.17583098680872652,550.0,0.7964089197799015,693.3596495134012,-0.23163056110936958,True,put,1.64,1.66,1.65,0.020000000000000018,0.012121212121212133,14.0,25872.0,0.323554127807617
2026-02-25 10:43:14,690.6,2026-04-30,64,0.17583098680872652,585.0,0.8470894874022589,693.3596495134012,-0.16993699210402968,True,put,2.63,2.65,2.6399999999999997,0.020000000000000018,0.007575757575757584,54.0,801.0,0.2782664947509765
2026-02-25 10:43:14,690.6,2026-04-30,64,0.17583098680872652,600.0,0.8688097306689835,693.3596495134012,-0.14461918411973987,True,put,3.31,3.34,3.325,0.029999999999999805,0.009022556390977385,18.0,9080.0,0.2601697518920898
2026-02-25 10:43:14,690.6,2026-04-30,64,0.17583098680872652,610.0,0.8832898928467998,693.3596495134012,-0.12808988216852926,True,put,3.89,3.91,3.9000000000000004,0.020000000000000018,0.0051282051282051325,259.0,7356.0,0.2479933599853515
2026-02-25 10:43:14,690.6,2026-04-30,64,0.17583098680872652,615.0,0.8905299739357081,693.3596495134012,-0.11992657152936831,True,put,4.2,4.22,4.21,0.019999999999999574,0.004750593824227927,21.0,981.0,0.2415847326660156
2026-02-25 10:43:14,690.6,2026-04-30,64,0.17583098680872652,625.0,0.9050101361135244,693.3596495134012,-0.10379718959948464,True,put,4.99,5.02,5.005,0.02999999999999936,0.0059940059940058665,17.0,747.0,0.2300492034912109
2026-02-25 10:43:14,690.6,2026-04-30,64,0.17583098680872652,629.0,0.910802200984651,693.3596495134012,-0.09741758263544564,True,put,5.36,5.39,5.375,0.02999999999999936,0.005581395348837091,72.0,511.0,0.2254410952758789
2026-02-25 10:43:14,690.6,2026-04-30,64,0.17583098680872652,630.0,0.9122502172024326,693.3596495134012,-0.09582901995030788,True,put,5.45,5.47,5.46,0.019999999999999574,0.003663003663003585,16.0,6248.0,0.224067817993164
2026-02-25 10:43:14,690.6,2026-04-30,64,0.17583098680872652,635.0,0.9194902982913409,693.3596495134012,-0.08792384044319458,True,put,5.96,5.98,5.970000000000001,0.020000000000000462,0.003350083752093879,82.0,17128.0,0.2182390188598632
2026-02-25 10:43:14,690.6,2026-04-30,64,0.17583098680872652,638.0,0.9238343469446858,693.3596495134012,-0.08321055599109631,True,put,6.26,6.29,6.275,0.03000000000000025,0.004780876494023944,10.0,280.0,0.2144243597412109
2026-02-25 10:43:14,690.6,2026-04-30,64,0.17583098680872652,640.0,0.926730379380249,693.3596495134012,-0.08008066298216866,True,put,6.51,6.54,6.525,0.03000000000000025,0.0045977011494253255,105.0,16857.0,0.2123186679077148
2026-02-25 10:43:14,690.6,2026-04-30,64,0.17583098680872652,645.0,0.9339704604691572,693.3596495134012,-0.0722985225401137,True,put,7.11,7.14,7.125,0.02999999999999936,0.004210526315789384,21.0,5082.0,0.2061236614990234
2026-02-25 10:43:14,690.6,2026-04-30,64,0.17583098680872652,649.0,0.9397625253402838,693.3596495134012,-0.06611612263179623,True,put,7.65,7.68,7.665,0.02999999999999936,0.0039138943248531455,38.0,149.0,0.2012866737365722
2026-02-25 10:43:14,690.6,2026-04-30,64,0.17583098680872652,650.0,0.9412105415580654,693.3596495134012,-0.06457647644620337,True,put,7.74,7.76,7.75,0.019999999999999574,0.0025806451612902675,30.0,3721.0,0.1993488269042968
2026-02-25 10:43:14,690.6,2026-04-30,64,0.17583098680872652,651.0,0.9426585577758471,693.3596495134012,-0.063039197127317,True,put,7.9,7.93,7.915,0.02999999999999936,0.0037902716361338422,14.0,198.0,0.1984333087158203
2026-02-25 10:43:14,690.6,2026-04-30,64,0.17583098680872652,652.0,0.9441065739936287,693.3596495134012,-0.061504277409233234,True,put,8.09,8.13,8.11,0.040000000000000924,0.004932182490752272,71.0,301.0,0.1977924459838867
2026-02-25 10:43:14,690.6,2026-04-30,64,0.17583098680872652,653.0,0.9455545902114103,693.3596495134012,-0.05997171005945519,True,put,8.24,8.27,8.254999999999999,0.02999999999999936,0.003634161114475998,35.0,152.0,0.1964496859741211
2026-02-25 10:43:14,690.6,2026-04-30,64,0.17583098680872652,656.0,0.9498986388647552,693.3596495134012,-0.05538805039179717,True,put,8.69,8.72,8.705,0.030000000000001137,0.003446295232625059,27.0,167.0,0.1925282164001465
2026-02-25 10:43:14,690.6,2026-04-30,64,0.17583098680872652,660.0,0.9556907037358818,693.3596495134012,-0.04930900431541502,True,put,9.31,9.34,9.325,0.02999999999999936,0.0032171581769436315,266.0,4651.0,0.1869740727233886
2026-02-25 10:43:14,690.6,2026-04-30,64,0.17583098680872652,666.0,0.9643788010425717,693.3596495134012,-0.04025916879549704,True,put,10.49,10.53,10.51,0.03999999999999915,0.0038058991436726117,26.0,241.0,0.1800619104003906
2026-02-25 10:43:14,690.6,2026-04-30,64,0.17583098680872652,668.0,0.9672748334781349,693.3596495134012,-0.03726066579924047,True,put,10.88,10.91,10.895,0.02999999999999936,0.002753556677374884,11.0,346.0,0.1772238040161132
2026-02-25 10:43:14,690.6,2026-04-30,64,0.17583098680872652,670.0,0.9701708659136982,693.3596495134012,-0.03427112695087447,True,put,11.33,11.36,11.344999999999999,0.02999999999999936,0.002644336712207965,73.0,5294.0,0.1748739739990234
2026-02-25 10:43:14,690.6,2026-04-30,64,0.17583098680872652,672.0,0.9730668983492615,693.3596495134012,-0.03129049881273668,True,put,11.71,11.75,11.73,0.03999999999999915,0.003410059676044258,15.0,350.0,0.1717612121582031
2026-02-25 10:43:14,690.6,2026-04-30,64,0.17583098680872652,675.0,0.9774109470026064,693.3596495134012,-0.02683614846335637,True,put,12.41,12.45,12.43,0.03999999999999915,0.0032180209171358927,64.0,1445.0,0.1677939666748047
2026-02-25 10:43:14,690.6,2026-04-30,64,0.17583098680872652,680.0,0.9846510280915146,693.3596495134012,-0.019456041165733795,True,put,13.74,13.78,13.76,0.03999999999999915,0.0029069767441859845,712.0,4524.0,0.1615379257202148
2026-02-25 10:43:14,690.6,2026-04-30,64,0.17583098680872652,681.0,0.9860990443092962,693.3596495134012,-0.017986533186373874,True,put,14.0,14.04,14.02,0.03999999999999915,0.0028530670470755456,59.0,277.0,0.1600578379821777
2026-02-25 10:43:14,690.6,2026-04-30,64,0.17583098680872652,682.0,0.9875470605270779,693.3596495134012,-0.016519181492424092,True,put,14.33,14.38,14.355,0.05000000000000071,0.003483106931382843,82.0,592.0,0.1592338716125488
2026-02-25 10:43:14,690.6,2026-04-30,64,0.17583098680872652,683.0,0.9889950767448595,693.3596495134012,-0.01505397976509608,True,put,14.62,14.66,14.64,0.040000000000000924,0.002732240437158533,32.0,1119.0,0.1577995597839355
2026-02-25 10:43:14,690.6,2026-04-30,64,0.17583098680872652,684.0,0.9904430929626411,693.3596495134012,-0.013590921713335747,True,put,14.86,14.91,14.885,0.05000000000000071,0.003359086328518691,26.0,266.0,0.1560448165893554
2026-02-25 10:43:14,690.6,2026-04-30,64,0.17583098680872652,685.0,0.9918911091804228,693.3596495134012,-0.01213000107366087,True,put,15.16,15.21,15.185,0.05000000000000071,0.0032927230819888515,80.0,2051.0,0.154656280670166
2026-02-25 10:43:14,690.6,2026-04-30,64,0.17583098680872652,687.0,0.994787141615986,693.3596495134012,-0.009214547113536834,True,put,15.8,15.85,15.825,0.049999999999998934,0.003159557661927263,37.0,389.0,0.1520317951965332
2026-02-25 10:43:14,690.6,2026-04-30,64,0.17583098680872652,688.0,0.9962351578337677,693.3596495134012,-0.007760001402542577,True,put,16.19,16.24,16.215,0.04999999999999716,0.003083564600678209,15.0,574.0,0.1512230874633789
2026-02-25 10:43:14,690.6,2026-04-30,64,0.17583098680872652,690.0,0.999131190269331,693.3596495134012,-0.0048572417445810765,True,put,16.89,16.94,16.915,0.05000000000000071,0.0029559562518475147,180.0,1786.0,0.1486901538085937
2026-02-25 10:43:14,690.6,2026-04-30,64,0.17583098680872652,691.0,1.0005792064871126,693.3596495134012,-0.0034090155682163096,True,put,17.17,17.22,17.195,0.04999999999999716,0.0029078220412909078,15.0,329.0,0.1467065310668945
2026-02-25 10:43:14,690.6,2026-04-30,64,0.17583098680872652,692.0,1.0020272227048943,693.3596495134012,-0.0019628837182165924,True,put,17.59,17.65,17.619999999999997,0.05999999999999872,0.003405221339386988,21.0,252.0,0.1459283406066894
2026-02-25 10:43:14,690.6,2026-04-30,64,0.17583098680872652,693.0,1.003475238922676,693.3596495134012,-0.0005188401459829893,True,put,17.91,17.96,17.935000000000002,0.05000000000000071,0.002787844995818272,14.0,975.0,0.1440362696838378
2026-02-25 10:43:14,690.6,2026-04-30,64,0.17583098680872652,695.0,1.0063712713582391,693.3596495134012,0.0023630062289058955,False,put,18.68,18.73,18.705,0.05000000000000071,0.0026730820636193912,32.0,568.0,0.1413049737548828
2026-02-25 10:43:14,690.6,2026-04-30,64,0.17583098680872652,700.0,1.0136113524471473,693.3596495134012,0.009531495707518454,False,put,20.91,20.96,20.935000000000002,0.05000000000000071,0.0023883448770002725,65.0,1163.0,0.1355524678039551
2026-02-25 10:43:14,690.6,2026-05-15,79,0.21692687721968543,600.0,0.8688097306689835,694.4759232310838,-0.14622783860349356,False,call,98.2,98.63,98.41499999999999,0.4299999999999926,0.004369252654574939,46.0,205.0,0.3062813513183594
2026-02-25 10:43:14,690.6,2026-05-15,79,0.21692687721968543,610.0,0.8832898928467998,694.4759232310838,-0.129698536652283,False,call,89.02,89.4,89.21000000000001,0.38000000000000966,0.004259612151104244,27.0,139.0,0.2915415084838866
2026-02-25 10:43:14,690.6,2026-05-15,79,0.21692687721968543,660.0,0.9556907037358818,694.4759232310838,-0.05091765879916862,False,call,45.58,45.83,45.705,0.25,0.005469861065528936,10.0,296.0,0.2208787629699706
2026-02-25 10:43:14,690.6,2026-05-15,79,0.21692687721968543,668.0,0.9672748334781349,694.4759232310838,-0.03886932028299415,False,call,39.11,39.4,39.254999999999995,0.28999999999999915,0.007387593937078058,200.0,201.0,0.2092059060668945
2026-02-25 10:43:14,690.6,2026-05-15,79,0.21692687721968543,669.0,0.9687228496959166,694.4759232310838,-0.03737343369141141,False,call,38.35,38.63,38.49,0.28000000000000114,0.00727461678358018,620.0,203.0,0.207893663330078
2026-02-25 10:43:14,690.6,2026-05-15,79,0.21692687721968543,671.0,0.9716188821314798,694.4759232310838,-0.034388356847958046,False,call,36.88,37.16,37.019999999999996,0.27999999999999403,0.007563479200432039,204.0,214.0,0.2057421955871581
2026-02-25 10:43:14,690.6,2026-05-15,79,0.21692687721968543,675.0,0.9774109470026064,694.4759232310838,-0.028444802947110086,False,call,33.87,34.07,33.97,0.20000000000000284,0.005887547836326254,34.0,748.0,0.1997608100891113
2026-02-25 10:43:14,690.6,2026-05-15,79,0.21692687721968543,676.0,0.978858963220388,694.4759232310838,-0.026964417776675808,False,call,33.03,33.29,33.16,0.259999999999998,0.007840772014475212,420.0,419.0,0.1981128773498535
2026-02-25 10:43:14,690.6,2026-05-15,79,0.21692687721968543,678.0,0.9817549956559514,694.4759232310838,-0.02401020587924431,False,call,31.55,31.81,31.68,0.259999999999998,0.008207070707070644,206.0,568.0,0.1953510641479492
2026-02-25 10:43:14,690.6,2026-05-15,79,0.21692687721968543,679.0,0.9832030118737329,694.4759232310838,-0.02253636626094374,False,call,30.96,31.24,31.1,0.2799999999999976,0.009003215434083523,421.0,504.0,0.1952595123291015
2026-02-25 10:43:14,690.6,2026-05-15,79,0.21692687721968543,682.0,0.9875470605270779,694.4759232310838,-0.018127835976177734,False,call,28.65,28.96,28.805,0.3100000000000023,0.01076202048255519,107.0,221.0,0.1902089036560059
2026-02-25 10:43:14,690.6,2026-05-15,79,0.21692687721968543,685.0,0.9918911091804228,694.4759232310838,-0.013738655557414626,False,call,26.67,26.85,26.76,0.17999999999999972,0.006726457399103128,63.0,4425.0,0.1861195890808105
2026-02-25 10:43:14,690.6,2026-05-15,79,0.21692687721968543,686.0,0.9933391253982045,694.4759232310838,-0.01227986609375468,False,call,25.88,26.11,25.994999999999997,0.23000000000000043,0.008847855356799402,11.0,456.0,0.1843801045227051
2026-02-25 10:43:14,690.6,2026-05-15,79,0.21692687721968543,689.0,0.9976831740515494,694.4759232310838,-0.007916222805981301,False,call,23.86,24.1,23.98,0.240000000000002,0.010008340283569724,13.0,741.0,0.1805044108581542
2026-02-25 10:43:14,690.6,2026-05-15,79,0.21692687721968543,690.0,0.999131190269331,694.4759232310838,-0.006465896228334794,False,call,23.21,23.39,23.3,0.17999999999999972,0.007725321888412005,35.0,1176.0,0.1788107022094726
2026-02-25 10:43:14,690.6,2026-05-15,79,0.21692687721968543,691.0,1.0005792064871126,694.4759232310838,-0.005017670051969954,False,call,22.65,22.69,22.67,0.0400000000000027,0.001764446404940569,18.0,476.0,0.1771322521972656
2026-02-25 10:43:14,690.6,2026-05-15,79,0.21692687721968543,693.0,1.003475238922676,694.4759232310838,-0.0021274946297367083,False,call,21.37,21.4,21.384999999999998,0.029999999999997584,0.001402852466682141,31.0,577.0,0.1744925080871582
2026-02-25 10:43:14,690.6,2026-05-15,79,0.21692687721968543,695.0,1.0063712713582391,694.4759232310838,0.0007543517451523241,True,call,20.15,20.19,20.17,0.0400000000000027,0.0019831432821022657,134.0,871.0,0.1722494885253906
2026-02-25 10:43:14,690.6,2026-05-15,79,0.21692687721968543,697.0,1.0092673037938025,694.4759232310838,0.0036279169408840973,True,call,18.89,18.92,18.905,0.030000000000001137,0.0015868817773076506,255.0,655.0,0.1693198303222656
2026-02-25 10:43:14,690.6,2026-05-15,79,0.21692687721968543,700.0,1.0136113524471473,694.4759232310838,0.007922841223764698,True,call,17.17,17.2,17.185000000000002,0.029999999999997584,0.0017457084666859227,221.0,4031.0,0.1659018957519531
2026-02-25 10:43:14,690.6,2026-05-15,79,0.21692687721968543,703.0,1.0179554011004923,694.4759232310838,0.01219939799102496,True,call,15.47,15.5,15.485,0.02999999999999936,0.001937358734258919,28.0,710.0,0.1620872366333007
2026-02-25 10:43:14,690.6,2026-05-15,79,0.21692687721968543,704.0,1.019403417318274,694.4759232310838,0.013620862338402467,True,call,14.87,14.9,14.885,0.030000000000001137,0.002015451797111262,64.0,744.0,0.1604087866210937
2026-02-25 10:43:14,690.6,2026-05-15,79,0.21692687721968543,705.0,1.0208514335360557,694.4759232310838,0.01504030899262873,True,call,14.37,14.41,14.39,0.040000000000000924,0.0027797081306463463,85.0,710.0,0.1595543029785156
2026-02-25 10:43:14,690.6,2026-05-15,79,0.21692687721968543,706.0,1.0222994497538371,694.4759232310838,0.016457743673602164,True,call,13.79,13.83,13.809999999999999,0.040000000000000924,0.002896451846488119,62.0,309.0,0.1579063702392578
2026-02-25 10:43:14,690.6,2026-05-15,79,0.21692687721968543,707.0,1.0237474659716188,694.4759232310838,0.017873172076932856,True,call,13.34,13.38,13.36,0.040000000000000924,0.0029940119760479733,28.0,311.0,0.1572197315979004
2026-02-25 10:43:14,690.6,2026-05-15,79,0.21692687721968543,710.0,1.0280915146249638,694.4759232310838,0.022107476215721233,True,call,11.8,11.83,11.815000000000001,0.02999999999999936,0.002539145154464609,35.0,2076.0,0.1531304170227051
2026-02-25 10:43:14,690.6,2026-05-15,79,0.21692687721968543,711.0,1.0295395308427453,694.4759232310838,0.023514935983601017,True,call,11.32,11.35,11.335,0.02999999999999936,0.0026466696074106183,28.0,107.0,0.1519097261047363
2026-02-25 10:43:14,690.6,2026-05-15,79,0.21692687721968543,713.0,1.0324355632783087,694.4759232310838,0.026323926594656096,True,call,10.45,10.48,10.465,0.030000000000001137,0.0028666985188725404,15.0,334.0,0.1500023965454102
2026-02-25 10:43:14,690.6,2026-05-15,79,0.21692687721968543,714.0,1.0338835794960903,694.4759232310838,0.027725468519944556,True,call,10.03,10.05,10.04,0.02000000000000135,0.001992031872510095,12.0,1892.0,0.1489648092651367
2026-02-25 10:43:14,690.6,2026-05-15,79,0.21692687721968543,715.0,1.035331595713872,694.4759232310838,0.029125048874367836,True,call,9.55,9.58,9.565000000000001,0.02999999999999936,0.003136434918975364,79.0,2199.0,0.1475152388000488
2026-02-25 10:43:14,690.6,2026-05-15,79,0.21692687721968543,720.0,1.0425716768027802,694.4759232310838,0.03609371819046101,True,call,7.63,7.66,7.645,0.03000000000000025,0.003924133420536331,38.0,1568.0,0.1427087683105468
2026-02-25 10:43:14,690.6,2026-05-15,79,0.21692687721968543,725.0,1.0498117578916883,694.4759232310838,0.043014161035034845,True,call,5.94,5.97,5.955,0.02999999999999936,0.005037783375314754,27.0,1958.0,0.1378107460021972
2026-02-25 10:43:14,690.6,2026-05-15,79,0.21692687721968543,730.0,1.0570518389805965,694.4759232310838,0.049887040322796936,True,call,4.57,4.59,4.58,0.019999999999999574,0.004366812227074143,53.0,1503.0,0.1337061727905273
2026-02-25 10:43:14,690.6,2026-05-15,79,0.21692687721968543,740.0,1.0715320011584129,694.4759232310838,0.06349269237857545,True,call,2.59,2.61,2.5999999999999996,0.020000000000000018,0.0076923076923077005,28.0,2030.0,0.1273585800170898
2026-02-25 10:43:14,690.6,2026-05-15,79,0.21692687721968543,745.0,1.0787720822473212,694.4759232310838,0.07022672455991957,True,call,1.92,1.94,1.93,0.020000000000000018,0.010362694300518144,28.0,515.0,0.1250697845458984
2026-02-25 10:43:14,690.6,2026-05-15,79,0.21692687721968543,750.0,1.0860121633362294,694.4759232310838,0.07691571271071623,True,call,1.41,1.43,1.42,0.020000000000000018,0.014084507042253534,41.0,2252.0,0.1232387481689453
2026-02-25 10:43:14,690.6,2026-05-15,79,0.21692687721968543,755.0,1.0932522444251376,694.4759232310838,0.08356025542938486,True,call,1.04,1.06,1.05,0.020000000000000018,0.019047619047619063,114.0,800.0,0.1221401263427734
2026-02-25 10:43:14,690.6,2026-05-15,79,0.21692687721968543,765.0,1.107732406602954,694.4759232310838,0.0967183400068959,True,call,0.58,0.59,0.585,0.010000000000000009,0.01709401709401711,85.0,1325.0,0.1213466772460937
2026-02-25 10:43:14,690.6,2026-05-15,79,0.21692687721968543,770.0,1.114972487691862,694.4759232310838,0.10323302102808964,True,call,0.44,0.46,0.45,0.020000000000000018,0.04444444444444448,23.0,1427.0,0.1222011608886718
2026-02-25 10:43:14,690.6,2026-05-15,79,0.21692687721968543,780.0,1.1294526498696784,694.4759232310838,0.11613642586399762,True,call,0.27,0.28,0.275,0.010000000000000009,0.03636363636363639,47.0,2841.0,0.124032197265625
2026-02-25 10:43:14,690.6,2026-05-15,79,0.21692687721968543,400.0,0.5792064871126557,694.4759232310838,-0.5516929467116578,True,put,0.48,0.49,0.485,0.010000000000000009,0.020618556701030948,23.0,4165.0,0.5117236328125
2026-02-25 10:43:14,690.6,2026-05-15,79,0.21692687721968543,410.0,0.593686649290472,694.4759232310838,-0.5270003341212863,True,put,0.54,0.55,0.545,0.010000000000000009,0.018348623853211024,41.0,161.0,0.499028447265625
2026-02-25 10:43:14,690.6,2026-05-15,79,0.21692687721968543,425.0,0.6154068925571966,694.4759232310838,-0.4910683248952231,True,put,0.62,0.63,0.625,0.010000000000000009,0.016000000000000014,122.0,201.0,0.4768118725585937
2026-02-25 10:43:14,690.6,2026-05-15,79,0.21692687721968543,430.0,0.6226469736461048,694.4759232310838,-0.47937228513203173,True,put,0.65,0.66,0.655,0.010000000000000009,0.015267175572519097,101.0,356.0,0.4694877270507813
2026-02-25 10:43:14,690.6,2026-05-15,79,0.21692687721968543,450.0,0.6516072980017376,694.4759232310838,-0.43390991105527443,True,put,0.8,0.82,0.81,0.019999999999999907,0.024691358024691242,21.0,3061.0,0.4431208032226562
2026-02-25 10:43:14,690.6,2026-05-15,79,0.21692687721968543,455.0,0.6588473790906458,694.4759232310838,-0.42286007486868954,True,put,0.85,0.86,0.855,0.010000000000000009,0.01169590643274855,10.0,129.0,0.4361628649902344
2026-02-25 10:43:14,690.6,2026-05-15,79,0.21692687721968543,465.0,0.6733275412684622,694.4759232310838,-0.4011200882322836,True,put,0.94,0.95,0.945,0.010000000000000009,0.010582010582010592,16.0,445.0,0.4226131958007812
2026-02-25 10:43:14,690.6,2026-05-15,79,0.21692687721968543,495.0,0.7167680278019114,694.4759232310838,-0.33859973125094966,True,put,1.27,1.28,1.275,0.010000000000000009,0.007843137254901968,21.0,257.0,0.3825745336914062
2026-02-25 10:43:14,690.6,2026-05-15,79,0.21692687721968543,500.0,0.7240081088908196,694.4759232310838,-0.32854939539744815,True,put,1.32,1.34,1.33,0.020000000000000018,0.015037593984962419,18.0,2529.0,0.3756776300048828
2026-02-25 10:43:14,690.6,2026-05-15,79,0.21692687721968543,520.0,0.7529684332464524,694.4759232310838,-0.28932868224416686,True,put,1.62,1.63,1.625,0.009999999999999787,0.006153846153846023,10.0,3167.0,0.3490055334472656
2026-02-25 10:43:14,690.6,2026-05-15,79,0.21692687721968543,530.0,0.7674485954242687,694.4759232310838,-0.27028048727347237,True,put,1.81,1.83,1.82,0.020000000000000018,0.010989010989010999,24.0,702.0,0.3367986242675781
2026-02-25 10:43:14,690.6,2026-05-15,79,0.21692687721968543,535.0,0.774688676513177,694.4759232310838,-0.2608907469236333,True,put,1.91,1.92,1.915,0.010000000000000009,0.005221932114882511,138.0,1130.0,0.3300237896728515
2026-02-25 10:43:14,690.6,2026-05-15,79,0.21692687721968543,540.0,0.7819287576020851,694.4759232310838,-0.25158835426131987,True,put,2.02,2.03,2.025,0.009999999999999787,0.0049382716049381666,17.0,1333.0,0.3237372314453124
2026-02-25 10:43:14,690.6,2026-05-15,79,0.21692687721968543,545.0,0.7891688386909933,694.4759232310838,-0.24237169915639575,True,put,2.12,2.14,2.13,0.020000000000000018,0.009389671361502356,47.0,2289.0,0.317267569580078
2026-02-25 10:43:14,690.6,2026-05-15,79,0.21692687721968543,555.0,0.8036490008688097,694.4759232310838,-0.22418938007320535,True,put,2.41,2.42,2.415,0.009999999999999787,0.0041407867494823135,37.0,938.0,0.3054268676757812
2026-02-25 10:43:14,690.6,2026-05-15,79,0.21692687721968543,565.0,0.8181291630466261,694.4759232310838,-0.20633176267319892,True,put,2.72,2.74,2.7300000000000004,0.020000000000000018,0.007326007326007331,77.0,144.0,0.2935251312255859
2026-02-25 10:43:14,690.6,2026-05-15,79,0.21692687721968543,585.0,0.8470894874022589,694.4759232310838,-0.17154564658778337,True,put,3.52,3.54,3.5300000000000002,0.020000000000000018,0.005665722379603404,20.0,906.0,0.2698437274169921
2026-02-25 10:43:14,690.6,2026-05-15,79,0.21692687721968543,600.0,0.8688097306689835,694.4759232310838,-0.14622783860349356,True,put,4.37,4.39,4.38,0.019999999999999574,0.004566210045662003,135.0,8938.0,0.2532423309326171
2026-02-25 10:43:14,690.6,2026-05-15,79,0.21692687721968543,605.0,0.8760498117578916,694.4759232310838,-0.13792903578879842,True,put,4.7,4.72,4.71,0.019999999999999574,0.004246284501061481,10.0,665.0,0.2476271527099609
2026-02-25 10:43:14,690.6,2026-05-15,79,0.21692687721968543,610.0,0.8832898928467998,694.4759232310838,-0.129698536652283,True,put,5.06,5.07,5.0649999999999995,0.010000000000000675,0.001974333662389077,103.0,1681.0,0.2418899053955078
2026-02-25 10:43:14,690.6,2026-05-15,79,0.21692687721968543,625.0,0.9050101361135244,694.4759232310838,-0.10540584408323839,True,put,6.36,6.38,6.37,0.019999999999999574,0.003139717425431644,37.0,3435.0,0.2254105780029296
2026-02-25 10:43:14,690.6,2026-05-15,79,0.21692687721968543,630.0,0.9122502172024326,694.4759232310838,-0.09743767443406158,True,put,6.85,6.87,6.859999999999999,0.020000000000000462,0.0029154518950437994,126.0,2012.0,0.2195512615966796
2026-02-25 10:43:14,690.6,2026-05-15,79,0.21692687721968543,635.0,0.9194902982913409,694.4759232310838,-0.08953249492694824,True,put,7.42,7.46,7.4399999999999995,0.040000000000000036,0.00537634408602151,51.0,2045.0,0.2142717733764648
2026-02-25 10:43:14,690.6,2026-05-15,79,0.21692687721968543,640.0,0.926730379380249,694.4759232310838,-0.0816893174659223,True,put,8.04,8.07,8.055,0.030000000000001137,0.003724394785847441,12.0,1880.0,0.2085650433349609
2026-02-25 10:43:14,690.6,2026-05-15,79,0.21692687721968543,650.0,0.9412105415580654,694.4759232310838,-0.06618513092995705,True,put,9.47,9.49,9.48,0.019999999999999574,0.0021097046413501657,41.0,7964.0,0.1972431350708007
2026-02-25 10:43:14,690.6,2026-05-15,79,0.21692687721968543,651.0,0.9426585577758471,694.4759232310838,-0.0646478516110707,True,put,9.57,9.6,9.585,0.02999999999999936,0.0031298904538340487,123.0,284.0,0.1956409782409668
2026-02-25 10:43:14,690.6,2026-05-15,79,0.21692687721968543,652.0,0.9441065739936287,694.4759232310838,-0.06311293189298699,True,put,9.74,9.77,9.754999999999999,0.02999999999999936,0.003075345976422282,56.0,552.0,0.1945881323242187
2026-02-25 10:43:14,690.6,2026-05-15,79,0.21692687721968543,653.0,0.9455545902114103,694.4759232310838,-0.061580364543208865,True,put,9.92,9.95,9.934999999999999,0.02999999999999936,0.00301962757926516,25.0,160.0,0.1936115795898437
2026-02-25 10:43:14,690.6,2026-05-15,79,0.21692687721968543,654.0,0.947002606429192,694.4759232310838,-0.06005014236244121,True,put,10.03,10.07,10.05,0.040000000000000924,0.003980099502487654,10.0,574.0,0.1920246813964844
2026-02-25 10:43:14,690.6,2026-05-15,79,0.21692687721968543,655.0,0.9484506226469737,694.4759232310838,-0.058522258184387985,True,put,10.27,10.31,10.29,0.040000000000000924,0.0038872691933917324,20.0,836.0,0.1915516636657714
2026-02-25 10:43:14,690.6,2026-05-15,79,0.21692687721968543,656.0,0.9498986388647552,694.4759232310838,-0.05699670487555085,True,put,10.39,10.43,10.41,0.03999999999999915,0.0038424591738711955,406.0,445.0,0.1899037309265137
2026-02-25 10:43:14,690.6,2026-05-15,79,0.21692687721968543,660.0,0.9556907037358818,694.4759232310838,-0.05091765879916862,True,put,11.15,11.18,11.165,0.02999999999999936,0.0026869682042095265,12.0,4803.0,0.1855245022583007
2026-02-25 10:43:14,690.6,2026-05-15,79,0.21692687721968543,661.0,0.9571387199536634,694.4759232310838,-0.04940365396795355,True,put,11.31,11.35,11.33,0.03999999999999915,0.0035304501323918046,12.0,470.0,0.1841817422485351
2026-02-25 10:43:14,690.6,2026-05-15,79,0.21692687721968543,665.0,0.96293078482479,694.4759232310838,-0.043370453163785766,True,put,12.15,12.19,12.17,0.03999999999999915,0.003286770747740275,35.0,1777.0,0.1798788067626953
2026-02-25 10:43:14,690.6,2026-05-15,79,0.21692687721968543,666.0,0.9643788010425717,694.4759232310838,-0.04186782327925076,True,put,12.33,12.37,12.35,0.03999999999999915,0.0032388663967610645,11.0,1393.0,0.178444494934082
2026-02-25 10:43:14,690.6,2026-05-15,79,0.21692687721968543,667.0,0.9658268172603532,694.4759232310838,-0.04036744790401617,True,put,12.57,12.61,12.59,0.03999999999999915,0.0031771247021444913,10.0,762.0,0.1774984594726562
2026-02-25 10:43:14,690.6,2026-05-15,79,0.21692687721968543,670.0,0.9701708659136982,694.4759232310838,-0.035879781434628104,True,put,13.23,13.27,13.25,0.03999999999999915,0.0030188679245282376,86.0,1614.0,0.1738821626281738
2026-02-25 10:43:14,690.6,2026-05-15,79,0.21692687721968543,671.0,0.9716188821314798,694.4759232310838,-0.034388356847958046,True,put,13.4,13.45,13.425,0.049999999999998934,0.0037243947858472204,79.0,225.0,0.1722647471618652
2026-02-25 10:43:14,690.6,2026-05-15,79,0.21692687721968543,673.0,0.9745149145670431,694.4759232310838,-0.031412164174912126,True,put,13.92,13.97,13.945,0.05000000000000071,0.003585514521333862,82.0,186.0,0.1702353485107422
2026-02-25 10:43:14,690.6,2026-05-15,79,0.21692687721968543,674.0,0.9759629307848248,694.4759232310838,-0.02992738290733289,True,put,14.1,14.15,14.125,0.05000000000000071,0.0035398230088496078,52.0,128.0,0.1684958639526367
2026-02-25 10:43:14,690.6,2026-05-15,79,0.21692687721968543,675.0,0.9774109470026064,694.4759232310838,-0.028444802947110086,True,put,14.41,14.46,14.435,0.05000000000000071,0.0034638032559751097,32.0,1975.0,0.1677939666748047
2026-02-25 10:43:14,690.6,2026-05-15,79,0.21692687721968543,678.0,0.9817549956559514,694.4759232310838,-0.02401020587924431,True,put,15.18,15.23,15.205,0.05000000000000071,0.0032883919763236247,60.0,157.0,0.1640556007385254
2026-02-25 10:43:14,690.6,2026-05-15,79,0.21692687721968543,679.0,0.9832030118737329,694.4759232310838,-0.02253636626094374,True,put,15.38,15.43,15.405000000000001,0.049999999999998934,0.0032456994482310242,33.0,145.0,0.162270340270996
2026-02-25 10:43:14,690.6,2026-05-15,79,0.21692687721968543,680.0,0.9846510280915146,694.4759232310838,-0.021064695649487472,True,put,15.76,15.8,15.780000000000001,0.040000000000000924,0.0025348542458809202,22.0,1973.0,0.1617973225402831
2026-02-25 10:43:14,690.6,2026-05-15,79,0.21692687721968543,681.0,0.9860990443092962,694.4759232310838,-0.019595187670127478,True,put,16.03,16.08,16.055,0.04999999999999716,0.003114294612270144,10.0,724.0,0.1605461143493652
2026-02-25 10:43:14,690.6,2026-05-15,79,0.21692687721968543,684.0,0.9904430929626411,694.4759232310838,-0.015199576197089464,True,put,16.89,16.94,16.915,0.05000000000000071,0.0029559562518475147,82.0,371.0,0.1566399034118652
2026-02-25 10:43:14,690.6,2026-05-15,79,0.21692687721968543,685.0,0.9918911091804228,694.4759232310838,-0.013738655557414626,True,put,17.18,17.23,17.205,0.05000000000000071,0.0029061319383900447,110.0,5861.0,0.1552666261291504
2026-02-25 10:43:14,690.6,2026-05-15,79,0.21692687721968543,686.0,0.9933391253982045,694.4759232310838,-0.01227986609375468,True,put,17.54,17.59,17.564999999999998,0.05000000000000071,0.0028465698832906756,183.0,579.0,0.154381625213623
2026-02-25 10:43:14,690.6,2026-05-15,79,0.21692687721968543,687.0,0.994787141615986,694.4759232310838,-0.010823201597290553,True,put,17.87,17.92,17.895000000000003,0.05000000000000071,0.00279407655769772,124.0,625.0,0.1532067102050781
2026-02-25 10:43:14,690.6,2026-05-15,79,0.21692687721968543,688.0,0.9962351578337677,694.4759232310838,-0.00936865588629622,True,put,18.2,18.25,18.225,0.05000000000000071,0.0027434842249657453,36.0,1163.0,0.1519707606506348
2026-02-25 10:43:14,690.6,2026-05-15,79,0.21692687721968543,689.0,0.9976831740515494,694.4759232310838,-0.007916222805981301,True,put,18.55,18.6,18.575000000000003,0.05000000000000071,0.0026917900403768884,11.0,1067.0,0.1508263629150391
2026-02-25 10:43:14,690.6,2026-05-15,79,0.21692687721968543,690.0,0.999131190269331,694.4759232310838,-0.006465896228334794,True,put,18.85,18.9,18.875,0.04999999999999716,0.002649006622516406,268.0,2527.0,0.1492394647216797
2026-02-25 10:43:14,690.6,2026-05-15,79,0.21692687721968543,691.0,1.0005792064871126,694.4759232310838,-0.005017670051969954,True,put,19.15,19.21,19.18,0.060000000000002274,0.003128258602711276,52.0,1335.0,0.1476830838012695
2026-02-25 10:43:14,690.6,2026-05-15,79,0.21692687721968543,694.0,1.0049232551404574,694.4759232310838,-0.0006855333128354276,True,put,20.29,20.34,20.314999999999998,0.05000000000000071,0.0024612355402412363,11.0,340.0,0.1441278215026855
2026-02-25 10:43:14,690.6,2026-05-15,79,0.21692687721968543,695.0,1.0063712713582391,694.4759232310838,0.0007543517451523241,False,put,20.66,20.72,20.689999999999998,0.05999999999999872,0.0028999516674721474,13.0,1495.0,0.1428460960388183
2026-02-25 10:43:14,690.6,2026-05-15,79,0.21692687721968543,696.0,1.0078192875760208,694.4759232310838,0.0021921665147798496,False,put,21.0,21.06,21.03,0.05999999999999872,0.002853067047075545,10.0,238.0,0.1411676460266113
2026-02-25 10:43:14,690.6,2026-05-15,79,0.21692687721968543,700.0,1.0136113524471473,694.4759232310838,0.007922841223764698,False,put,22.82,22.88,22.85,0.05999999999999872,0.002625820568927734,26.0,1946.0,0.137352986907959
2026-02-25 10:43:14,690.6,2026-05-15,79,0.21692687721968543,701.0,1.015059368664929,694.4759232310838,0.009350393214950126,False,put,23.27,23.33,23.299999999999997,0.05999999999999872,0.0025751072961372845,24.0,568.0,0.136178071899414
2026-02-25 10:43:14,690.6,2026-05-15,79,0.21692687721968543,705.0,1.0208514335360557,694.4759232310838,0.01504030899262873,False,put,24.94,25.25,25.095,0.3099999999999987,0.01235305837816293,11.0,261.0,0.1316004809570312
2026-02-25 10:43:14,690.6,2026-05-29,93,0.2552830416032471,665.0,0.96293078482479,695.2818378336419,-0.04453024476988276,False,call,43.91,44.1,44.004999999999995,0.19000000000000483,0.004317691171457899,12.0,1274.0,0.2150804811096191
2026-02-25 10:43:14,690.6,2026-05-29,93,0.2552830416032471,675.0,0.9774109470026064,695.2818378336419,-0.029604594553207145,False,call,36.37,36.59,36.480000000000004,0.22000000000000597,0.006030701754386128,19.0,438.0,0.2030261582946776
2026-02-25 10:43:14,690.6,2026-05-29,93,0.2552830416032471,681.0,0.9860990443092962,695.2818378336419,-0.020754979276224553,False,call,31.9,32.17,32.035,0.2700000000000031,0.008428281567036153,27.0,213.0,0.1949238223266601
2026-02-25 10:43:14,690.6,2026-05-29,93,0.2552830416032471,700.0,1.0136113524471473,695.2818378336419,0.006763049617667704,True,call,19.56,19.6,19.58,0.0400000000000027,0.0020429009193055517,125.0,1455.0,0.1703345296478271
2026-02-25 10:43:14,690.6,2026-05-29,93,0.2552830416032471,715.0,1.035331595713872,695.2818378336419,0.027965257268270642,True,call,11.72,11.76,11.74,0.03999999999999915,0.00340715502555359,11.0,809.0,0.1532219688415527
2026-02-25 10:43:14,690.6,2026-05-29,93,0.2552830416032471,720.0,1.0425716768027802,695.2818378336419,0.03493392658436411,True,call,9.61,9.65,9.629999999999999,0.040000000000000924,0.004153686396677147,11.0,986.0,0.1482018774414062
2026-02-25 10:43:14,690.6,2026-05-29,93,0.2552830416032471,750.0,1.0860121633362294,695.2818378336419,0.07575592110461915,True,call,2.2,2.21,2.205,0.009999999999999787,0.004535147392290152,18.0,1350.0,0.1269923727416992
2026-02-25 10:43:14,690.6,2026-05-29,93,0.2552830416032471,755.0,1.0932522444251376,695.2818378336419,0.08240046382328786,True,call,1.68,1.7,1.69,0.020000000000000018,0.011834319526627229,13.0,576.0,0.1256190954589844
2026-02-25 10:43:14,690.6,2026-05-29,93,0.2552830416032471,765.0,1.107732406602954,695.2818378336419,0.09555854840079883,True,call,0.97,0.99,0.98,0.020000000000000018,0.02040816326530614,27.0,1173.0,0.1236659899902343
2026-02-25 10:43:14,690.6,2026-05-29,93,0.2552830416032471,770.0,1.114972487691862,695.2818378336419,0.10207322942199264,True,call,0.74,0.76,0.75,0.020000000000000018,0.02666666666666669,15.0,858.0,0.1232387481689453
2026-02-25 10:43:14,690.6,2026-05-29,93,0.2552830416032471,775.0,1.1222125687807702,695.2818378336419,0.10854574392761003,True,call,0.57,0.59,0.58,0.020000000000000018,0.03448275862068969,87.0,604.0,0.1232997827148437
2026-02-25 10:43:14,690.6,2026-05-29,93,0.2552830416032471,780.0,1.1294526498696784,695.2818378336419,0.11497663425790057,True,call,0.45,0.46,0.455,0.010000000000000009,0.021978021978021997,21.0,809.0,0.1236049554443359
2026-02-25 10:43:14,690.6,2026-05-29,93,0.2552830416032471,435.0,0.629887054735013,695.2818378336419,-0.4689712543370528,True,put,0.9,0.92,0.91,0.020000000000000018,0.021978021978021997,12.0,1275.0,0.4449518395996094
2026-02-25 10:43:14,690.6,2026-05-29,93,0.2552830416032471,450.0,0.6516072980017376,695.2818378336419,-0.4350697026613715,True,put,1.05,1.06,1.0550000000000002,0.010000000000000009,0.009478672985781998,16.0,390.0,0.4254207849121094
2026-02-25 10:43:14,690.6,2026-05-29,93,0.2552830416032471,470.0,0.6805676223573703,695.2818378336419,-0.3915845907216327,True,put,1.25,1.27,1.26,0.020000000000000018,0.015873015873015886,10.0,176.0,0.3991759301757813
2026-02-25 10:43:14,690.6,2026-05-29,93,0.2552830416032471,480.0,0.6950477845351868,695.2818378336419,-0.3705311815238003,True,put,1.38,1.4,1.39,0.020000000000000018,0.014388489208633108,20.0,355.0,0.3867248828124999
2026-02-25 10:43:14,690.6,2026-05-29,93,0.2552830416032471,515.0,0.7457283521575442,695.2818378336419,-0.30015038476200073,True,put,1.93,1.94,1.935,0.010000000000000009,0.005167958656330754,19.0,174.0,0.3424138024902343
2026-02-25 10:43:14,690.6,2026-05-29,93,0.2552830416032471,550.0,0.7964089197799015,695.2818378336419,-0.23439900719922035,True,put,2.82,2.84,2.83,0.020000000000000018,0.007067137809187285,503.0,1647.0,0.3017342776489258
2026-02-25 10:43:14,690.6,2026-05-29,93,0.2552830416032471,575.0,0.8326093252244425,695.2818378336419,-0.18994724462838652,True,put,3.81,3.83,3.8200000000000003,0.020000000000000018,0.005235602094240842,10.0,507.0,0.2739940765380859
2026-02-25 10:43:14,690.6,2026-05-29,93,0.2552830416032471,592.0,0.8572256009267304,695.2818378336419,-0.16081065054173127,True,put,4.73,4.76,4.745,0.02999999999999936,0.006322444678608927,21.0,103.0,0.2556531954956055
2026-02-25 10:43:14,690.6,2026-05-29,93,0.2552830416032471,594.0,0.8601216333622936,695.2818378336419,-0.15743796606309196,True,put,4.86,4.89,4.875,0.02999999999999936,0.006153846153846023,130.0,209.0,0.2535780209350586
2026-02-25 10:43:14,690.6,2026-05-29,93,0.2552830416032471,600.0,0.8688097306689835,695.2818378336419,-0.14738763020959061,True,put,5.27,5.3,5.285,0.03000000000000025,0.005676442762535525,14.0,47863.0,0.2472304281616211
2026-02-25 10:43:14,690.6,2026-05-29,93,0.2552830416032471,620.0,0.8977700550246163,695.2818378336419,-0.11459780738659964,True,put,6.97,7.0,6.984999999999999,0.03000000000000025,0.004294917680744488,44.0,3812.0,0.2262803202819824
2026-02-25 10:43:14,690.6,2026-05-29,93,0.2552830416032471,625.0,0.9050101361135244,695.2818378336419,-0.10656563568933547,True,put,7.48,7.52,7.5,0.03999999999999915,0.0053333333333332195,31.0,1160.0,0.2210466079711914
2026-02-25 10:43:14,690.6,2026-05-29,93,0.2552830416032471,628.0,0.9093541847668694,695.2818378336419,-0.1017771189575382,True,put,7.8,7.84,7.82,0.040000000000000036,0.005115089514066501,41.0,401.0,0.2177507424926758
2026-02-25 10:43:14,690.6,2026-05-29,93,0.2552830416032471,635.0,0.9194902982913409,695.2818378336419,-0.09069228653304527,True,put,8.64,8.68,8.66,0.03999999999999915,0.004618937644341702,36.0,275.0,0.2103503038024902
2026-02-25 10:43:14,690.6,2026-05-29,93,0.2552830416032471,640.0,0.926730379380249,695.2818378336419,-0.08284910907201935,True,put,9.28,9.33,9.305,0.05000000000000071,0.005373455131649728,89.0,490.0,0.2049029705810546
2026-02-25 10:43:14,690.6,2026-05-29,93,0.2552830416032471,649.0,0.9397625253402838,695.2818378336419,-0.06888456872164689,True,put,10.63,10.67,10.65,0.03999999999999915,0.0037558685446008586,63.0,392.0,0.1951832191467285
2026-02-25 10:43:14,690.6,2026-05-29,93,0.2552830416032471,660.0,0.9556907037358818,695.2818378336419,-0.05207745040526569,True,put,12.59,12.63,12.61,0.040000000000000924,0.0031720856463125237,26.0,15536.0,0.1832204481506347
2026-02-25 10:43:14,690.6,2026-05-29,93,0.2552830416032471,665.0,0.96293078482479,695.2818378336419,-0.04453024476988276,True,put,13.56,13.62,13.59,0.05999999999999872,0.0044150110375275,34.0,640.0,0.1774221662902831
2026-02-25 10:43:14,690.6,2026-05-29,93,0.2552830416032471,675.0,0.9774109470026064,695.2818378336419,-0.029604594553207145,True,put,15.92,15.98,15.95,0.0600000000000005,0.003761755485893448,11.0,376.0,0.1662528443908691
2026-02-25 10:43:14,690.6,2026-05-29,93,0.2552830416032471,676.0,0.978858963220388,695.2818378336419,-0.028124209382772852,True,put,16.2,16.25,16.225,0.05000000000000071,0.0030816640986132946,206.0,342.0,0.1651847398376464
2026-02-25 10:43:14,690.6,2026-05-29,93,0.2552830416032471,678.0,0.9817549956559514,695.2818378336419,-0.02516999748534132,True,put,16.68,16.73,16.705,0.05000000000000071,0.0029931158335828024,206.0,478.0,0.1624992198181152
2026-02-25 10:43:14,690.6,2026-05-29,93,0.2552830416032471,680.0,0.9846510280915146,695.2818378336419,-0.022224487255584565,True,put,17.29,17.35,17.32,0.060000000000002274,0.003464203233256482,42.0,882.0,0.1606681834411621
2026-02-25 10:43:14,690.6,2026-05-29,93,0.2552830416032471,690.0,0.999131190269331,695.2818378336419,-0.007625687834431836,True,put,20.35,20.42,20.385,0.07000000000000028,0.0034338974736325867,52.0,1557.0,0.1485833433532715
2026-02-25 10:43:14,690.6,2026-05-29,93,0.2552830416032471,700.0,1.0136113524471473,695.2818378336419,0.006763049617667704,False,put,24.22,24.29,24.255,0.07000000000000028,0.0028860028860028977,34.0,1054.0,0.1369562623596191
2026-02-25 10:43:14,690.6,2026-05-29,93,0.2552830416032471,705.0,1.0208514335360557,695.2818378336419,0.013880517386531814,False,put,26.47,26.73,26.6,0.26000000000000156,0.009774436090225621,12.0,106.0,0.1324397059631348
2026-02-25 10:43:14,690.6,2026-06-18,113,0.3100775621511923,650.0,0.9412105415580654,696.3348174338574,-0.06885824130410012,False,call,59.08,59.37,59.224999999999994,0.28999999999999915,0.00489658083579568,46.0,6126.0,0.2368850726318359
2026-02-25 10:43:14,690.6,2026-06-18,113,0.3100775621511923,665.0,0.96293078482479,696.3348174338574,-0.046043563537928746,False,call,47.12,47.36,47.239999999999995,0.240000000000002,0.005080440304826461,56.0,4912.0,0.2181016911315917
2026-02-25 10:43:14,690.6,2026-06-18,113,0.3100775621511923,675.0,0.9774109470026064,696.3348174338574,-0.03111791332125308,False,call,39.71,39.9,39.805,0.18999999999999773,0.004773269689737413,62.0,4495.0,0.2066119378662109
2026-02-25 10:43:14,690.6,2026-06-18,113,0.3100775621511923,680.0,0.9846510280915146,696.3348174338574,-0.023737806023630473,False,call,36.01,36.2,36.105000000000004,0.19000000000000483,0.005262429026450763,37.0,4537.0,0.2001117587280273
2026-02-25 10:43:14,690.6,2026-06-18,113,0.3100775621511923,685.0,0.9918911091804228,696.3348174338574,-0.01641176593155763,False,call,32.5,32.67,32.585,0.1700000000000017,0.00521712444376252,12.0,9474.0,0.1940235627746582
2026-02-25 10:43:14,690.6,2026-06-18,113,0.3100775621511923,690.0,0.999131190269331,696.3348174338574,-0.009139006602477809,False,call,29.1,29.29,29.195,0.18999999999999773,0.0065079636924130066,550.0,9119.0,0.1881489877319335
2026-02-25 10:43:14,690.6,2026-06-18,113,0.3100775621511923,695.0,1.0063712713582391,696.3348174338574,-0.0019187586289908093,False,call,25.87,25.92,25.895000000000003,0.05000000000000071,0.0019308746862328908,17.0,7603.0,0.1814962222290039
2026-02-25 10:43:14,690.6,2026-06-18,113,0.3100775621511923,700.0,1.0136113524471473,696.3348174338574,0.005249730849621778,True,call,22.87,22.89,22.880000000000003,0.019999999999999574,0.0008741258741258554,51.0,23236.0,0.1761328115081787
2026-02-25 10:43:14,690.6,2026-06-18,113,0.3100775621511923,705.0,1.0208514335360557,696.3348174338574,0.012367198618485694,True,call,19.91,19.96,19.935000000000002,0.05000000000000071,0.0025081514923501733,23.0,9614.0,0.1704184521484375
2026-02-25 10:43:14,690.6,2026-06-18,113,0.3100775621511923,710.0,1.0280915146249638,696.3348174338574,0.019434365841578302,True,call,17.18,17.22,17.2,0.03999999999999915,0.0023255813953487877,81.0,9432.0,0.1648643084716797
2026-02-25 10:43:14,690.6,2026-06-18,113,0.3100775621511923,715.0,1.035331595713872,696.3348174338574,0.026451938500224786,True,call,14.67,14.7,14.684999999999999,0.02999999999999936,0.0020429009193053704,103.0,18716.0,0.1596000788879394
2026-02-25 10:43:14,690.6,2026-06-18,113,0.3100775621511923,720.0,1.0425716768027802,696.3348174338574,0.03342060781631806,True,call,12.47,12.5,12.485,0.02999999999999936,0.0024028834601521314,90.0,9053.0,0.155281884765625
2026-02-25 10:43:14,690.6,2026-06-18,113,0.3100775621511923,725.0,1.0498117578916883,696.3348174338574,0.04034105066089178,True,call,10.4,10.44,10.42,0.03999999999999915,0.0038387715930901295,69.0,22462.0,0.1506127420043945
2026-02-25 10:43:14,690.6,2026-06-18,113,0.3100775621511923,730.0,1.0570518389805965,696.3348174338574,0.04721392994865397,True,call,8.55,8.58,8.565000000000001,0.02999999999999936,0.0035026269702275958,17.0,13767.0,0.1460046337890624
2026-02-25 10:43:14,690.6,2026-06-18,113,0.3100775621511923,740.0,1.0715320011584129,696.3348174338574,0.06081958200443247,True,call,5.69,5.72,5.705,0.02999999999999936,0.005258545135845638,1046.0,11814.0,0.1391687646484375
2026-02-25 10:43:14,690.6,2026-06-18,113,0.3100775621511923,745.0,1.0787720822473212,696.3348174338574,0.0675536141857767,True,call,4.54,4.57,4.555,0.03000000000000025,0.006586169045005544,34.0,15556.0,0.1359339337158203
2026-02-25 10:43:14,690.6,2026-06-18,113,0.3100775621511923,750.0,1.0860121633362294,696.3348174338574,0.07424260233657325,True,call,3.62,3.65,3.635,0.029999999999999805,0.008253094910591419,34.0,17968.0,0.1334772932434081
2026-02-25 10:43:14,690.6,2026-06-18,113,0.3100775621511923,755.0,1.0932522444251376,696.3348174338574,0.08088714505524176,True,call,2.86,2.89,2.875,0.03000000000000025,0.010434782608695738,22.0,8572.0,0.131295308227539
2026-02-25 10:43:14,690.6,2026-06-18,113,0.3100775621511923,760.0,1.1004923255140457,696.3348174338574,0.08748782908659376,True,call,2.25,2.28,2.2649999999999997,0.029999999999999805,0.013245033112582696,10.0,8033.0,0.1294947891235351
2026-02-25 10:43:14,690.6,2026-06-18,113,0.3100775621511923,770.0,1.114972487691862,696.3348174338574,0.10055991065394662,True,call,1.39,1.4,1.395,0.010000000000000009,0.007168458781362013,67.0,7538.0,0.1267787518310547
2026-02-25 10:43:14,690.6,2026-06-18,113,0.3100775621511923,775.0,1.1222125687807702,696.3348174338574,0.10703242515956402,True,call,1.09,1.11,1.1,0.020000000000000018,0.018181818181818195,663.0,4310.0,0.1262294409179687
2026-02-25 10:43:14,690.6,2026-06-18,113,0.3100775621511923,780.0,1.1294526498696784,696.3348174338574,0.11346331548985458,True,call,0.87,0.88,0.875,0.010000000000000009,0.011428571428571439,60.0,3928.0,0.1258632336425781
2026-02-25 10:43:14,690.6,2026-06-18,113,0.3100775621511923,790.0,1.143932812047495,696.3348174338574,0.12620234126728422,True,call,0.55,0.56,0.555,0.010000000000000009,0.018018018018018032,1040.0,5358.0,0.1258632336425781
2026-02-25 10:43:14,690.6,2026-06-18,113,0.3100775621511923,800.0,1.1584129742253113,696.3348174338574,0.13878112347414442,True,call,0.36,0.37,0.365,0.010000000000000009,0.02739726027397263,32.0,16445.0,0.12696185546875
2026-02-25 10:43:14,690.6,2026-06-18,113,0.3100775621511923,810.0,1.1728931364031276,696.3348174338574,0.15120364347270146,True,call,0.24,0.25,0.245,0.010000000000000009,0.04081632653061228,20.0,1483.0,0.1285487536621093
2026-02-25 10:43:14,690.6,2026-06-18,113,0.3100775621511923,820.0,1.187373298580944,696.3348174338574,0.1634737360645159,True,call,0.17,0.18,0.175,0.009999999999999981,0.05714285714285704,114.0,11099.0,0.1313563427734375
2026-02-25 10:43:14,690.6,2026-06-18,113,0.3100775621511923,835.0,1.2090935418476687,696.3348174338574,0.1816011206570726,True,call,0.1,0.11,0.10500000000000001,0.009999999999999995,0.09523809523809518,16.0,351.0,0.1350184155273437
2026-02-25 10:43:14,690.6,2026-06-18,113,0.3100775621511923,245.0,0.35476397335650156,696.3348174338574,-1.044572393649056,True,put,0.17,0.18,0.175,0.009999999999999981,0.05714285714285704,80.0,22455.0,0.6914093359375001
2026-02-25 10:43:14,690.6,2026-06-18,113,0.3100775621511923,250.0,0.3620040544454098,696.3348174338574,-1.0243696863315366,True,put,0.18,0.19,0.185,0.010000000000000009,0.054054054054054106,70.0,19728.0,0.6821320849609377
2026-02-25 10:43:14,690.6,2026-06-18,113,0.3100775621511923,280.0,0.40544454097885896,696.3348174338574,-0.9110410010245332,True,put,0.26,0.28,0.27,0.020000000000000018,0.07407407407407414,200.0,4059.0,0.6352575537109376
2026-02-25 10:43:14,690.6,2026-06-18,113,0.3100775621511923,300.0,0.43440486533449174,696.3348174338574,-0.8420481295375819,True,put,0.34,0.35,0.345,0.009999999999999953,0.02898550724637668,12106.0,21701.0,0.6064492480468751
2026-02-25 10:43:14,690.6,2026-06-18,113,0.3100775621511923,305.0,0.4416449464233999,696.3348174338574,-0.8255188275863713,True,put,0.36,0.37,0.365,0.010000000000000009,0.02739726027397263,30.0,854.0,0.5991251025390626
2026-02-25 10:43:14,690.6,2026-06-18,113,0.3100775621511923,310.0,0.44888502751230813,696.3348174338574,-0.8092583067145909,True,put,0.38,0.39,0.385,0.010000000000000009,0.025974025974025997,156.0,1135.0,0.5918009570312501
2026-02-25 10:43:14,690.6,2026-06-18,113,0.3100775621511923,325.0,0.4706052707790327,696.3348174338574,-0.7620054218640454,True,put,0.44,0.45,0.445,0.010000000000000009,0.02247191011235957,35.0,1728.0,0.569340244140625
2026-02-25 10:43:14,690.6,2026-06-18,113,0.3100775621511923,330.0,0.4778453518679409,696.3348174338574,-0.746737949733257,True,put,0.47,0.48,0.475,0.010000000000000009,0.02105263157894739,11.0,1287.0,0.5632367895507813
2026-02-25 10:43:14,690.6,2026-06-18,113,0.3100775621511923,335.0,0.4850854329568491,696.3348174338574,-0.7317000723687165,True,put,0.49,0.5,0.495,0.010000000000000009,0.02020202020202022,35.0,438.0,0.5556685058593751
2026-02-25 10:43:14,690.6,2026-06-18,113,0.3100775621511923,385.0,0.557486243845931,696.3348174338574,-0.5925872699059986,True,put,0.81,0.82,0.815,0.009999999999999898,0.012269938650306624,12.0,2993.0,0.4896291271972657
2026-02-25 10:43:14,690.6,2026-06-18,113,0.3100775621511923,390.0,0.5647263249348392,696.3348174338574,-0.5796838650700907,True,put,0.84,0.85,0.845,0.010000000000000009,0.011834319526627229,806.0,1164.0,0.48242705078125
2026-02-25 10:43:14,690.6,2026-06-18,113,0.3100775621511923,400.0,0.5792064871126557,696.3348174338574,-0.5543660570858009,True,put,0.93,0.93,0.93,0.0,0.0,15.0,16330.0,0.4693656579589844
2026-02-25 10:43:14,690.6,2026-06-18,113,0.3100775621511923,420.0,0.6081668114682884,696.3348174338574,-0.505575892916369,True,put,1.11,1.12,1.1150000000000002,0.010000000000000009,0.008968609865470859,26.0,11864.0,0.4443414941406249
2026-02-25 10:43:14,690.6,2026-06-18,113,0.3100775621511923,425.0,0.6154068925571966,696.3348174338574,-0.49374143526936604,True,put,1.16,1.17,1.165,0.010000000000000009,0.00858369098712447,12.0,9701.0,0.4381159704589844
2026-02-25 10:43:14,690.6,2026-06-18,113,0.3100775621511923,440.0,0.6371271358239212,696.3348174338574,-0.4590558772814761,True,put,1.32,1.33,1.3250000000000002,0.010000000000000009,0.00754716981132076,21.0,3127.0,0.4191342266845703
2026-02-25 10:43:14,690.6,2026-06-18,113,0.3100775621511923,445.0,0.6443672169128294,696.3348174338574,-0.44775632202754273,True,put,1.38,1.39,1.3849999999999998,0.010000000000000009,0.007220216606498202,14.0,4129.0,0.412969737548828
2026-02-25 10:43:14,690.6,2026-06-18,113,0.3100775621511923,455.0,0.6588473790906458,696.3348174338574,-0.4255331852428325,True,put,1.51,1.52,1.5150000000000001,0.010000000000000009,0.006600660066006606,22.0,1642.0,0.4008848974609375
2026-02-25 10:43:14,690.6,2026-06-18,113,0.3100775621511923,460.0,0.666087460179554,696.3348174338574,-0.4146041147106422,True,put,1.57,1.59,1.58,0.020000000000000018,0.012658227848101276,10.0,7685.0,0.3949035119628906
2026-02-25 10:43:14,690.6,2026-06-18,113,0.3100775621511923,475.0,0.6878077034462786,696.3348174338574,-0.3825158001591416,True,put,1.79,1.8,1.795,0.010000000000000009,0.005571030640668529,155.0,2890.0,0.3763490100097656
2026-02-25 10:43:14,690.6,2026-06-18,113,0.3100775621511923,480.0,0.6950477845351868,696.3348174338574,-0.3720445002918463,True,put,1.87,1.88,1.875,0.009999999999999787,0.0053333333333332195,16.0,13438.0,0.3703065899658203
2026-02-25 10:43:14,690.6,2026-06-18,113,0.3100775621511923,500.0,0.7240081088908196,696.3348174338574,-0.33122250577159124,True,put,2.25,2.26,2.255,0.009999999999999787,0.0044345898004433644,2608.0,25323.0,0.3471744970703124
2026-02-25 10:43:14,690.6,2026-06-18,113,0.3100775621511923,505.0,0.7312481899797277,696.3348174338574,-0.3212721749184231,True,put,2.35,2.37,2.3600000000000003,0.020000000000000018,0.008474576271186448,17.0,5064.0,0.3414982843017577
2026-02-25 10:43:14,690.6,2026-06-18,113,0.3100775621511923,510.0,0.7384882710686359,696.3348174338574,-0.3114198784754114,True,put,2.45,2.47,2.46,0.020000000000000018,0.008130081300813016,20.0,8742.0,0.335394829711914
2026-02-25 10:43:14,690.6,2026-06-18,113,0.3100775621511923,515.0,0.7457283521575442,696.3348174338574,-0.3016637035300468,True,put,2.59,2.6,2.5949999999999998,0.010000000000000231,0.003853564547206255,108.0,5953.0,0.3300237896728515
2026-02-25 10:43:14,690.6,2026-06-18,113,0.3100775621511923,525.0,0.7602085143353605,696.3348174338574,-0.28243234160215924,True,put,2.86,2.88,2.87,0.020000000000000018,0.0069686411149825845,10.0,4363.0,0.319220675048828
2026-02-25 10:43:14,690.6,2026-06-18,113,0.3100775621511923,530.0,0.7674485954242687,696.3348174338574,-0.2729535976476154,True,put,3.0,3.01,3.005,0.009999999999999787,0.003327787021630545,29.0,6943.0,0.3133003240966796
2026-02-25 10:43:14,690.6,2026-06-18,113,0.3100775621511923,535.0,0.774688676513177,696.3348174338574,-0.2635638572977763,True,put,3.17,3.18,3.175,0.010000000000000231,0.0031496062992126712,127.0,8144.0,0.3081734222412109
2026-02-25 10:43:14,690.6,2026-06-18,113,0.3100775621511923,540.0,0.7819287576020851,696.3348174338574,-0.25426146463546284,True,put,3.33,3.34,3.335,0.009999999999999787,0.0029985007496251236,41.0,6015.0,0.3026192785644531
2026-02-25 10:43:14,690.6,2026-06-18,113,0.3100775621511923,560.0,0.8108890819577179,696.3348174338574,-0.2178938204645879,True,put,4.17,4.19,4.18,0.020000000000000462,0.004784688995215422,30.0,9244.0,0.2823863265991211
2026-02-25 10:43:14,690.6,2026-06-18,113,0.3100775621511923,565.0,0.8181291630466261,696.3348174338574,-0.20900487304734197,True,put,4.41,4.43,4.42,0.019999999999999574,0.0045248868778279576,15.0,5374.0,0.277228907470703
2026-02-25 10:43:14,690.6,2026-06-18,113,0.3100775621511923,600.0,0.8688097306689835,696.3348174338574,-0.14890094897763656,True,put,6.73,6.75,6.74,0.019999999999999574,0.0029673590504450406,1052.0,22048.0,0.242622319946289
2026-02-25 10:43:14,690.6,2026-06-18,113,0.3100775621511923,605.0,0.8760498117578916,696.3348174338574,-0.14060214616294142,True,put,7.17,7.19,7.18,0.020000000000000462,0.0027855153203343265,1140.0,5058.0,0.2377700735473632
2026-02-25 10:43:14,690.6,2026-06-18,113,0.3100775621511923,610.0,0.8832898928467998,696.3348174338574,-0.132371647026426,True,put,7.58,7.61,7.595000000000001,0.03000000000000025,0.003949967083607669,10.0,7906.0,0.2323379989624023
2026-02-25 10:43:14,690.6,2026-06-18,113,0.3100775621511923,615.0,0.8905299739357081,696.3348174338574,-0.12420833638726503,True,put,8.12,8.15,8.135,0.030000000000001137,0.0036877688998157515,12.0,4887.0,0.2278519598388672
2026-02-25 10:43:14,690.6,2026-06-18,113,0.3100775621511923,620.0,0.8977700550246163,696.3348174338574,-0.11611112615464561,True,put,8.67,8.69,8.68,0.019999999999999574,0.002304147465437739,131.0,51343.0,0.2229234202575683
2026-02-25 10:43:14,690.6,2026-06-18,113,0.3100775621511923,625.0,0.9050101361135244,696.3348174338574,-0.10807895445738143,True,put,9.24,9.27,9.254999999999999,0.02999999999999936,0.003241491085899445,31.0,22260.0,0.2179796220397948
2026-02-25 10:43:14,690.6,2026-06-18,113,0.3100775621511923,630.0,0.9122502172024326,696.3348174338574,-0.1001107848082045,True,put,9.88,9.9,9.89,0.019999999999999574,0.0020222446916076412,159.0,150046.0,0.2130663410949707
2026-02-25 10:43:14,690.6,2026-06-18,113,0.3100775621511923,635.0,0.9194902982913409,696.3348174338574,-0.0922056053010913,True,put,10.55,10.57,10.56,0.019999999999999574,0.0018939393939393534,10.0,7955.0,0.2080462496948241
2026-02-25 10:43:14,690.6,2026-06-18,113,0.3100775621511923,640.0,0.926730379380249,696.3348174338574,-0.08436242784006535,True,put,11.28,11.31,11.295,0.030000000000001137,0.0026560424966800477,1360.0,105537.0,0.2031634860229492
2026-02-25 10:43:14,690.6,2026-06-18,113,0.3100775621511923,645.0,0.9339704604691572,696.3348174338574,-0.07658028739801047,True,put,12.0,12.03,12.015,0.02999999999999936,0.00249687890137323,13.0,7906.0,0.1976093423461914
2026-02-25 10:43:14,690.6,2026-06-18,113,0.3100775621511923,650.0,0.9412105415580654,696.3348174338574,-0.06885824130410012,True,put,12.88,12.91,12.895,0.02999999999999936,0.0023264831329972363,39.0,36854.0,0.1928333891296386
2026-02-25 10:43:14,690.6,2026-06-18,113,0.3100775621511923,655.0,0.9484506226469737,696.3348174338574,-0.061195368558530944,True,put,13.76,13.79,13.774999999999999,0.02999999999999936,0.0021778584392014057,20.0,9451.0,0.1874623490905761
2026-02-25 10:43:14,690.6,2026-06-18,113,0.3100775621511923,660.0,0.9556907037358818,696.3348174338574,-0.0535907691733117,True,put,14.71,14.75,14.73,0.03999999999999915,0.0027155465037338187,38.0,18592.0,0.1821065676879882
2026-02-25 10:43:14,690.6,2026-06-18,113,0.3100775621511923,665.0,0.96293078482479,696.3348174338574,-0.046043563537928746,True,put,15.75,15.79,15.77,0.03999999999999915,0.002536461636017701,21.0,8427.0,0.1767050103759765
2026-02-25 10:43:14,690.6,2026-06-18,113,0.3100775621511923,670.0,0.9701708659136982,696.3348174338574,-0.03855289180877121,True,put,16.92,16.96,16.94,0.03999999999999915,0.0023612750885477654,29.0,20164.0,0.1715170739746093
2026-02-25 10:43:14,690.6,2026-06-18,113,0.3100775621511923,675.0,0.9774109470026064,696.3348174338574,-0.03111791332125308,True,put,18.15,18.18,18.165,0.030000000000001137,0.0016515276630884193,19.0,8571.0,0.1659324130249023
2026-02-25 10:43:14,690.6,2026-06-18,113,0.3100775621511923,680.0,0.9846510280915146,696.3348174338574,-0.023737806023630473,True,put,19.54,19.58,19.56,0.03999999999999915,0.002044989775051081,128.0,12631.0,0.1607597352600098
2026-02-25 10:43:14,690.6,2026-06-18,113,0.3100775621511923,685.0,0.9918911091804228,696.3348174338574,-0.01641176593155763,True,put,21.07,21.13,21.1,0.05999999999999872,0.0028436018957345363,84.0,5673.0,0.1556786093139648
2026-02-25 10:43:14,690.6,2026-06-18,113,0.3100775621511923,690.0,0.999131190269331,696.3348174338574,-0.009139006602477809,True,put,22.75,22.8,22.775,0.05000000000000071,0.0021953896816685275,209.0,8079.0,0.15039912109375
2026-02-25 10:43:14,690.6,2026-06-18,113,0.3100775621511923,695.0,1.0063712713582391,696.3348174338574,-0.0019187586289908093,True,put,24.55,24.6,24.575000000000003,0.05000000000000071,0.0020345879959308526,73.0,7581.0,0.1449060119628906
2026-02-25 10:43:14,690.6,2026-06-18,113,0.3100775621511923,700.0,1.0136113524471473,696.3348174338574,0.005249730849621778,False,put,26.57,26.62,26.595,0.05000000000000071,0.001880052641473988,2087.0,22074.0,0.1396722996520996
2026-02-25 10:43:14,690.6,2026-06-18,113,0.3100775621511923,710.0,1.0280915146249638,696.3348174338574,0.019434365841578302,False,put,31.0,31.22,31.11,0.21999999999999886,0.007071681131468945,12.0,3133.0,0.1288081504821777
2026-02-25 10:43:14,690.6,2026-06-18,113,0.3100775621511923,725.0,1.0498117578916883,696.3348174338574,0.04034105066089178,False,put,39.88,40.19,40.035,0.30999999999999517,0.007743224678406275,46.0,718.0,0.1146633944702148
2026-02-25 10:43:14,690.6,2026-06-30,125,0.3429542744799594,625.0,0.9050101361135244,696.3667708944032,-0.10812484147412522,False,call,80.93,81.34,81.135,0.4099999999999966,0.005053306218031633,46.0,189.0,0.2615430291748046
2026-02-25 10:43:14,690.6,2026-06-30,125,0.3429542744799594,640.0,0.926730379380249,696.3667708944032,-0.08440831485680922,False,call,68.17,68.52,68.345,0.3499999999999943,0.005121076889311498,78.0,680.0,0.2434005104064941
2026-02-25 10:43:14,690.6,2026-06-30,125,0.3429542744799594,645.0,0.9339704604691572,696.3667708944032,-0.07662617441475428,False,call,64.02,64.35,64.185,0.3299999999999983,0.0051413881748071716,152.0,285.0,0.2374038662719726
2026-02-25 10:43:14,690.6,2026-06-30,125,0.3429542744799594,650.0,0.9412105415580654,696.3667708944032,-0.06890412832084386,False,call,60.11,60.42,60.265,0.3100000000000023,0.005143947564921634,11.0,1633.0,0.2327347235107422
2026-02-25 10:43:14,690.6,2026-06-30,125,0.3429542744799594,675.0,0.9774109470026064,696.3667708944032,-0.0311638003379969,False,call,40.63,40.88,40.755,0.25,0.0061342166605324495,45.0,485.0,0.2027667614746093
2026-02-25 10:43:14,690.6,2026-06-30,125,0.3429542744799594,695.0,1.0063712713582391,696.3667708944032,-0.0019646456457345254,False,call,27.04,27.09,27.064999999999998,0.05000000000000071,0.0018474043968224909,13.0,1772.0,0.1798635481262206
2026-02-25 10:43:14,690.6,2026-06-30,125,0.3429542744799594,700.0,1.0136113524471473,696.3667708944032,0.005203843832877894,True,call,23.94,23.99,23.965,0.04999999999999716,0.002086375964948765,26.0,2812.0,0.1743475510406494
2026-02-25 10:43:14,690.6,2026-06-30,125,0.3429542744799594,705.0,1.0208514335360557,696.3667708944032,0.012321311601741972,True,call,21.04,21.09,21.064999999999998,0.05000000000000071,0.00237360550676481,10.0,1235.0,0.1691672439575195
2026-02-25 10:43:14,690.6,2026-06-30,125,0.3429542744799594,725.0,1.0498117578916883,696.3667708944032,0.04029516364414805,True,call,11.4,11.44,11.42,0.03999999999999915,0.003502626970227596,77.0,2215.0,0.1503380865478515
2026-02-25 10:43:14,690.6,2026-06-30,125,0.3429542744799594,730.0,1.0570518389805965,696.3667708944032,0.04716804293191018,True,call,9.51,9.53,9.52,0.019999999999999574,0.002100840336134409,11.0,591.0,0.1459741165161132
2026-02-25 10:43:14,690.6,2026-06-30,125,0.3429542744799594,740.0,1.0715320011584129,696.3667708944032,0.06077369498768878,True,call,6.44,6.48,6.460000000000001,0.040000000000000036,0.0061919504643962895,74.0,906.0,0.1389856610107422
2026-02-25 10:43:14,690.6,2026-06-30,125,0.3429542744799594,755.0,1.0932522444251376,696.3667708944032,0.08084125803849791,True,call,3.39,3.42,3.4050000000000002,0.029999999999999805,0.008810572687224611,43.0,664.0,0.1311884977722168
2026-02-25 10:43:14,690.6,2026-06-30,125,0.3429542744799594,775.0,1.1222125687807702,696.3667708944032,0.10698653814282036,True,call,1.36,1.38,1.37,0.019999999999999796,0.014598540145985252,35.0,1012.0,0.1256801300048828
2026-02-25 10:43:14,690.6,2026-06-30,125,0.3429542744799594,780.0,1.1294526498696784,696.3667708944032,0.11341742847311068,True,call,1.08,1.11,1.0950000000000002,0.030000000000000027,0.027397260273972622,36.0,807.0,0.1253139227294922
2026-02-25 10:43:14,690.6,2026-06-30,125,0.3429542744799594,790.0,1.143932812047495,696.3667708944032,0.12615645425054042,True,call,0.7,0.72,0.71,0.020000000000000018,0.028169014084507067,272.0,679.0,0.12500875
2026-02-25 10:43:14,690.6,2026-06-30,125,0.3429542744799594,795.0,1.1511728931364031,696.3667708944032,0.13246562344380522,True,call,0.57,0.58,0.575,0.010000000000000009,0.017391304347826105,100.0,503.0,0.1250697845458984
2026-02-25 10:43:14,690.6,2026-06-30,125,0.3429542744799594,800.0,1.1584129742253113,696.3667708944032,0.13873523645740052,True,call,0.46,0.47,0.46499999999999997,0.009999999999999953,0.021505376344085923,23.0,5544.0,0.1253139227294922
2026-02-25 10:43:14,690.6,2026-06-30,125,0.3429542744799594,810.0,1.1728931364031276,696.3667708944032,0.15115775645595766,True,call,0.31,0.32,0.315,0.010000000000000009,0.03174603174603177,43.0,1194.0,0.1265956481933593
2026-02-25 10:43:14,690.6,2026-06-30,125,0.3429542744799594,815.0,1.1801332174920358,696.3667708944032,0.157311622030336,True,call,0.26,0.27,0.265,0.010000000000000009,0.03773584905660381,200.0,892.0,0.1276942700195312
2026-02-25 10:43:14,690.6,2026-06-30,125,0.3429542744799594,820.0,1.187373298580944,696.3667708944032,0.16342784904777216,True,call,0.21,0.22,0.215,0.010000000000000009,0.046511627906976785,52.0,819.0,0.1281825463867187
2026-02-25 10:43:14,690.6,2026-06-30,125,0.3429542744799594,830.0,1.2018534607587605,696.3667708944032,0.17554920958011697,True,call,0.15,0.16,0.155,0.010000000000000009,0.06451612903225812,24.0,2563.0,0.1306239282226562
2026-02-25 10:43:14,690.6,2026-06-30,125,0.3429542744799594,410.0,0.593686649290472,696.3667708944032,-0.5297193315121731,True,put,1.18,1.19,1.185,0.010000000000000009,0.008438818565400852,44.0,2037.0,0.4449518395996094
2026-02-25 10:43:14,690.6,2026-06-30,125,0.3429542744799594,445.0,0.6443672169128294,696.3667708944032,-0.4478022090442865,True,put,1.59,1.6,1.5950000000000002,0.010000000000000009,0.006269592476489033,16.0,321.0,0.4023497265625
2026-02-25 10:43:14,690.6,2026-06-30,125,0.3429542744799594,450.0,0.6516072980017376,696.3667708944032,-0.4366289084461613,True,put,1.65,1.66,1.6549999999999998,0.010000000000000009,0.006042296072507559,77.0,605.0,0.396063168334961
2026-02-25 10:43:14,690.6,2026-06-30,125,0.3429542744799594,455.0,0.6588473790906458,696.3667708944032,-0.42557907225957636,True,put,1.73,1.74,1.7349999999999999,0.010000000000000009,0.005763688760806922,60.0,186.0,0.3905090246582031
2026-02-25 10:43:14,690.6,2026-06-30,125,0.3429542744799594,465.0,0.6733275412684622,696.3667708944032,-0.40383908562317034,True,put,1.88,1.89,1.8849999999999998,0.010000000000000009,0.005305039787798413,10.0,698.0,0.3786072882080078
2026-02-25 10:43:14,690.6,2026-06-30,125,0.3429542744799594,475.0,0.6878077034462786,696.3667708944032,-0.3825616871758855,True,put,2.03,2.05,2.04,0.020000000000000018,0.00980392156862746,35.0,847.0,0.3667055517578125
2026-02-25 10:43:14,690.6,2026-06-30,125,0.3429542744799594,500.0,0.7240081088908196,696.3667708944032,-0.33126839278833503,True,put,2.54,2.56,2.55,0.020000000000000018,0.007843137254901968,16.0,4109.0,0.3386906951904296
2026-02-25 10:43:14,690.6,2026-06-30,125,0.3429542744799594,520.0,0.7529684332464524,696.3667708944032,-0.2920476796350536,True,put,3.07,3.1,3.085,0.03000000000000025,0.009724473257698622,10.0,354.0,0.3173286041259765
2026-02-25 10:43:14,690.6,2026-06-30,125,0.3429542744799594,530.0,0.7674485954242687,696.3667708944032,-0.2729994846643592,True,put,3.39,3.42,3.4050000000000002,0.029999999999999805,0.008810572687224611,18.0,368.0,0.3068306622314453
2026-02-25 10:43:14,690.6,2026-06-30,125,0.3429542744799594,540.0,0.7819287576020851,696.3667708944032,-0.2543073516522067,True,put,3.75,3.78,3.7649999999999997,0.029999999999999805,0.00796812749003979,100.0,580.0,0.2964547894287109
2026-02-25 10:43:14,690.6,2026-06-30,125,0.3429542744799594,550.0,0.7964089197799015,696.3667708944032,-0.23595821298401018,True,put,4.18,4.2,4.1899999999999995,0.020000000000000462,0.0047732696897375805,21.0,3326.0,0.2864451239013671
2026-02-25 10:43:14,690.6,2026-06-30,125,0.3429542744799594,560.0,0.8108890819577179,696.3667708944032,-0.21793970748133176,True,put,4.65,4.68,4.665,0.02999999999999936,0.006430868167202435,30.0,300.0,0.2765575274658203
2026-02-25 10:43:14,690.6,2026-06-30,125,0.3429542744799594,565.0,0.8181291630466261,696.3667708944032,-0.20905076006408574,True,put,4.94,4.97,4.955,0.02999999999999936,0.006054490413723383,14.0,190.0,0.2720409710693359
2026-02-25 10:43:14,690.6,2026-06-30,125,0.3429542744799594,570.0,0.8253692441355343,696.3667708944032,-0.20024013038193086,True,put,5.23,5.26,5.245,0.02999999999999936,0.005719733079122853,20.0,392.0,0.2672497592163085
2026-02-25 10:43:14,690.6,2026-06-30,125,0.3429542744799594,576.0,0.8340573414422241,696.3667708944032,-0.18976883051463544,True,put,5.6,5.63,5.615,0.03000000000000025,0.005342831700801469,30.0,183.0,0.2614819946289062
2026-02-25 10:43:14,690.6,2026-06-30,125,0.3429542744799594,580.0,0.8398494063133507,696.3667708944032,-0.1828483876700617,True,put,5.87,5.9,5.885,0.03000000000000025,0.005097706032285514,13.0,637.0,0.2577283700561523
2026-02-25 10:43:14,690.6,2026-06-30,125,0.3429542744799594,594.0,0.8601216333622936,696.3667708944032,-0.15899717184788173,True,put,6.91,6.94,6.925000000000001,0.03000000000000025,0.0043321299638989525,10.0,596.0,0.2443312872314453
2026-02-25 10:43:14,690.6,2026-06-30,125,0.3429542744799594,600.0,0.8688097306689835,696.3667708944032,-0.14894683599438027,True,put,7.45,7.47,7.46,0.019999999999999574,0.002680965147453026,130.0,2488.0,0.2388381781005859
2026-02-25 10:43:14,690.6,2026-06-30,125,0.3429542744799594,610.0,0.8832898928467998,696.3667708944032,-0.13241753404316975,True,put,8.39,8.43,8.41,0.03999999999999915,0.004756242568370886,10.0,433.0,0.2294083407592773
2026-02-25 10:43:14,690.6,2026-06-30,125,0.3429542744799594,615.0,0.8905299739357081,696.3667708944032,-0.12425422340400882,True,put,8.91,8.95,8.93,0.03999999999999915,0.0044792833146695575,12.0,6214.0,0.2245560943603515
2026-02-25 10:43:14,690.6,2026-06-30,125,0.3429542744799594,617.0,0.8934260063712713,696.3667708944032,-0.12100746730513896,True,put,9.15,9.18,9.165,0.02999999999999936,0.003273322422258523,10.0,245.0,0.222740316619873
2026-02-25 10:43:14,690.6,2026-06-30,125,0.3429542744799594,623.0,0.9021141036779612,696.3667708944032,-0.11132997242307362,True,put,9.86,9.9,9.879999999999999,0.040000000000000924,0.004048582995951511,10.0,254.0,0.217155655670166
2026-02-25 10:43:14,690.6,2026-06-30,125,0.3429542744799594,625.0,0.9050101361135244,696.3667708944032,-0.10812484147412522,True,put,10.14,10.17,10.155000000000001,0.02999999999999936,0.0029542097488921082,13.0,4511.0,0.2154314297485351
2026-02-25 10:43:14,690.6,2026-06-30,125,0.3429542744799594,629.0,0.910802200984651,696.3667708944032,-0.10174523451008623,True,put,10.66,10.7,10.68,0.03999999999999915,0.0037453183520598453,12.0,155.0,0.2116930638122558
2026-02-25 10:43:14,690.6,2026-06-30,125,0.3429542744799594,637.0,0.9223863307269041,696.3667708944032,-0.08910683563836336,True,put,11.74,11.79,11.765,0.049999999999998934,0.004249893752656093,10.0,276.0,0.2036517623901367
2026-02-25 10:43:14,690.6,2026-06-30,125,0.3429542744799594,640.0,0.926730379380249,696.3667708944032,-0.08440831485680922,True,put,12.24,12.27,12.254999999999999,0.02999999999999936,0.002447980416156619,17.0,5574.0,0.2009204664611816
2026-02-25 10:43:14,690.6,2026-06-30,125,0.3429542744799594,643.0,0.931074428033594,696.3667708944032,-0.0797317669729073,True,put,12.7,12.75,12.725,0.05000000000000071,0.003929273084479427,11.0,285.0,0.1980060668945312
2026-02-25 10:43:14,690.6,2026-06-30,125,0.3429542744799594,650.0,0.9412105415580654,696.3667708944032,-0.06890412832084386,True,put,13.92,13.96,13.940000000000001,0.040000000000000924,0.0028694404591105395,62.0,2936.0,0.1912159736633301
2026-02-25 10:43:14,690.6,2026-06-30,125,0.3429542744799594,680.0,0.9846510280915146,696.3667708944032,-0.02378369304037435,True,put,20.75,20.81,20.78,0.05999999999999872,0.002887391722810333,45.0,2818.0,0.1606987007141113
2026-02-25 10:43:14,690.6,2026-06-30,125,0.3429542744799594,690.0,0.999131190269331,696.3667708944032,-0.00918489361922169,True,put,23.9,23.96,23.93,0.060000000000002274,0.0025073129962391257,85.0,3128.0,0.1502465347290039
2026-02-25 10:43:14,690.6,2026-06-30,125,0.3429542744799594,695.0,1.0063712713582391,696.3667708944032,-0.0019646456457345254,True,put,25.68,25.75,25.715,0.07000000000000028,0.0027221466070387044,44.0,1979.0,0.1449517878723144
2026-02-25 10:43:14,690.6,2026-06-30,125,0.3429542744799594,700.0,1.0136113524471473,696.3667708944032,0.005203843832877894,False,put,27.6,27.67,27.635,0.07000000000000028,0.002533019721367841,48.0,1208.0,0.1393976441955566
2026-02-25 10:43:14,690.6,2026-06-30,125,0.3429542744799594,705.0,1.0208514335360557,696.3667708944032,0.012321311601741972,False,put,29.7,29.78,29.740000000000002,0.08000000000000185,0.0026899798251513733,12.0,808.0,0.1338435005187988
2026-02-25 10:43:14,690.6,2026-06-30,125,0.3429542744799594,730.0,1.0570518389805965,696.3667708944032,0.04716804293191018,False,put,44.04,44.43,44.235,0.39000000000000057,0.008816547982366916,897.0,914.0,0.1111691667175292
2026-02-25 10:43:14,690.6,2026-06-30,125,0.3429542744799594,735.0,1.0642919200695047,696.3667708944032,0.053994008002309926,False,put,47.64,48.12,47.879999999999995,0.4799999999999969,0.01002506265664154,10.0,3270.0,0.1070340762329101
2026-02-25 10:43:14,690.6,2026-07-31,156,0.42788578132927446,685.0,0.9918911091804228,698.4162218430693,-0.019396393145582,False,call,38.54,38.8,38.67,0.259999999999998,0.0067235583139384015,10.0,351.0,0.1995166719055175
2026-02-25 10:43:14,690.6,2026-07-31,156,0.42788578132927446,690.0,0.999131190269331,698.4162218430693,-0.012123633816502243,False,call,35.06,35.46,35.260000000000005,0.3999999999999986,0.011344299489506481,46.0,306.0,0.1945270977783203
2026-02-25 10:43:14,690.6,2026-07-31,156,0.42788578132927446,703.0,1.0179554011004923,698.4162218430693,0.00654166040285748,True,call,27.16,27.22,27.189999999999998,0.05999999999999872,0.002206693637366632,61.0,239.0,0.1811529029083251
2026-02-25 10:43:14,690.6,2026-07-31,156,0.42788578132927446,704.0,1.019403417318274,698.4162218430693,0.00796312475023495,True,call,26.6,26.65,26.625,0.04999999999999716,0.0018779342723003628,10.0,306.0,0.1802907899475098
2026-02-25 10:43:14,690.6,2026-07-31,156,0.42788578132927446,706.0,1.0222994497538371,698.4162218430693,0.010800006085434796,True,call,25.44,25.49,25.465,0.04999999999999716,0.0019634792852934284,66.0,318.0,0.1783758310699462
2026-02-25 10:43:14,690.6,2026-07-31,156,0.42788578132927446,708.0,1.0251954821894005,698.4162218430693,0.013628862285912428,True,call,24.31,24.36,24.335,0.05000000000000071,0.0020546537908362732,18.0,264.0,0.1765066481018066
2026-02-25 10:43:14,690.6,2026-07-31,156,0.42788578132927446,709.0,1.0266434984071822,698.4162218430693,0.015040295124320141,True,call,23.74,23.79,23.765,0.05000000000000071,0.0021039343572480836,13.0,180.0,0.1754995780944824
2026-02-25 10:43:14,690.6,2026-07-31,156,0.42788578132927446,712.0,1.030987547060527,698.4162218430693,0.019262680004168333,True,call,22.03,22.08,22.055,0.04999999999999716,0.0022670596236679737,13.0,162.0,0.1722952644348144
2026-02-25 10:43:14,690.6,2026-07-31,156,0.42788578132927446,715.0,1.035331595713872,698.4162218430693,0.02346731128620036,True,call,20.54,20.59,20.564999999999998,0.05000000000000071,0.0024313153415998403,27.0,218.0,0.1700369862365723
2026-02-25 10:43:14,690.6,2026-07-31,156,0.42788578132927446,725.0,1.0498117578916883,698.4162218430693,0.037356423446867446,True,call,15.73,15.78,15.754999999999999,0.049999999999998934,0.0031735956839098025,32.0,243.0,0.1612785289001465
2026-02-25 10:43:14,690.6,2026-07-31,156,0.42788578132927446,730.0,1.0570518389805965,698.4162218430693,0.04422930273462957,True,call,13.61,13.65,13.629999999999999,0.040000000000000924,0.0029347028613353576,44.0,404.0,0.1571586970520019
2026-02-25 10:43:14,690.6,2026-07-31,156,0.42788578132927446,745.0,1.0787720822473212,698.4162218430693,0.06456898697175212,True,call,8.41,8.45,8.43,0.03999999999999915,0.004744958481613185,26.0,119.0,0.1464318756103515
2026-02-25 10:43:14,690.6,2026-07-31,156,0.42788578132927446,750.0,1.0860121633362294,698.4162218430693,0.0712579751225488,True,call,7.1,7.14,7.119999999999999,0.040000000000000036,0.0056179775280898936,15.0,625.0,0.1437158383178711
2026-02-25 10:43:14,690.6,2026-07-31,156,0.42788578132927446,760.0,1.1004923255140457,698.4162218430693,0.0845032018725694,True,call,4.92,4.96,4.9399999999999995,0.040000000000000036,0.008097165991902843,45.0,520.0,0.1385736778259277
2026-02-25 10:43:14,690.6,2026-07-31,156,0.42788578132927446,775.0,1.1222125687807702,698.4162218430693,0.10404779794553969,True,call,2.75,2.79,2.77,0.040000000000000036,0.014440433212996403,17.0,382.0,0.1331263446044921
2026-02-25 10:43:14,690.6,2026-07-31,156,0.42788578132927446,785.0,1.1366927309585868,698.4162218430693,0.1168684863746011,True,call,1.86,1.89,1.875,0.029999999999999805,0.015999999999999896,23.0,426.0,0.1308985836791992
2026-02-25 10:43:14,690.6,2026-07-31,156,0.42788578132927446,795.0,1.1511728931364031,698.4162218430693,0.12952688324652453,True,call,1.25,1.27,1.26,0.020000000000000018,0.015873015873015886,50.0,347.0,0.1293116854858398
2026-02-25 10:43:14,690.6,2026-07-31,156,0.42788578132927446,445.0,0.6443672169128294,698.4162218430693,-0.45074094924156716,True,put,2.19,2.21,2.2,0.020000000000000018,0.009090909090909097,10.0,130.0,0.3820862573242187
2026-02-25 10:43:14,690.6,2026-07-31,156,0.42788578132927446,500.0,0.7240081088908196,698.4162218430693,-0.3342071329856156,True,put,3.46,3.48,3.4699999999999998,0.020000000000000018,0.005763688760806922,10.0,154.0,0.3240424041748045
2026-02-25 10:43:14,690.6,2026-07-31,156,0.42788578132927446,505.0,0.7312481899797277,698.4162218430693,-0.32425680213244756,True,put,3.61,3.64,3.625,0.03000000000000025,0.008275862068965585,14.0,339.0,0.3191291232299803
2026-02-25 10:43:14,690.6,2026-07-31,156,0.42788578132927446,535.0,0.774688676513177,698.4162218430693,-0.26654848451180085,True,put,4.79,4.82,4.805,0.03000000000000025,0.00624349635796051,20.0,148.0,0.2905344384765624
2026-02-25 10:43:14,690.6,2026-07-31,156,0.42788578132927446,540.0,0.7819287576020851,698.4162218430693,-0.2572460918494872,True,put,5.05,5.07,5.0600000000000005,0.020000000000000462,0.003952569169960565,21.0,363.0,0.2860483993530273
2026-02-25 10:43:14,690.6,2026-07-31,156,0.42788578132927446,560.0,0.8108890819577179,698.4162218430693,-0.22087844767861245,True,put,6.18,6.22,6.199999999999999,0.040000000000000036,0.0064516129032258125,18.0,382.0,0.2682568292236328
2026-02-25 10:43:14,690.6,2026-07-31,156,0.42788578132927446,570.0,0.8253692441355343,698.4162218430693,-0.20317887057921144,True,put,6.89,6.91,6.9,0.020000000000000462,0.002898550724637748,21.0,759.0,0.2595288891601562
2026-02-25 10:43:14,690.6,2026-07-31,156,0.42788578132927446,580.0,0.8398494063133507,698.4162218430693,-0.1857871278673423,True,put,7.65,7.7,7.675000000000001,0.04999999999999982,0.006514657980456002,33.0,392.0,0.2509993113708496
2026-02-25 10:43:14,690.6,2026-07-31,156,0.42788578132927446,615.0,0.8905299739357081,698.4162218430693,-0.12719296360128948,True,put,11.31,11.34,11.325,0.02999999999999936,0.0026490066225165,12.0,255.0,0.2211534184265136
2026-02-25 10:43:14,690.6,2026-07-31,156,0.42788578132927446,640.0,0.926730379380249,698.4162218430693,-0.0873470550540898,True,put,14.97,15.02,14.995000000000001,0.049999999999998934,0.0033344448149382417,19.0,1034.0,0.1991352059936523
2026-02-25 10:43:14,690.6,2026-07-31,156,0.42788578132927446,646.0,0.9354184766869389,698.4162218430693,-0.07801572762520553,True,put,16.03,16.09,16.060000000000002,0.05999999999999872,0.0037359900373598203,20.0,328.0,0.1937641659545898
2026-02-25 10:43:14,690.6,2026-07-31,156,0.42788578132927446,647.0,0.9368664929047205,698.4162218430693,-0.07646893690690673,True,put,16.28,16.33,16.305,0.04999999999999716,0.0030665440049062963,82.0,169.0,0.1932148550415039
2026-02-25 10:43:14,690.6,2026-07-31,156,0.42788578132927446,650.0,0.9412105415580654,698.4162218430693,-0.07184286851812459,True,put,16.8,16.85,16.825000000000003,0.05000000000000071,0.0029717682020802797,11.0,556.0,0.1901478691101074
2026-02-25 10:43:14,690.6,2026-07-31,156,0.42788578132927446,665.0,0.96293078482479,698.4162218430693,-0.049028190751953186,True,put,20.0,20.07,20.035,0.07000000000000028,0.0034938857000249707,135.0,1478.0,0.1763311737823486
2026-02-25 10:43:14,690.6,2026-07-31,156,0.42788578132927446,671.0,0.9716188821314798,698.4162218430693,-0.04004609443612558,True,put,21.55,21.61,21.58,0.05999999999999872,0.0027803521779424805,600.0,343.0,0.1710364269256592
2026-02-25 10:43:14,690.6,2026-07-31,156,0.42788578132927446,678.0,0.9817549956559514,698.4162218430693,-0.02966794346741176,True,put,23.42,23.49,23.455,0.06999999999999673,0.002984438286079588,10.0,125.0,0.1642997389221191
2026-02-25 10:43:14,690.6,2026-07-31,156,0.42788578132927446,679.0,0.9832030118737329,698.4162218430693,-0.028194103849111227,True,put,23.65,23.72,23.685,0.07000000000000028,0.00295545704032089,10.0,114.0,0.1630180134582519
2026-02-25 10:43:14,690.6,2026-07-31,156,0.42788578132927446,681.0,0.9860990443092962,698.4162218430693,-0.02525292525829493,True,put,24.25,24.32,24.285,0.07000000000000028,0.0028824377187564457,115.0,203.0,0.1611869770812988
2026-02-25 10:43:14,690.6,2026-07-31,156,0.42788578132927446,683.0,0.9889950767448595,698.4162218430693,-0.022320371837017284,True,put,24.86,24.93,24.895,0.07000000000000028,0.002811809600321361,10.0,197.0,0.1592949061584472
2026-02-25 10:43:14,690.6,2026-07-31,156,0.42788578132927446,684.0,0.9904430929626411,698.4162218430693,-0.020857313785256914,True,put,25.17,25.25,25.21,0.0799999999999983,0.003173343911146303,11.0,244.0,0.1583946466064453
2026-02-25 10:43:14,690.6,2026-07-31,156,0.42788578132927446,689.0,0.9976831740515494,698.4162218430693,-0.013573960394148824,True,put,26.77,26.85,26.810000000000002,0.08000000000000185,0.002983961208504358,16.0,192.0,0.1534813656616211
2026-02-25 10:43:14,690.6,2026-07-31,156,0.42788578132927446,691.0,1.0005792064871126,698.4162218430693,-0.010675407640137437,True,put,27.43,27.51,27.47,0.08000000000000185,0.0029122679286495033,41.0,176.0,0.1514214497375488
2026-02-25 10:43:14,690.6,2026-07-31,156,0.42788578132927446,693.0,1.003475238922676,698.4162218430693,-0.007785232217904155,True,put,28.22,28.3,28.259999999999998,0.08000000000000185,0.002830856334041113,15.0,296.0,0.1499566206359863
2026-02-25 10:43:14,690.6,2026-07-31,156,0.42788578132927446,695.0,1.0063712713582391,698.4162218430693,-0.0049033858430151955,True,put,28.93,29.01,28.97,0.08000000000000185,0.00276147739040393,22.0,215.0,0.147919592666626
2026-02-25 10:43:14,690.6,2026-07-31,156,0.42788578132927446,696.0,1.0078192875760208,698.4162218430693,-0.0034655710733877067,True,put,29.24,29.32,29.28,0.08000000000000185,0.002732240437158533,13.0,166.0,0.1465997206115722
2026-02-25 10:43:14,690.6,2026-07-31,156,0.42788578132927446,697.0,1.0092673037938025,698.4162218430693,-0.0020298206472834954,True,put,29.6,29.68,29.64,0.0799999999999983,0.00269905533063422,11.0,639.0,0.1455316160583495
2026-02-25 10:43:14,690.6,2026-07-31,156,0.42788578132927446,698.0,1.0107153200115842,698.4162218430693,-0.0005961286454348218,True,put,29.97,30.05,30.009999999999998,0.08000000000000185,0.0026657780739754032,11.0,126.0,0.1444787701416015
2026-02-25 10:43:14,690.6,2026-07-31,156,0.42788578132927446,700.0,1.0136113524471473,698.4162218430693,0.0022651036355973266,False,put,30.86,30.94,30.9,0.08000000000000185,0.002588996763754105,78.0,626.0,0.1431054928588867
2026-02-25 10:43:14,690.6,2026-07-31,156,0.42788578132927446,725.0,1.0498117578916883,698.4162218430693,0.037356423446867446,False,put,42.91,43.35,43.129999999999995,0.44000000000000483,0.010201715743102363,66.0,187.0,0.1193325372314453
2026-02-25 10:43:14,690.6,2026-08-21,177,0.48542002790461697,625.0,0.9050101361135244,700.065687167974,-0.11342251971580881,False,call,88.1,88.52,88.31,0.4200000000000017,0.004755973275959707,151.0,103.0,0.2669445864868164
2026-02-25 10:43:14,690.6,2026-08-21,177,0.48542002790461697,650.0,0.9412105415580654,700.065687167974,-0.07420180656252748,False,call,67.7,68.02,67.86,0.3199999999999932,0.004715590922487373,20.0,182.0,0.2400893862915039
2026-02-25 10:43:14,690.6,2026-08-21,177,0.48542002790461697,655.0,0.9484506226469737,700.065687167974,-0.06653893381695841,False,call,63.79,64.1,63.94499999999999,0.30999999999999517,0.004847916177965364,400.0,403.0,0.2349243378448486
2026-02-25 10:43:14,690.6,2026-08-21,177,0.48542002790461697,685.0,0.9918911091804228,700.065687167974,-0.021755331189984965,False,call,41.83,42.12,41.974999999999994,0.28999999999999915,0.006908874329958289,19.0,154.0,0.204811418762207
2026-02-25 10:43:14,690.6,2026-08-21,177,0.48542002790461697,700.0,1.0136113524471473,700.065687167974,-9.383440880565104e-05,False,call,32.31,32.36,32.335,0.04999999999999716,0.0015463120457707485,16.0,568.0,0.1902775675201416
2026-02-25 10:43:14,690.6,2026-08-21,177,0.48542002790461697,710.0,1.0280915146249638,700.065687167974,0.01409080058315088,True,call,26.32,26.37,26.345,0.05000000000000071,0.0018978933383944094,41.0,317.0,0.1804891522216797
2026-02-25 10:43:14,690.6,2026-08-21,177,0.48542002790461697,715.0,1.035331595713872,700.065687167974,0.021108373241797262,True,call,23.53,23.57,23.55,0.03999999999999915,0.0016985138004245923,38.0,406.0,0.1756521644592285
2026-02-25 10:43:14,690.6,2026-08-21,177,0.48542002790461697,735.0,1.0642919200695047,700.065687167974,0.04869632976062627,True,call,14.28,14.32,14.3,0.040000000000000924,0.002797202797202862,17.0,982.0,0.1596000788879394
2026-02-25 10:43:14,690.6,2026-08-21,177,0.48542002790461697,740.0,1.0715320011584129,700.065687167974,0.05547601674600508,True,call,12.36,12.4,12.379999999999999,0.040000000000000924,0.003231017770597813,34.0,2032.0,0.1557930490875244
2026-02-25 10:43:14,690.6,2026-08-21,177,0.48542002790461697,745.0,1.0787720822473212,700.065687167974,0.0622100489273492,True,call,10.69,10.73,10.71,0.040000000000000924,0.003734827264239115,497.0,3651.0,0.1526497699737549
2026-02-25 10:43:14,690.6,2026-08-21,177,0.48542002790461697,755.0,1.0932522444251376,700.065687167974,0.07554357979681449,True,call,7.79,7.83,7.8100000000000005,0.040000000000000036,0.00512163892445583,196.0,354.0,0.1465234274291992
2026-02-25 10:43:14,690.6,2026-08-21,177,0.48542002790461697,760.0,1.1004923255140457,700.065687167974,0.08214426382816639,True,call,6.62,6.66,6.640000000000001,0.040000000000000036,0.006024096385542173,17.0,463.0,0.1440667869567871
2026-02-25 10:43:14,690.6,2026-08-21,177,0.48542002790461697,785.0,1.1366927309585868,700.065687167974,0.11450954833019808,True,call,2.75,2.78,2.7649999999999997,0.029999999999999805,0.01084990958408673,18.0,179.0,0.1348810877990723
2026-02-25 10:43:14,690.6,2026-08-21,177,0.48542002790461697,825.0,1.1946133796698524,700.065687167974,0.16420921688247062,True,call,0.66,0.67,0.665,0.010000000000000009,0.015037593984962419,300.0,382.0,0.1306239282226562
2026-02-25 10:43:14,690.6,2026-08-21,177,0.48542002790461697,860.0,1.2452939472922095,700.065687167974,0.20575821979534314,True,call,0.21,0.22,0.215,0.010000000000000009,0.046511627906976785,50.0,201.0,0.1330653100585937
2026-02-25 10:43:14,690.6,2026-08-21,177,0.48542002790461697,890.0,1.2887344338256588,700.065687167974,0.24004729327397514,True,call,0.1,0.11,0.10500000000000001,0.009999999999999995,0.09523809523809518,51.0,102.0,0.1394129028320312
2026-02-25 10:43:14,690.6,2026-08-21,177,0.48542002790461697,400.0,0.5792064871126557,700.065687167974,-0.5597096223442283,True,put,1.82,1.84,1.83,0.020000000000000018,0.010928961748633888,19.0,603.0,0.4190731921386719
2026-02-25 10:43:14,690.6,2026-08-21,177,0.48542002790461697,420.0,0.6081668114682884,700.065687167974,-0.5109194581747962,True,put,2.12,2.14,2.13,0.020000000000000018,0.009389671361502356,43.0,308.0,0.3967345483398438
2026-02-25 10:43:14,690.6,2026-08-21,177,0.48542002790461697,450.0,0.6516072980017376,700.065687167974,-0.44192658668784485,True,put,2.67,2.69,2.6799999999999997,0.020000000000000018,0.007462686567164187,51.0,214.0,0.3645693426513672
2026-02-25 10:43:14,690.6,2026-08-21,177,0.48542002790461697,470.0,0.6805676223573703,700.065687167974,-0.39844147474810604,True,put,3.13,3.15,3.1399999999999997,0.020000000000000018,0.006369426751592363,18.0,170.0,0.3440922525024413
2026-02-25 10:43:14,690.6,2026-08-21,177,0.48542002790461697,480.0,0.6950477845351868,700.065687167974,-0.3773880655502737,True,put,3.4,3.42,3.41,0.020000000000000018,0.005865102639296193,482.0,490.0,0.3342351733398437
2026-02-25 10:43:14,690.6,2026-08-21,177,0.48542002790461697,485.0,0.702287865624095,700.065687167974,-0.36702527851472705,True,put,3.55,3.58,3.565,0.03000000000000025,0.008415147265077208,16.0,571.0,0.3296575823974609
2026-02-25 10:43:14,690.6,2026-08-21,177,0.48542002790461697,500.0,0.7240081088908196,700.065687167974,-0.3365660710300186,True,put,4.04,4.07,4.055,0.03000000000000025,0.007398273736128298,78.0,170.0,0.3153754986572264
2026-02-25 10:43:14,690.6,2026-08-21,177,0.48542002790461697,525.0,0.7602085143353605,700.065687167974,-0.28777590686058657,True,put,5.07,5.1,5.085,0.02999999999999936,0.005899705014749137,115.0,241.0,0.2926401303100585
2026-02-25 10:43:14,690.6,2026-08-21,177,0.48542002790461697,540.0,0.7819287576020851,700.065687167974,-0.2596050298938902,True,put,5.87,5.89,5.88,0.019999999999999574,0.0034013605442176145,14.0,10146.0,0.2797008065795897
2026-02-25 10:43:14,690.6,2026-08-21,177,0.48542002790461697,575.0,0.8326093252244425,700.065687167974,-0.1968041286548598,True,put,8.34,8.37,8.355,0.02999999999999936,0.003590664272890408,11.0,970.0,0.2506331040954589
2026-02-25 10:43:14,690.6,2026-08-21,177,0.48542002790461697,580.0,0.8398494063133507,700.065687167974,-0.1881460659117453,True,put,8.78,8.82,8.8,0.040000000000000924,0.00454545454545465,47.0,295.0,0.2466353413391113
2026-02-25 10:43:14,690.6,2026-08-21,177,0.48542002790461697,620.0,0.8977700550246163,700.065687167974,-0.12145469141307312,True,put,13.38,13.43,13.405000000000001,0.049999999999998934,0.003729951510630282,15.0,11600.0,0.2140123765563965
2026-02-25 10:43:14,690.6,2026-08-21,177,0.48542002790461697,625.0,0.9050101361135244,700.065687167974,-0.11342251971580881,True,put,14.19,14.23,14.21,0.040000000000000924,0.0028149190710767716,152.0,770.0,0.210319786529541
2026-02-25 10:43:14,690.6,2026-08-21,177,0.48542002790461697,630.0,0.9122502172024326,700.065687167974,-0.10545435006663188,True,put,14.92,14.98,14.95,0.0600000000000005,0.004013377926421438,721.0,3525.0,0.2059558164978027
2026-02-25 10:43:14,690.6,2026-08-21,177,0.48542002790461697,645.0,0.9339704604691572,700.065687167974,-0.08192385265643784,True,put,17.57,17.62,17.595,0.05000000000000071,0.0028417163967036497,85.0,348.0,0.1933827000427246
2026-02-25 10:43:14,690.6,2026-08-21,177,0.48542002790461697,655.0,0.9484506226469737,700.065687167974,-0.06653893381695841,True,put,19.63,19.69,19.66,0.060000000000002274,0.0030518819938963517,16.0,377.0,0.1850133379364013
2026-02-25 10:43:14,690.6,2026-08-21,177,0.48542002790461697,660.0,0.9556907037358818,700.065687167974,-0.05893433443173905,True,put,20.68,20.75,20.715,0.07000000000000028,0.003379193820902741,61.0,583.0,0.1803670831298828
2026-02-25 10:43:14,690.6,2026-08-21,177,0.48542002790461697,675.0,0.9774109470026064,700.065687167974,-0.03646147857968053,True,put,24.49,24.56,24.525,0.07000000000000028,0.0028542303771661687,47.0,224.0,0.1672065091705322
2026-02-25 10:43:14,690.6,2026-08-21,177,0.48542002790461697,695.0,1.0063712713582391,700.065687167974,-0.007262323887418131,True,put,30.83,30.92,30.875,0.09000000000000341,0.0029149797570851305,39.0,126.0,0.1488122229003906
2026-02-25 10:43:14,690.6,2026-08-21,177,0.48542002790461697,725.0,1.0498117578916883,700.065687167974,0.03499748540246448,False,put,44.58,44.96,44.769999999999996,0.38000000000000256,0.00848782666964491,200.0,151.0,0.1217739190673828
2026-02-25 10:43:14,690.6,2026-08-21,177,0.48542002790461697,730.0,1.0570518389805965,700.065687167974,0.04187036469022657,False,put,47.57,47.98,47.775,0.4099999999999966,0.00858189429617994,147.0,997.0,0.1173946903991699
2026-02-25 10:43:14,690.6,2026-09-18,205,0.5621323566717402,660.0,0.9556907037358818,700.6117548783193,-0.05971405390407265,False,call,63.87,64.21,64.03999999999999,0.3399999999999963,0.005309181761399068,10.0,1597.0,0.2340011903381347
2026-02-25 10:43:14,690.6,2026-09-18,205,0.5621323566717402,675.0,0.9774109470026064,700.6117548783193,-0.037241198052014146,False,call,52.79,53.09,52.94,0.30000000000000426,0.005666792595391089,21.0,1378.0,0.2192232009124755
2026-02-25 10:43:14,690.6,2026-09-18,205,0.5621323566717402,700.0,1.0136113524471473,700.6117548783193,-0.0008735538811392127,False,call,36.07,36.13,36.1,0.060000000000002274,0.001662049861495908,27.0,6619.0,0.1950764086914062
2026-02-25 10:43:14,690.6,2026-09-18,205,0.5621323566717402,710.0,1.0280915146249638,700.6117548783193,0.013311081110817163,True,call,30.16,30.22,30.189999999999998,0.05999999999999872,0.0019874130506789905,47.0,3336.0,0.1865468309020996
2026-02-25 10:43:14,690.6,2026-09-18,205,0.5621323566717402,715.0,1.035331595713872,700.6117548783193,0.020328653769463686,True,call,27.32,27.38,27.35,0.05999999999999872,0.002193784277879295,2634.0,6580.0,0.1820607917785644
2026-02-25 10:43:14,690.6,2026-09-18,205,0.5621323566717402,725.0,1.0498117578916883,700.6117548783193,0.034217765930130754,True,call,22.13,22.19,22.16,0.060000000000002274,0.0027075812274369258,2597.0,10336.0,0.1737753521728515
2026-02-25 10:43:14,690.6,2026-09-18,205,0.5621323566717402,750.0,1.0860121633362294,700.6117548783193,0.06811931760581218,True,call,11.89,11.94,11.915,0.049999999999998934,0.004196391103650771,36.0,57937.0,0.1557701611328125
2026-02-25 10:43:14,690.6,2026-09-18,205,0.5621323566717402,780.0,1.1294526498696784,700.6117548783193,0.10734003075909353,True,call,4.86,4.89,4.875,0.02999999999999936,0.006153846153846023,165.0,6213.0,0.1414117842102051
2026-02-25 10:43:14,690.6,2026-09-18,205,0.5621323566717402,785.0,1.1366927309585868,700.6117548783193,0.1137298288578645,True,call,4.12,4.15,4.135,0.03000000000000025,0.007255139056831983,167.0,8066.0,0.1395960064697265
2026-02-25 10:43:14,690.6,2026-09-18,205,0.5621323566717402,790.0,1.143932812047495,700.6117548783193,0.12007905653652323,True,call,3.5,3.54,3.52,0.040000000000000036,0.011363636363636374,134.0,9876.0,0.1382685050964355
2026-02-25 10:43:14,690.6,2026-09-18,205,0.5621323566717402,805.0,1.1656530553142195,700.6117548783193,0.13888838849401935,True,call,2.13,2.16,2.145,0.03000000000000025,0.013986013986014102,562.0,2045.0,0.1349573809814453
2026-02-25 10:43:14,690.6,2026-09-18,205,0.5621323566717402,820.0,1.187373298580944,700.6117548783193,0.1573504513337549,True,call,1.29,1.31,1.3,0.020000000000000018,0.015384615384615398,20.0,3345.0,0.1328822064208984
2026-02-25 10:43:14,690.6,2026-09-18,205,0.5621323566717402,825.0,1.1946133796698524,700.6117548783193,0.16342949741013707,True,call,1.1,1.12,1.11,0.020000000000000018,0.018018018018018032,48.0,1873.0,0.1326685855102539
2026-02-25 10:43:14,690.6,2026-09-18,205,0.5621323566717402,830.0,1.2018534607587605,700.6117548783193,0.16947181186609966,True,call,0.94,0.95,0.945,0.010000000000000009,0.010582010582010592,10.0,562.0,0.1323328955078125
2026-02-25 10:43:14,690.6,2026-09-18,205,0.5621323566717402,845.0,1.223573704025485,700.6117548783193,0.18738273843262981,True,call,0.58,0.6,0.59,0.020000000000000018,0.0338983050847458,100.0,1014.0,0.1324549645996094
2026-02-25 10:43:14,690.6,2026-09-18,205,0.5621323566717402,850.0,1.2308137851143932,700.6117548783193,0.1932824605598183,True,call,0.5,0.52,0.51,0.020000000000000018,0.03921568627450984,17.0,3715.0,0.1327601373291015
2026-02-25 10:43:14,690.6,2026-09-18,205,0.5621323566717402,860.0,1.2452939472922095,700.6117548783193,0.20497850032300952,True,call,0.37,0.39,0.38,0.020000000000000018,0.05263157894736847,102.0,3325.0,0.1333704827880859
2026-02-25 10:43:14,690.6,2026-09-18,205,0.5621323566717402,865.0,1.252534028381118,700.6117548783193,0.21077561800733538,True,call,0.32,0.33,0.325,0.010000000000000009,0.030769230769230795,20.0,437.0,0.1333094482421875
2026-02-25 10:43:14,690.6,2026-09-18,205,0.5621323566717402,880.0,1.2742542716478424,700.6117548783193,0.22796801854770815,True,call,0.21,0.22,0.215,0.010000000000000009,0.046511627906976785,61.0,5823.0,0.13477427734375
2026-02-25 10:43:14,690.6,2026-09-18,205,0.5621323566717402,890.0,1.2887344338256588,700.6117548783193,0.23926757380164165,True,call,0.17,0.18,0.175,0.009999999999999981,0.05714285714285704,50.0,470.0,0.1369715209960937
2026-02-25 10:43:14,690.6,2026-09-18,205,0.5621323566717402,895.0,1.295974514914567,700.6117548783193,0.24486982935031149,True,call,0.15,0.16,0.155,0.010000000000000009,0.06451612903225812,26.0,1156.0,0.137703935546875
2026-02-25 10:43:14,690.6,2026-09-18,205,0.5621323566717402,350.0,0.5068056762235736,700.6117548783193,-0.6940207344410845,True,put,1.49,1.51,1.5,0.020000000000000018,0.013333333333333345,18.0,1400.0,0.4577690942382813
2026-02-25 10:43:14,690.6,2026-09-18,205,0.5621323566717402,360.0,0.5212858384013901,700.6117548783193,-0.6658498574743883,True,put,1.62,1.64,1.63,0.019999999999999796,0.012269938650306624,56.0,382.0,0.4466608068847656
2026-02-25 10:43:14,690.6,2026-09-18,205,0.5621323566717402,380.0,0.5502461627570229,700.6117548783193,-0.6117826362041126,True,put,1.89,1.9,1.895,0.010000000000000009,0.0052770448548812715,41.0,2540.0,0.4239559558105469
2026-02-25 10:43:14,690.6,2026-09-18,205,0.5621323566717402,390.0,0.5647263249348392,700.6117548783193,-0.5858071498008518,True,put,2.04,2.05,2.045,0.009999999999999787,0.004889975550122145,10.0,254.0,0.4130918066406249
2026-02-25 10:43:14,690.6,2026-09-18,205,0.5621323566717402,400.0,0.5792064871126557,700.6117548783193,-0.560489341816562,True,put,2.2,2.21,2.205,0.009999999999999787,0.004535147392290152,11.0,12807.0,0.4024107611083984
2026-02-25 10:43:14,690.6,2026-09-18,205,0.5621323566717402,430.0,0.6226469736461048,700.6117548783193,-0.4881686802369358,True,put,2.75,2.77,2.76,0.020000000000000018,0.00724637681159421,357.0,748.0,0.3714052117919921
2026-02-25 10:43:14,690.6,2026-09-18,205,0.5621323566717402,450.0,0.6516072980017376,700.6117548783193,-0.4427063061601785,True,put,3.2,3.23,3.215,0.029999999999999805,0.009331259720062149,278.0,3972.0,0.3516300189208984
2026-02-25 10:43:14,690.6,2026-09-18,205,0.5621323566717402,470.0,0.6805676223573703,700.6117548783193,-0.39922119422043967,True,put,3.75,3.77,3.76,0.020000000000000018,0.005319148936170218,60.0,502.0,0.3324346542358398
2026-02-25 10:43:14,690.6,2026-09-18,205,0.5621323566717402,495.0,0.7167680278019114,700.6117548783193,-0.34739612635585365,True,put,4.62,4.64,4.63,0.019999999999999574,0.004319654427645697,79.0,799.0,0.3099129067993164
2026-02-25 10:43:14,690.6,2026-09-18,205,0.5621323566717402,500.0,0.7240081088908196,700.6117548783193,-0.33734579050235225,True,put,4.83,4.85,4.84,0.019999999999999574,0.004132231404958589,26.0,4042.0,0.305671005859375
2026-02-25 10:43:14,690.6,2026-09-18,205,0.5621323566717402,505.0,0.7312481899797277,700.6117548783193,-0.32739545964918404,True,put,5.03,5.06,5.045,0.02999999999999936,0.0059464816650147394,54.0,5206.0,0.3012765185546875
2026-02-25 10:43:14,690.6,2026-09-18,205,0.5621323566717402,510.0,0.7384882710686359,700.6117548783193,-0.3175431632061725,True,put,5.27,5.29,5.279999999999999,0.020000000000000462,0.003787878787878876,264.0,2311.0,0.2970651348876952
2026-02-25 10:43:14,690.6,2026-09-18,205,0.5621323566717402,520.0,0.7529684332464524,700.6117548783193,-0.29812507734907095,True,put,5.76,5.79,5.775,0.03000000000000025,0.005194805194805237,25.0,3809.0,0.2887796952819824
2026-02-25 10:43:14,690.6,2026-09-18,205,0.5621323566717402,525.0,0.7602085143353605,700.6117548783193,-0.28855562633292015,True,put,6.04,6.06,6.05,0.019999999999999574,0.003305785123966872,50.0,7656.0,0.2846751220703124
2026-02-25 10:43:14,690.6,2026-09-18,205,0.5621323566717402,535.0,0.774688676513177,700.6117548783193,-0.2696871420285374,True,put,6.62,6.64,6.63,0.019999999999999574,0.0030165912518853055,13.0,2272.0,0.2764964929199218
2026-02-25 10:43:14,690.6,2026-09-18,205,0.5621323566717402,540.0,0.7819287576020851,700.6117548783193,-0.2603847493662239,True,put,6.93,6.95,6.9399999999999995,0.020000000000000462,0.002881844380403525,15.0,4447.0,0.2724224369812011
2026-02-25 10:43:14,690.6,2026-09-18,205,0.5621323566717402,545.0,0.7891688386909933,700.6117548783193,-0.2511680942612998,True,put,7.26,7.29,7.275,0.03000000000000025,0.0041237113402062195,17.0,6535.0,0.2685009674072265
2026-02-25 10:43:14,690.6,2026-09-18,205,0.5621323566717402,560.0,0.8108890819577179,700.6117548783193,-0.2240171051953491,True,put,8.41,8.44,8.425,0.02999999999999936,0.0035608308605340486,21.0,2571.0,0.2570264727783203
2026-02-25 10:43:14,690.6,2026-09-18,205,0.5621323566717402,595.0,0.8615696495800753,700.6117548783193,-0.1633924833789142,True,put,11.92,11.95,11.934999999999999,0.02999999999999936,0.00251361541684117,182.0,5913.0,0.2305985144042968
2026-02-25 10:43:14,690.6,2026-09-18,205,0.5621323566717402,600.0,0.8688097306689835,700.6117548783193,-0.15502423370839763,True,put,12.51,12.55,12.530000000000001,0.040000000000000924,0.0031923383878691876,481.0,15294.0,0.2267228207397461
2026-02-25 10:43:14,690.6,2026-09-18,205,0.5621323566717402,610.0,0.8832898928467998,700.6117548783193,-0.138494931757187,True,put,13.86,13.9,13.879999999999999,0.040000000000000924,0.002881844380403525,13.0,4671.0,0.2192918647766113
2026-02-25 10:43:14,690.6,2026-09-18,205,0.5621323566717402,615.0,0.8905299739357081,700.6117548783193,-0.1303316211180261,True,put,14.59,14.63,14.61,0.040000000000000924,0.0027378507871321646,24.0,4844.0,0.2155687574768066
2026-02-25 10:43:14,690.6,2026-09-18,205,0.5621323566717402,625.0,0.9050101361135244,700.6117548783193,-0.1142022391881424,True,put,16.13,16.17,16.15,0.0400000000000027,0.0024767801857586815,209.0,3170.0,0.2078021115112304
2026-02-25 10:43:14,690.6,2026-09-18,205,0.5621323566717402,635.0,0.9194902982913409,700.6117548783193,-0.09832889003185231,True,put,17.88,17.92,17.9,0.0400000000000027,0.002234636871508531,33.0,5462.0,0.2001880519104004
2026-02-25 10:43:14,690.6,2026-09-18,205,0.5621323566717402,645.0,0.9339704604691572,700.6117548783193,-0.08270357212877141,True,put,19.77,19.82,19.795,0.05000000000000071,0.0025258903763577018,33.0,2274.0,0.1921925263977051
2026-02-25 10:43:14,690.6,2026-09-18,205,0.5621323566717402,650.0,0.9412105415580654,700.6117548783193,-0.07498152603486115,True,put,20.74,20.79,20.765,0.05000000000000071,0.002407897905128857,59.0,6380.0,0.1878285563659668
2026-02-25 10:43:14,690.6,2026-09-18,205,0.5621323566717402,655.0,0.9484506226469737,700.6117548783193,-0.06731865328929205,True,put,21.9,21.95,21.924999999999997,0.05000000000000071,0.0022805017103763154,12.0,1281.0,0.1841512249755859
2026-02-25 10:43:14,690.6,2026-09-18,205,0.5621323566717402,680.0,0.9846510280915146,700.6117548783193,-0.0298610907543915,True,put,28.33,28.39,28.36,0.060000000000002274,0.002115655853314608,12.0,5320.0,0.1630256427764892
2026-02-25 10:43:14,690.6,2026-09-18,205,0.5621323566717402,685.0,0.9918911091804228,700.6117548783193,-0.02253505066231862,True,put,29.83,29.9,29.865,0.07000000000000028,0.0023438807969194805,66.0,11826.0,0.1585548622894287
2026-02-25 10:43:14,690.6,2026-09-18,205,0.5621323566717402,690.0,0.999131190269331,700.6117548783193,-0.015262291333238875,True,put,31.49,31.55,31.52,0.060000000000002274,0.0019035532994924578,126.0,4291.0,0.1542442974853515
2026-02-25 10:43:14,690.6,2026-09-18,205,0.5621323566717402,715.0,1.035331595713872,700.6117548783193,0.020328653769463686,False,put,41.4,41.5,41.45,0.10000000000000142,0.0024125452352231945,10.0,342.0,0.131394489364624
2026-02-25 10:43:14,690.6,2026-09-18,205,0.5621323566717402,725.0,1.0498117578916883,700.6117548783193,0.034217765930130754,False,put,46.56,46.87,46.715,0.30999999999999517,0.006635984159263516,30.0,545.0,0.1236812486267089
2026-02-25 10:43:14,690.6,2026-09-30,217,0.5950090690005073,625.0,0.9050101361135244,700.9082861889117,-0.11462539591273896,False,call,91.97,92.47,92.22,0.5,0.005421817393190197,73.0,248.0,0.2635419105529785
2026-02-25 10:43:14,690.6,2026-09-30,217,0.5950090690005073,630.0,0.9122502172024326,700.9082861889117,-0.10665722626356211,False,call,87.9,88.39,88.14500000000001,0.4899999999999949,0.00555902206591406,18.0,607.0,0.2588269918823243
2026-02-25 10:43:14,690.6,2026-09-30,217,0.5950090690005073,635.0,0.9194902982913409,700.9082861889117,-0.09875204675644873,False,call,83.97,84.45,84.21000000000001,0.480000000000004,0.005700035625222704,10.0,496.0,0.2546537548065186
2026-02-25 10:43:14,690.6,2026-09-30,217,0.5950090690005073,664.0,0.9614827686070083,700.9082861889117,-0.0540948961727066,False,call,61.68,62.18,61.93,0.5,0.008073631519457452,86.0,103.0,0.2285157105255127
2026-02-25 10:43:14,690.6,2026-09-30,217,0.5950090690005073,685.0,0.9918911091804228,700.9082861889117,-0.022958207386915137,False,call,46.65,47.05,46.849999999999994,0.3999999999999986,0.008537886872998904,47.0,320.0,0.2084048276519774
2026-02-25 10:43:14,690.6,2026-09-30,217,0.5950090690005073,700.0,1.0136113524471473,700.9082861889117,-0.001296710605735721,False,call,37.11,37.18,37.144999999999996,0.07000000000000028,0.001884506663077138,27.0,1411.0,0.1945652443695068
2026-02-25 10:43:14,690.6,2026-09-30,217,0.5950090690005073,705.0,1.0208514335360557,700.9082861889117,0.0058207571631282325,True,call,34.04,34.1,34.07,0.060000000000002274,0.0017610801291459428,56.0,768.0,0.1900792052459717
2026-02-25 10:43:14,690.6,2026-09-30,217,0.5950090690005073,735.0,1.0642919200695047,700.9082861889117,0.04749345356369632,True,call,18.41,18.48,18.445,0.07000000000000028,0.0037950664136622543,14.0,148.0,0.1659171543884277
2026-02-25 10:43:14,690.6,2026-09-30,217,0.5950090690005073,740.0,1.0715320011584129,700.9082861889117,0.05427314054907495,True,call,16.37,16.43,16.4,0.05999999999999872,0.003658536585365776,10.0,504.0,0.1625602543640136
2026-02-25 10:43:14,690.6,2026-09-30,217,0.5950090690005073,745.0,1.0787720822473212,700.9082861889117,0.061007172730419106,True,call,14.45,14.5,14.475,0.05000000000000071,0.003454231433506094,20.0,284.0,0.1591652077484131
2026-02-25 10:43:14,690.6,2026-09-30,217,0.5950090690005073,770.0,1.114972487691862,700.9082861889117,0.0940134691985891,True,call,7.26,7.31,7.285,0.04999999999999982,0.006863417982155089,19.0,624.0,0.1457910128784179
2026-02-25 10:43:14,690.6,2026-09-30,217,0.5950090690005073,810.0,1.1728931364031276,700.9082861889117,0.14465720201734403,True,call,2.06,2.09,2.075,0.029999999999999805,0.01445783132530111,10.0,462.0,0.1342097077941894
2026-02-25 10:43:14,690.6,2026-09-30,217,0.5950090690005073,845.0,1.223573704025485,700.9082861889117,0.18695958170803337,True,call,0.69,0.71,0.7,0.020000000000000018,0.0285714285714286,10.0,172.0,0.1322108264160156
2026-02-25 10:43:14,690.6,2026-09-30,217,0.5950090690005073,850.0,1.2308137851143932,700.9082861889117,0.19285930383522173,True,call,0.59,0.61,0.6,0.020000000000000018,0.03333333333333337,11.0,2368.0,0.1322108264160156
2026-02-25 10:43:14,690.6,2026-09-30,217,0.5950090690005073,870.0,1.259774109470026,700.9082861889117,0.2161161659994889,True,call,0.33,0.34,0.335,0.010000000000000009,0.02985074626865674,302.0,963.0,0.1329432409667968
2026-02-25 10:43:14,690.6,2026-09-30,217,0.5950090690005073,885.0,1.2814943527367506,700.9082861889117,0.23321059935878907,True,call,0.22,0.23,0.225,0.010000000000000009,0.04444444444444448,20.0,149.0,0.1344080700683594
2026-02-25 10:43:14,690.6,2026-09-30,217,0.5950090690005073,895.0,1.295974514914567,700.9082861889117,0.24444667262571487,True,call,0.17,0.18,0.175,0.009999999999999981,0.05714285714285704,115.0,105.0,0.1356287609863281
2026-02-25 10:43:14,690.6,2026-09-30,217,0.5950090690005073,470.0,0.6805676223573703,700.9082861889117,-0.39964435094503614,True,put,4.01,4.04,4.025,0.03000000000000025,0.007453416149068384,206.0,1181.0,0.3281317187499999
2026-02-25 10:43:14,690.6,2026-09-30,217,0.5950090690005073,485.0,0.702287865624095,700.9082861889117,-0.36822815471165715,True,put,4.54,4.57,4.555,0.03000000000000025,0.006586169045005544,14.0,169.0,0.3149177395629882
2026-02-25 10:43:14,690.6,2026-09-30,217,0.5950090690005073,540.0,0.7819287576020851,700.9082861889117,-0.2608079060908204,True,put,7.36,7.4,7.380000000000001,0.040000000000000036,0.00542005420054201,10.0,300.0,0.2697063996887207
2026-02-25 10:43:14,690.6,2026-09-30,217,0.5950090690005073,550.0,0.7964089197799015,700.9082861889117,-0.2424587674226238,True,put,8.1,8.14,8.120000000000001,0.040000000000000924,0.004926108374384349,12.0,378.0,0.2621838919067383
2026-02-25 10:43:14,690.6,2026-09-30,217,0.5950090690005073,580.0,0.8398494063133507,700.9082861889117,-0.18934894210867542,True,put,10.82,10.87,10.844999999999999,0.049999999999998934,0.004610419548178786,11.0,115.0,0.2398757653808593
2026-02-25 10:43:14,690.6,2026-09-30,217,0.5950090690005073,595.0,0.8615696495800753,700.9082861889117,-0.16381564010351063,True,put,12.56,12.61,12.585,0.049999999999998934,0.003972983710766701,14.0,107.0,0.2289810989379883
2026-02-25 10:43:14,690.6,2026-09-30,217,0.5950090690005073,600.0,0.8688097306689835,700.9082861889117,-0.15544739043299408,True,put,13.19,13.24,13.215,0.05000000000000071,0.003783579265985676,20.0,1388.0,0.2252732502746581
2026-02-25 10:43:14,690.6,2026-09-30,217,0.5950090690005073,620.0,0.8977700550246163,700.9082861889117,-0.12265756761000318,True,put,16.11,16.17,16.14,0.060000000000002274,0.0037174721189592486,12.0,206.0,0.2107088817596435
2026-02-25 10:43:14,690.6,2026-09-30,217,0.5950090690005073,625.0,0.9050101361135244,700.9082861889117,-0.11462539591273896,True,put,16.92,16.98,16.950000000000003,0.05999999999999872,0.0035398230088494816,10.0,645.0,0.2069018519592285
2026-02-25 10:43:14,690.6,2026-09-30,217,0.5950090690005073,650.0,0.9412105415580654,700.9082861889117,-0.07540468275945768,True,put,21.69,21.75,21.72,0.05999999999999872,0.0027624309392264607,12.0,1433.0,0.1876912286376953
2026-02-25 10:43:14,690.6,2026-09-30,217,0.5950090690005073,658.0,0.9527946713003186,700.9082861889117,-0.06317211432382325,True,put,23.43,23.5,23.465,0.07000000000000028,0.0029831664180694772,399.0,404.0,0.1810689804077148
2026-02-25 10:43:14,690.6,2026-09-30,217,0.5950090690005073,664.0,0.9614827686070083,700.9082861889117,-0.0540948961727066,True,put,24.89,24.96,24.925,0.07000000000000028,0.002808425275827494,178.0,952.0,0.1762625099182129
2026-02-25 10:43:14,690.6,2026-09-30,217,0.5950090690005073,670.0,0.9701708659136982,700.9082861889117,-0.04509933326412872,True,put,26.42,26.49,26.455,0.06999999999999673,0.0026460026460025225,10.0,606.0,0.1712500478363037
2026-02-25 10:43:14,690.6,2026-09-30,217,0.5950090690005073,677.0,0.9803069794381697,700.9082861889117,-0.03470577273686546,True,put,28.4,28.49,28.445,0.08999999999999986,0.0031640007031112625,11.0,279.0,0.1657035334777832
2026-02-25 10:43:14,690.6,2026-09-30,217,0.5950090690005073,678.0,0.9817549956559514,700.9082861889117,-0.03322975770874487,True,put,28.7,28.78,28.740000000000002,0.08000000000000185,0.0027835768963118245,10.0,217.0,0.1648566791534424
2026-02-25 10:43:14,690.6,2026-09-30,217,0.5950090690005073,679.0,0.9832030118737329,700.9082861889117,-0.03175591809044429,True,put,28.98,29.07,29.025,0.08999999999999986,0.003100775193798445,60.0,136.0,0.1639945661926269
2026-02-25 10:43:14,690.6,2026-09-30,217,0.5950090690005073,680.0,0.9846510280915146,700.9082861889117,-0.030284247478988016,True,put,29.27,29.35,29.310000000000002,0.08000000000000185,0.0027294438758103663,10.0,969.0,0.1630714186859131
2026-02-25 10:43:14,690.6,2026-09-30,217,0.5950090690005073,684.0,0.9904430929626411,700.9082861889117,-0.024419128026589982,True,put,30.44,30.53,30.485,0.08999999999999986,0.002952271608988022,20.0,297.0,0.1594627511596679
2026-02-25 10:43:14,690.6,2026-09-30,217,0.5950090690005073,685.0,0.9918911091804228,700.9082861889117,-0.022958207386915137,True,put,30.83,30.92,30.875,0.09000000000000341,0.0029149797570851305,135.0,571.0,0.1589668454742432
2026-02-25 10:43:14,690.6,2026-09-30,217,0.5950090690005073,686.0,0.9933391253982045,700.9082861889117,-0.021499417923255184,True,put,31.09,31.17,31.130000000000003,0.08000000000000185,0.002569868294249979,10.0,118.0,0.1577843011474609
2026-02-25 10:43:14,690.6,2026-09-30,217,0.5950090690005073,690.0,0.999131190269331,700.9082861889117,-0.015685448057835387,True,put,32.47,32.56,32.515,0.09000000000000341,0.0027679532523451765,16.0,1444.0,0.1546944272613525
2026-02-25 10:43:14,690.6,2026-12-18,296,0.8115615804160324,665.0,0.96293078482479,705.1503616996386,-0.05862401842226001,False,call,70.76,71.2,70.98,0.4399999999999977,0.006198929275852321,41.0,1542.0,0.2359390371704101
2026-02-25 10:43:14,690.6,2026-12-18,296,0.8115615804160324,690.0,0.999131190269331,705.1503616996386,-0.021719461486809068,False,call,53.58,53.97,53.775,0.39000000000000057,0.007252440725244083,82.0,1463.0,0.2161714736175537
2026-02-25 10:43:14,690.6,2026-12-18,296,0.8115615804160324,700.0,1.0136113524471473,705.1503616996386,-0.007330724034709569,False,call,47.18,47.52,47.35,0.3400000000000034,0.007180570221752976,10.0,7396.0,0.208267499923706
2026-02-25 10:43:14,690.6,2026-12-18,296,0.8115615804160324,705.0,1.0208514335360557,705.1503616996386,-0.00021325626584558626,False,call,44.26,44.33,44.295,0.07000000000000028,0.00158031380516989,45.0,4232.0,0.2040255989837646
2026-02-25 10:43:14,690.6,2026-12-18,296,0.8115615804160324,710.0,1.0280915146249638,705.1503616996386,0.00685391095724687,True,call,41.34,41.42,41.38,0.0799999999999983,0.0019333011116480978,26.0,5666.0,0.2005924057769774
2026-02-25 10:43:14,690.6,2026-12-18,296,0.8115615804160324,715.0,1.035331595713872,705.1503616996386,0.013871483615893422,True,call,38.39,38.48,38.435,0.0899999999999963,0.0023416157148431456,26.0,1957.0,0.196724341430664
2026-02-25 10:43:14,690.6,2026-12-18,296,0.8115615804160324,725.0,1.0498117578916883,705.1503616996386,0.02776059577656055,True,call,32.85,32.93,32.89,0.0799999999999983,0.002432350258437163,19.0,1420.0,0.189285756149292
2026-02-25 10:43:14,690.6,2026-12-18,296,0.8115615804160324,735.0,1.0642919200695047,705.1503616996386,0.041459440134722456,True,call,27.77,27.84,27.805,0.07000000000000028,0.0025175328178385285,136.0,2005.0,0.1822438954162598
2026-02-25 10:43:14,690.6,2026-12-18,296,0.8115615804160324,740.0,1.0715320011584129,705.1503616996386,0.04823912712010122,True,call,25.31,25.38,25.345,0.07000000000000028,0.002761885973564817,129.0,3469.0,0.1784750122070312
2026-02-25 10:43:14,690.6,2026-12-18,296,0.8115615804160324,750.0,1.0860121633362294,705.1503616996386,0.06166214745224191,True,call,21.02,21.09,21.055,0.07000000000000028,0.003324625979577311,10.0,33340.0,0.1723562989807129
2026-02-25 10:43:14,690.6,2026-12-18,296,0.8115615804160324,760.0,1.1004923255140457,705.1503616996386,0.07490737420226255,True,call,17.12,17.18,17.15,0.05999999999999872,0.003498542274052404,51.0,4644.0,0.166123145980835
2026-02-25 10:43:14,690.6,2026-12-18,296,0.8115615804160324,770.0,1.114972487691862,705.1503616996386,0.08797945576961533,True,call,13.81,13.86,13.835,0.049999999999998934,0.0036140224069388456,133.0,9082.0,0.1607444766235352
2026-02-25 10:43:14,690.6,2026-12-18,296,0.8115615804160324,775.0,1.1222125687807702,705.1503616996386,0.09445197027523279,True,call,12.36,12.4,12.379999999999999,0.040000000000000924,0.003231017770597813,95.0,6639.0,0.158310724105835
2026-02-25 10:43:14,690.6,2026-12-18,296,0.8115615804160324,800.0,1.1584129742253113,705.1503616996386,0.1262006685898131,True,call,6.87,6.91,6.890000000000001,0.040000000000000036,0.005805515239477508,33.0,8393.0,0.1487817056274414
2026-02-25 10:43:14,690.6,2026-12-18,296,0.8115615804160324,815.0,1.1801332174920358,705.1503616996386,0.14477705416274853,True,call,4.69,4.73,4.710000000000001,0.040000000000000036,0.008492569002123149,215.0,2656.0,0.1444024769592285
2026-02-25 10:43:14,690.6,2026-12-18,296,0.8115615804160324,840.0,1.2163336229365769,705.1503616996386,0.17499083275924512,True,call,2.48,2.51,2.495,0.029999999999999805,0.012024048096192307,12.0,3554.0,0.1399774723815918
2026-02-25 10:43:14,690.6,2026-12-18,296,0.8115615804160324,870.0,1.259774109470026,705.1503616996386,0.21008215257051524,True,call,1.19,1.21,1.2,0.020000000000000018,0.016666666666666684,17.0,691.0,0.1381922119140625
2026-02-25 10:43:14,690.6,2026-12-18,296,0.8115615804160324,890.0,1.2887344338256588,705.1503616996386,0.23281040364807137,True,call,0.74,0.76,0.75,0.020000000000000018,0.02666666666666669,201.0,721.0,0.1382837637329101
2026-02-25 10:43:14,690.6,2026-12-18,296,0.8115615804160324,900.0,1.3032145960034751,705.1503616996386,0.24398370424619661,True,call,0.59,0.61,0.6,0.020000000000000018,0.03333333333333337,53.0,6782.0,0.13868048828125
2026-02-25 10:43:14,690.6,2026-12-18,296,0.8115615804160324,910.0,1.3176947581812917,705.1503616996386,0.2550335404327816,True,call,0.47,0.49,0.48,0.020000000000000018,0.041666666666666706,101.0,3749.0,0.1391687646484375
2026-02-25 10:43:14,690.6,2026-12-18,296,0.8115615804160324,915.0,1.3249348392701998,705.1503616996386,0.2605130061974072,True,call,0.42,0.44,0.43,0.020000000000000018,0.046511627906976785,103.0,1345.0,0.1394129028320312
2026-02-25 10:43:14,690.6,2026-12-18,296,0.8115615804160324,925.0,1.3394150014480162,705.1503616996386,0.2713826784343111,True,call,0.34,0.35,0.345,0.009999999999999953,0.02898550724637668,30.0,582.0,0.1397791101074219
2026-02-25 10:43:14,690.6,2026-12-18,296,0.8115615804160324,935.0,1.3538951636258325,705.1503616996386,0.2821354702105729,True,call,0.27,0.28,0.275,0.010000000000000009,0.03636363636363639,105.0,2207.0,0.1401453173828125
2026-02-25 10:43:14,690.6,2026-12-18,296,0.8115615804160324,220.0,0.3185635679119606,705.1503616996386,-1.1647835127257526,True,put,0.69,0.71,0.7,0.020000000000000018,0.0285714285714286,26.0,590.0,0.5522505712890625
2026-02-25 10:43:14,690.6,2026-12-18,296,0.8115615804160324,230.0,0.333043730089777,705.1503616996386,-1.1203317501549188,True,put,0.77,0.79,0.78,0.020000000000000018,0.025641025641025664,97.0,429.0,0.5395553857421876
2026-02-25 10:43:14,690.6,2026-12-18,296,0.8115615804160324,245.0,0.35476397335650156,705.1503616996386,-1.0571528485333872,True,put,0.91,0.92,0.915,0.010000000000000009,0.010928961748633888,12.0,265.0,0.521367091064453
2026-02-25 10:43:14,690.6,2026-12-18,296,0.8115615804160324,260.0,0.3764842166232262,705.1503616996386,-0.9977294280625865,True,put,1.06,1.08,1.07,0.020000000000000018,0.018691588785046745,10.0,2633.0,0.5043994873046875
2026-02-25 10:43:14,690.6,2026-12-18,296,0.8115615804160324,280.0,0.40544454097885896,705.1503616996386,-0.9236214559088646,True,put,1.29,1.31,1.3,0.020000000000000018,0.015384615384615398,250.0,813.0,0.4829153271484375
2026-02-25 10:43:14,690.6,2026-12-18,296,0.8115615804160324,290.0,0.41992470315667535,705.1503616996386,-0.8885301360975945,True,put,1.42,1.44,1.43,0.020000000000000018,0.013986013986014,267.0,1382.0,0.4722953161621094
2026-02-25 10:43:14,690.6,2026-12-18,296,0.8115615804160324,300.0,0.43440486533449174,705.1503616996386,-0.8546285844219131,True,put,1.56,1.57,1.565,0.010000000000000009,0.006389776357827482,10.0,1705.0,0.4615532360839844
2026-02-25 10:43:14,690.6,2026-12-18,296,0.8115615804160324,320.0,0.4633651896901245,705.1503616996386,-0.790090063284342,True,put,1.85,1.87,1.86,0.020000000000000018,0.01075268817204302,100.0,1546.0,0.4412897668457031
2026-02-25 10:43:14,690.6,2026-12-18,296,0.8115615804160324,355.0,0.5140457573124819,705.1503616996386,-0.6862932696026984,True,put,2.44,2.46,2.45,0.020000000000000018,0.008163265306122455,83.0,829.0,0.4064390411376953
2026-02-25 10:43:14,690.6,2026-12-18,296,0.8115615804160324,400.0,0.5792064871126557,705.1503616996386,-0.5669465119701322,True,put,3.4,3.42,3.41,0.020000000000000018,0.005865102639296193,22.0,18251.0,0.3641726181030273
2026-02-25 10:43:14,690.6,2026-12-18,296,0.8115615804160324,420.0,0.6081668114682884,705.1503616996386,-0.5181563478007002,True,put,3.95,3.97,3.96,0.020000000000000018,0.005050505050505055,179.0,3704.0,0.3467777725219726
2026-02-25 10:43:14,690.6,2026-12-18,296,0.8115615804160324,445.0,0.6443672169128294,705.1503616996386,-0.4603367769118739,True,put,4.77,4.79,4.779999999999999,0.020000000000000462,0.004184100418410139,167.0,1047.0,0.3259344750976562
2026-02-25 10:43:14,690.6,2026-12-18,296,0.8115615804160324,450.0,0.6516072980017376,705.1503616996386,-0.4491634763137487,True,put,4.95,4.98,4.965,0.03000000000000025,0.006042296072507603,29.0,12959.0,0.3219672296142577
2026-02-25 10:43:14,690.6,2026-12-18,296,0.8115615804160324,500.0,0.7240081088908196,705.1503616996386,-0.34380296065592253,True,put,7.38,7.41,7.395,0.03000000000000025,0.0040567951318458756,55.0,8784.0,0.2841410697937011
2026-02-25 10:43:14,690.6,2026-12-18,296,0.8115615804160324,505.0,0.7312481899797277,705.1503616996386,-0.33385262980275443,True,put,7.71,7.74,7.725,0.03000000000000025,0.0038834951456311003,15.0,1307.0,0.2807689111328124
2026-02-25 10:43:14,690.6,2026-12-18,296,0.8115615804160324,550.0,0.7964089197799015,705.1503616996386,-0.24849278085159762,True,put,11.31,11.34,11.325,0.02999999999999936,0.0026490066225165,25.0,13152.0,0.2502058622741699
2026-02-25 10:43:14,690.6,2026-12-18,296,0.8115615804160324,595.0,0.8615696495800753,705.1503616996386,-0.16984965353248443,True,put,16.84,16.88,16.86,0.03999999999999915,0.0023724792408065924,24.0,2560.0,0.2216569534301757
2026-02-25 10:43:14,690.6,2026-12-18,296,0.8115615804160324,600.0,0.8688097306689835,705.1503616996386,-0.16148140386196783,True,put,17.63,17.67,17.65,0.0400000000000027,0.002266288951841513,23.0,16555.0,0.2186433727264404
2026-02-25 10:43:14,690.6,2026-12-18,296,0.8115615804160324,665.0,0.96293078482479,705.1503616996386,-0.05862401842226001,True,put,31.08,31.16,31.119999999999997,0.08000000000000185,0.0025706940874036586,30.0,1876.0,0.1756292765045166
2026-02-25 10:43:14,690.6,2026-12-18,296,0.8115615804160324,680.0,0.9846510280915146,705.1503616996386,-0.03631826090796176,True,put,35.33,35.41,35.37,0.0799999999999983,0.002261803788521298,30.0,6272.0,0.1645286184692382
2026-02-25 10:43:14,690.6,2026-12-18,296,0.8115615804160324,685.0,0.9918911091804228,705.1503616996386,-0.02899222081588885,True,put,36.87,36.95,36.91,0.0800000000000054,0.0021674342996479386,1453.0,4870.0,0.160691071395874
2026-02-25 10:43:14,690.6,2026-12-18,296,0.8115615804160324,695.0,1.0063712713582391,705.1503616996386,-0.014499213513322114,True,put,40.29,40.37,40.33,0.0799999999999983,0.0019836350111579045,11.0,2027.0,0.1532830033874512
2026-02-25 10:43:14,690.6,2026-12-18,296,0.8115615804160324,710.0,1.0280915146249638,705.1503616996386,0.00685391095724687,False,put,46.03,46.15,46.09,0.11999999999999744,0.0026036016489476553,40.0,11667.0,0.1416711810302734
2026-02-25 10:43:14,690.6,2026-12-18,296,0.8115615804160324,735.0,1.0642919200695047,705.1503616996386,0.041459440134722456,False,put,57.73,58.14,57.935,0.4100000000000037,0.007076896521964334,10.0,6680.0,0.1213695652008056
2026-02-25 10:43:14,690.6,2026-12-31,309,0.8471780187721969,703.0,1.0179554011004923,703.3954723035351,-0.0005623913355051471,False,call,46.31,46.39,46.35,0.0799999999999983,0.00172599784250266,105.0,177.0,0.2044833580780028
2026-02-25 10:43:14,690.6,2026-12-31,309,0.8471780187721969,704.0,1.019403417318274,703.3954723035351,0.0008590730118722421,True,call,45.65,45.72,45.685,0.07000000000000028,0.0015322315858596976,64.0,129.0,0.2035144346618652
2026-02-25 10:43:14,690.6,2026-12-31,309,0.8471780187721969,740.0,1.0715320011584129,703.3954723035351,0.05073090305204542,True,call,26.07,26.14,26.105,0.07000000000000028,0.002681478643937954,64.0,788.0,0.1778646667480468
2026-02-25 10:43:14,690.6,2026-12-31,309,0.8471780187721969,745.0,1.0787720822473212,703.3954723035351,0.05746493523338952,True,call,23.81,23.87,23.84,0.060000000000002274,0.002516778523490028,205.0,525.0,0.1746069478607178
2026-02-25 10:43:14,690.6,2026-12-31,309,0.8471780187721969,750.0,1.0860121633362294,703.3954723035351,0.06415392338418614,True,call,21.72,21.78,21.75,0.060000000000002274,0.002758620689655277,103.0,2059.0,0.1717001776123047
2026-02-25 10:43:14,690.6,2026-12-31,309,0.8471780187721969,780.0,1.1294526498696784,703.3954723035351,0.10337463653746734,True,call,11.58,11.63,11.605,0.05000000000000071,0.004308487720810056,15.0,221.0,0.1557549024963379
2026-02-25 10:43:14,690.6,2026-12-31,309,0.8471780187721969,790.0,1.143932812047495,703.3954723035351,0.11611366231489714,True,call,9.25,9.29,9.27,0.03999999999999915,0.004314994606256651,32.0,237.0,0.1519249847412109
2026-02-25 10:43:14,690.6,2026-12-31,309,0.8471780187721969,795.0,1.1511728931364031,703.3954723035351,0.12242283150816187,True,call,8.24,8.27,8.254999999999999,0.02999999999999936,0.003634161114475998,81.0,122.0,0.1501549829101562
2026-02-25 10:43:14,690.6,2026-12-31,309,0.8471780187721969,815.0,1.1801332174920358,703.3954723035351,0.14726883009469255,True,call,5.06,5.1,5.08,0.040000000000000036,0.007874015748031503,500.0,1078.0,0.1442956665039062
2026-02-25 10:43:14,690.6,2026-12-31,309,0.8471780187721969,895.0,1.295974514914567,703.3954723035351,0.2409044351286853,True,call,0.74,0.76,0.75,0.020000000000000018,0.02666666666666669,100.0,120.0,0.1378260046386719
2026-02-25 10:43:14,690.6,2026-12-31,309,0.8471780187721969,550.0,0.7964089197799015,703.3954723035351,-0.24600100491965352,True,put,11.75,11.8,11.775,0.05000000000000071,0.004246284501061632,116.0,825.0,0.2482832740783691
2026-02-25 10:43:14,690.6,2026-12-31,309,0.8471780187721969,600.0,0.8688097306689835,703.3954723035351,-0.15898962793002377,True,put,18.19,18.26,18.225,0.07000000000000028,0.0038408779149520043,31.0,501.0,0.217231948852539
2026-02-25 10:43:14,690.6,2026-12-31,309,0.8471780187721969,620.0,0.8977700550246163,703.3954723035351,-0.1261998051070328,True,put,21.59,21.66,21.625,0.07000000000000028,0.0032369942196531923,70.0,629.0,0.2044223235321044
2026-02-25 10:43:14,690.6,2026-12-31,309,0.8471780187721969,623.0,0.9021141036779612,703.3954723035351,-0.12137276435871688,True,put,22.15,22.22,22.185,0.07000000000000028,0.0031552851025467787,15.0,121.0,0.2024768473815917
2026-02-25 10:43:14,690.6,2026-12-31,309,0.8471780187721969,653.0,0.9455545902114103,703.3954723035351,-0.07434215386973897,True,put,28.71,28.8,28.755000000000003,0.08999999999999986,0.0031298904538341107,71.0,125.0,0.183151784286499
2026-02-25 10:43:14,690.6,2026-12-31,309,0.8471780187721969,680.0,0.9846510280915146,703.3954723035351,-0.033826484976017646,True,put,36.09,36.18,36.135000000000005,0.0899999999999963,0.0024906600249064974,73.0,888.0,0.1641318939208984
2026-02-25 10:43:14,690.6,2026-12-31,309,0.8471780187721969,684.0,0.9904430929626411,703.3954723035351,-0.027961365523619667,True,put,37.33,37.44,37.385,0.10999999999999943,0.0029423565601176794,10.0,522.0,0.1612403823089599
2026-02-25 10:43:14,690.6,2027-01-15,324,0.8882739091831557,650.0,0.9412105415580654,705.9085952888099,-0.08251339779235103,False,call,84.05,84.47,84.25999999999999,0.4200000000000017,0.00498457156420605,46.0,6087.0,0.2463454272460937
2026-02-25 10:43:14,690.6,2027-01-15,324,0.8882739091831557,690.0,0.999131190269331,705.9085952888099,-0.022794163090728736,False,call,56.08,56.46,56.269999999999996,0.38000000000000256,0.006753154433979076,31.0,1717.0,0.2162706547546386
2026-02-25 10:43:14,690.6,2027-01-15,324,0.8882739091831557,700.0,1.0136113524471473,705.9085952888099,-0.008405425638629095,False,call,49.75,50.13,49.94,0.38000000000000256,0.00760913095714863,25.0,7601.0,0.2091296128845214
2026-02-25 10:43:14,690.6,2027-01-15,324,0.8882739091831557,705.0,1.0208514335360557,705.9085952888099,-0.0012879578697651537,False,call,46.7,46.77,46.735,0.07000000000000028,0.0014978067829250089,21.0,1912.0,0.2044146942138671
2026-02-25 10:43:14,690.6,2027-01-15,324,0.8882739091831557,715.0,1.035331595713872,705.9085952888099,0.012796782011973882,True,call,40.78,40.84,40.81,0.060000000000002274,0.0014702278853222805,17.0,1954.0,0.197174471206665
2026-02-25 10:43:14,690.6,2027-01-15,324,0.8882739091831557,730.0,1.0570518389805965,705.9085952888099,0.033558773460402924,True,call,32.59,32.65,32.620000000000005,0.05999999999999517,0.0018393623543836652,257.0,3752.0,0.1867146759033203
2026-02-25 10:43:14,690.6,2027-01-15,324,0.8882739091831557,740.0,1.0715320011584129,705.9085952888099,0.04716442551618169,True,call,27.74,27.8,27.77,0.060000000000002274,0.0021606049693915115,26.0,2782.0,0.1804433763122558
2026-02-25 10:43:14,690.6,2027-01-15,324,0.8882739091831557,745.0,1.0787720822473212,705.9085952888099,0.053898457697525735,True,call,25.42,25.48,25.450000000000003,0.05999999999999872,0.0023575638506875725,18.0,4139.0,0.1771780281066894
2026-02-25 10:43:14,690.6,2027-01-15,324,0.8882739091831557,750.0,1.0860121633362294,705.9085952888099,0.060587445848322305,True,call,23.17,23.23,23.200000000000003,0.05999999999999872,0.0025862068965516686,31.0,5221.0,0.1738058694458008
2026-02-25 10:43:14,690.6,2027-01-15,324,0.8882739091831557,755.0,1.0932522444251376,705.9085952888099,0.06723198856699085,True,call,21.18,21.24,21.21,0.05999999999999872,0.0028288543140027682,19.0,2833.0,0.1711279787445068
2026-02-25 10:43:14,690.6,2027-01-15,324,0.8882739091831557,760.0,1.1004923255140457,705.9085952888099,0.07383267259834288,True,call,19.2,19.25,19.225,0.05000000000000071,0.002600780234070258,179.0,2298.0,0.1680228462219238
2026-02-25 10:43:14,690.6,2027-01-15,324,0.8882739091831557,765.0,1.107732406602954,705.9085952888099,0.08039007314450211,True,call,17.43,17.49,17.46,0.05999999999999872,0.0034364261168384146,40.0,1432.0,0.1655204298400879
2026-02-25 10:43:14,690.6,2027-01-15,324,0.8882739091831557,780.0,1.1294526498696784,705.9085952888099,0.0998081590016036,True,call,12.77,12.82,12.795,0.05000000000000071,0.003907776475185675,15.0,2486.0,0.15821154296875
2026-02-25 10:43:14,690.6,2027-01-15,324,0.8882739091831557,785.0,1.1366927309585868,705.9085952888099,0.10619795710037457,True,call,11.42,11.47,11.445,0.05000000000000071,0.004368719965050302,16.0,1092.0,0.1558769715881348
2026-02-25 10:43:14,690.6,2027-01-15,324,0.8882739091831557,795.0,1.1511728931364031,705.9085952888099,0.11885635397229817,True,call,9.16,9.19,9.175,0.02999999999999936,0.0032697547683923005,215.0,1655.0,0.1520928297424316
2026-02-25 10:43:14,690.6,2027-01-15,324,0.8882739091831557,800.0,1.1584129742253113,705.9085952888099,0.12512596698589354,True,call,8.21,8.24,8.225000000000001,0.02999999999999936,0.003647416413373782,40.0,16483.0,0.1506127420043945
2026-02-25 10:43:14,690.6,2027-01-15,324,0.8882739091831557,810.0,1.1728931364031276,705.9085952888099,0.1375484869844506,True,call,6.48,6.52,6.5,0.03999999999999915,0.006153846153846023,16.0,1093.0,0.147469462890625
2026-02-25 10:43:14,690.6,2027-01-15,324,0.8882739091831557,820.0,1.187373298580944,705.9085952888099,0.1498185795762651,True,call,5.11,5.15,5.130000000000001,0.040000000000000036,0.007797270955165698,203.0,1896.0,0.1449517878723144
2026-02-25 10:43:14,690.6,2027-01-15,324,0.8882739091831557,840.0,1.2163336229365769,705.9085952888099,0.17391613115532545,True,call,3.15,3.19,3.17,0.040000000000000036,0.012618296529968466,65.0,1458.0,0.1412134219360352
2026-02-25 10:43:14,690.6,2027-01-15,324,0.8882739091831557,855.0,1.2380538662033014,705.9085952888099,0.19161570825472646,True,call,2.21,2.24,2.225,0.03000000000000025,0.013483146067415842,120.0,7611.0,0.1395960064697265
2026-02-25 10:43:14,690.6,2027-01-15,324,0.8882739091831557,860.0,1.2452939472922095,705.9085952888099,0.19744662856551964,True,call,1.95,1.99,1.97,0.040000000000000036,0.0203045685279188,404.0,4772.0,0.1391687646484375
2026-02-25 10:43:14,690.6,2027-01-15,324,0.8882739091831557,870.0,1.259774109470026,705.9085952888099,0.20900745096659556,True,call,1.57,1.59,1.58,0.020000000000000018,0.012658227848101276,10.0,8633.0,0.1387720401000977
2026-02-25 10:43:14,690.6,2027-01-15,324,0.8882739091831557,895.0,1.295974514914567,705.9085952888099,0.23733795759282156,True,call,0.89,0.92,0.905,0.030000000000000027,0.03314917127071826,10.0,2130.0,0.13868048828125
2026-02-25 10:43:14,690.6,2027-01-15,324,0.8882739091831557,900.0,1.3032145960034751,705.9085952888099,0.24290900264227688,True,call,0.8,0.82,0.81,0.019999999999999907,0.024691358024691242,154.0,34324.0,0.1386194537353515
2026-02-25 10:43:14,690.6,2027-01-15,324,0.8882739091831557,915.0,1.3249348392701998,705.9085952888099,0.25943830459348755,True,call,0.58,0.61,0.595,0.030000000000000027,0.05042016806722694,22.0,454.0,0.1394739373779297
2026-02-25 10:43:14,690.6,2027-01-15,324,0.8882739091831557,930.0,1.3466550825369243,705.9085952888099,0.27569882546526775,True,call,0.43,0.45,0.44,0.020000000000000018,0.0454545454545455,35.0,153.0,0.1402063519287109
2026-02-25 10:43:14,690.6,2027-01-15,324,0.8882739091831557,940.0,1.3611352447147407,705.9085952888099,0.2863941145820158,True,call,0.36,0.37,0.365,0.010000000000000009,0.02739726027397263,50.0,254.0,0.1408166973876953
2026-02-25 10:43:14,690.6,2027-01-15,324,0.8882739091831557,945.0,1.3683753258036488,705.9085952888099,0.291699166811709,True,call,0.32,0.34,0.33,0.020000000000000018,0.060606060606060656,50.0,168.0,0.1413660083007812
2026-02-25 10:43:14,690.6,2027-01-15,324,0.8882739091831557,955.0,1.3828554879814654,705.9085952888099,0.3022255797986964,True,call,0.27,0.28,0.275,0.010000000000000009,0.03636363636363639,150.0,237.0,0.1419763537597656
2026-02-25 10:43:14,690.6,2027-01-15,324,0.8882739091831557,965.0,1.3973356501592817,705.9085952888099,0.3126423406569522,True,call,0.22,0.24,0.22999999999999998,0.01999999999999999,0.0869565217391304,10.0,114.0,0.1433191137695312
2026-02-25 10:43:14,690.6,2027-01-15,324,0.8882739091831557,1000.0,1.4480162177816391,705.9085952888099,0.3482695183001033,True,call,0.13,0.14,0.135,0.010000000000000009,0.07407407407407414,31.0,17755.0,0.147469462890625
2026-02-25 10:43:14,690.6,2027-01-15,324,0.8882739091831557,130.0,0.1882421083116131,705.9085952888099,-1.6919513102264514,True,put,0.2,0.22,0.21000000000000002,0.01999999999999999,0.09523809523809518,10.0,1025.0,0.6630893066406252
2026-02-25 10:43:14,690.6,2027-01-15,324,0.8882739091831557,170.0,0.24616275702287865,705.9085952888099,-1.423687323631772,True,put,0.4,0.42,0.41000000000000003,0.019999999999999962,0.04878048780487795,24.0,133.0,0.6008340698242189
2026-02-25 10:43:14,690.6,2027-01-15,324,0.8882739091831557,185.0,0.2678830002896032,705.9085952888099,-1.339129935603709,True,put,0.5,0.51,0.505,0.010000000000000009,0.01980198019801982,10.0,1048.0,0.5800823242187501
2026-02-25 10:43:14,690.6,2027-01-15,324,0.8882739091831557,200.0,0.2896032435563278,705.9085952888099,-1.261168394133997,True,put,0.61,0.63,0.62,0.020000000000000018,0.03225806451612906,20.0,9743.0,0.5610395458984375
2026-02-25 10:43:14,690.6,2027-01-15,324,0.8882739091831557,205.0,0.296843324645236,705.9085952888099,-1.2364757815436256,True,put,0.65,0.67,0.66,0.020000000000000018,0.030303030303030328,10.0,331.0,0.5546919531250001
2026-02-25 10:43:14,690.6,2027-01-15,324,0.8882739091831557,230.0,0.333043730089777,705.9085952888099,-1.1214064517588385,True,put,0.86,0.88,0.87,0.020000000000000018,0.022988505747126457,10.0,101.0,0.523442265625
2026-02-25 10:43:14,690.6,2027-01-15,324,0.8882739091831557,235.0,0.34028381117868517,705.9085952888099,-1.0999002465378749,True,put,0.91,0.93,0.92,0.020000000000000018,0.021739130434782625,13.0,127.0,0.5177050183105469
2026-02-25 10:43:14,690.6,2027-01-15,324,0.8882739091831557,250.0,0.3620040544454098,705.9085952888099,-1.0380248428197874,True,put,1.07,1.09,1.08,0.020000000000000018,0.018518518518518535,36.0,2900.0,0.5008594836425782
2026-02-25 10:43:14,690.6,2027-01-15,324,0.8882739091831557,255.0,0.36924413553431795,705.9085952888099,-1.0182222155236078,True,put,1.13,1.15,1.14,0.020000000000000018,0.017543859649122823,10.0,300.0,0.4962208581542969
2026-02-25 10:43:14,690.6,2027-01-15,324,0.8882739091831557,260.0,0.3764842166232262,705.9085952888099,-0.9988041296665061,True,put,1.19,1.2,1.1949999999999998,0.010000000000000009,0.008368200836820092,60.0,385.0,0.49023947265625
2026-02-25 10:43:14,690.6,2027-01-15,324,0.8882739091831557,265.0,0.38372429771213434,705.9085952888099,-0.9797559346958116,True,put,1.32,1.34,1.33,0.020000000000000018,0.015037593984962419,10.0,235.0,0.4892629199218751
2026-02-25 10:43:14,690.6,2027-01-15,324,0.8882739091831557,285.0,0.4126846220677671,705.9085952888099,-0.9069965804133833,True,put,1.5,1.52,1.51,0.020000000000000018,0.013245033112582794,10.0,1466.0,0.4637504797363281
2026-02-25 10:43:14,690.6,2027-01-15,324,0.8882739091831557,300.0,0.43440486533449174,705.9085952888099,-0.8557032860258327,True,put,1.72,1.74,1.73,0.020000000000000018,0.011560693641618507,17.0,4601.0,0.4485528778076171
2026-02-25 10:43:14,690.6,2027-01-15,324,0.8882739091831557,370.0,0.5357660005792064,705.9085952888099,-0.6459827550437636,True,put,3.0,3.02,3.01,0.020000000000000018,0.006644518272425255,10.0,612.0,0.3813843600463866
2026-02-25 10:43:14,690.6,2027-01-15,324,0.8882739091831557,390.0,0.5647263249348392,705.9085952888099,-0.5933390215583417,True,put,3.48,3.51,3.495,0.029999999999999805,0.008583690987124408,10.0,497.0,0.363836928100586
2026-02-25 10:43:14,690.6,2027-01-15,324,0.8882739091831557,405.0,0.5864465682015638,705.9085952888099,-0.5555986935754947,True,put,3.87,3.9,3.885,0.029999999999999805,0.007722007722007672,10.0,193.0,0.3506534661865234
2026-02-25 10:43:14,690.6,2027-01-15,324,0.8882739091831557,410.0,0.593686649290472,705.9085952888099,-0.5433286009836802,True,put,4.03,4.06,4.045,0.02999999999999936,0.007416563658837914,10.0,6876.0,0.3466862207031249
2026-02-25 10:43:14,690.6,2027-01-15,324,0.8882739091831557,420.0,0.6081668114682884,705.9085952888099,-0.5192310494046198,True,put,4.34,4.37,4.355,0.03000000000000025,0.006888633754305452,10.0,780.0,0.3383855224609374
2026-02-25 10:43:14,690.6,2027-01-15,324,0.8882739091831557,440.0,0.6371271358239212,705.9085952888099,-0.4727110337697269,True,put,5.03,5.07,5.050000000000001,0.040000000000000036,0.007920792079207926,198.0,2479.0,0.3223334368896483
2026-02-25 10:43:14,690.6,2027-01-15,324,0.8882739091831557,465.0,0.6733275412684622,705.9085952888099,-0.41744835509467754,True,put,6.11,6.15,6.130000000000001,0.040000000000000036,0.006525285481239809,107.0,2184.0,0.3034890208435058
2026-02-25 10:43:14,690.6,2027-01-15,324,0.8882739091831557,480.0,0.6950477845351868,705.9085952888099,-0.38569965678009727,True,put,6.87,6.91,6.890000000000001,0.040000000000000036,0.005805515239477508,38.0,4448.0,0.2925180612182616
2026-02-25 10:43:14,690.6,2027-01-15,324,0.8882739091831557,485.0,0.702287865624095,705.9085952888099,-0.37533686974455055,True,put,7.14,7.18,7.16,0.040000000000000036,0.005586592178770954,17.0,645.0,0.2888712471008299
2026-02-25 10:43:14,690.6,2027-01-15,324,0.8882739091831557,505.0,0.7312481899797277,705.9085952888099,-0.334927331406674,True,put,8.42,8.46,8.440000000000001,0.040000000000000924,0.004739336492891104,12.0,1145.0,0.2752758020019531
2026-02-25 10:43:14,690.6,2027-01-15,324,0.8882739091831557,510.0,0.7384882710686359,705.9085952888099,-0.3250750349636624,True,put,8.77,8.82,8.795,0.05000000000000071,0.0056850483229108255,10.0,1870.0,0.2719799365234374
2026-02-25 10:43:14,690.6,2027-01-15,324,0.8882739091831557,515.0,0.7457283521575442,705.9085952888099,-0.3153188600182976,True,put,9.14,9.19,9.165,0.049999999999998934,0.005455537370430872,34.0,1481.0,0.2686535537719726
2026-02-25 10:43:14,690.6,2027-01-15,324,0.8882739091831557,530.0,0.7674485954242687,705.9085952888099,-0.2866087541358663,True,put,10.35,10.4,10.375,0.05000000000000071,0.004819277108433803,13.0,1121.0,0.2587812159729004
2026-02-25 10:43:14,690.6,2027-01-15,324,0.8882739091831557,540.0,0.7819287576020851,705.9085952888099,-0.26791662112371367,True,put,11.27,11.32,11.295,0.05000000000000071,0.004426737494466641,20.0,6243.0,0.2524641404724121
2026-02-25 10:43:14,690.6,2027-01-15,324,0.8882739091831557,545.0,0.7891688386909933,705.9085952888099,-0.2586999660187897,True,put,11.75,11.81,11.780000000000001,0.0600000000000005,0.005093378607809889,10.0,1684.0,0.2493208613586425
2026-02-25 10:43:14,690.6,2027-01-15,324,0.8882739091831557,555.0,0.8036490008688097,705.9085952888099,-0.24051764693559924,True,put,12.82,12.88,12.850000000000001,0.0600000000000005,0.004669260700389143,145.0,4123.0,0.2432250360870361
2026-02-25 10:43:14,690.6,2027-01-15,324,0.8882739091831557,565.0,0.8181291630466261,705.9085952888099,-0.2226600295355929,True,put,13.97,14.03,14.0,0.05999999999999872,0.004285714285714194,1902.0,3804.0,0.2370681762695312
2026-02-25 10:43:14,690.6,2027-01-15,324,0.8882739091831557,590.0,0.854329568491167,705.9085952888099,-0.17936322378226868,True,put,17.32,17.39,17.355,0.07000000000000028,0.004033419763756859,10.0,1264.0,0.2218705743408202
2026-02-25 10:43:14,690.6,2027-01-15,324,0.8882739091831557,600.0,0.8688097306689835,705.9085952888099,-0.1625561054658874,True,put,18.9,18.97,18.935,0.07000000000000028,0.0036968576709796824,228.0,24976.0,0.2159197061157226
2026-02-25 10:43:14,690.6,2027-01-15,324,0.8882739091831557,605.0,0.8760498117578916,705.9085952888099,-0.15425730265119236,True,put,19.69,19.77,19.73,0.0799999999999983,0.004054738976178322,12.0,2206.0,0.2127306510925293
2026-02-25 10:43:14,690.6,2027-01-15,324,0.8882739091831557,630.0,0.9122502172024326,705.9085952888099,-0.11376594129645541,True,put,24.35,24.43,24.39,0.0799999999999983,0.0032800328003279333,26.0,3117.0,0.197174471206665
2026-02-25 10:43:14,690.6,2027-01-15,324,0.8882739091831557,635.0,0.9194902982913409,705.9085952888099,-0.10586076178934217,True,put,25.45,25.53,25.490000000000002,0.08000000000000185,0.0031384856806591544,11.0,1872.0,0.1942295543670654
2026-02-25 10:43:14,690.6,2027-01-15,324,0.8882739091831557,645.0,0.9339704604691572,705.9085952888099,-0.0902354438862613,True,put,27.62,27.71,27.665,0.08999999999999986,0.0032532080245797888,32.0,3737.0,0.1875767888641357
2026-02-25 10:43:14,690.6,2027-01-15,324,0.8882739091831557,680.0,0.9846510280915146,705.9085952888099,-0.037392962511881456,True,put,37.02,37.13,37.075,0.10999999999999943,0.002966958867161144,18.0,5589.0,0.1640174541473389
2026-02-25 10:43:14,690.6,2027-01-15,324,0.8882739091831557,685.0,0.9918911091804228,705.9085952888099,-0.030066922419808472,True,put,38.61,38.72,38.665,0.10999999999999943,0.0028449502133712514,10.0,7152.0,0.1604850798034668
2026-02-25 10:43:14,690.6,2027-01-15,324,0.8882739091831557,690.0,0.999131190269331,705.9085952888099,-0.022794163090728736,True,put,40.31,40.43,40.370000000000005,0.11999999999999744,0.0029725043349020912,53.0,12593.0,0.1570900331878662
2026-02-25 10:43:14,690.6,2027-01-15,324,0.8882739091831557,695.0,1.0063712713582391,705.9085952888099,-0.01557391511724171,True,put,41.99,42.11,42.05,0.11999999999999744,0.0028537455410225314,21.0,3666.0,0.1532372274780273
2026-02-25 10:43:14,690.6,2027-01-15,324,0.8882739091831557,700.0,1.0136113524471473,705.9085952888099,-0.008405425638629095,True,put,43.87,44.0,43.935,0.13000000000000256,0.002958916581313362,29.0,13369.0,0.1498192929077148
2026-02-25 10:43:14,690.6,2027-01-15,324,0.8882739091831557,705.0,1.0208514335360557,705.9085952888099,-0.0012879578697651537,True,put,45.79,45.92,45.855000000000004,0.13000000000000256,0.002835023443463146,20.0,1188.0,0.1461267028808593
2026-02-25 10:43:14,690.6,2027-01-15,324,0.8882739091831557,710.0,1.0280915146249638,705.9085952888099,0.00577920935332737,False,put,47.76,47.89,47.825,0.13000000000000256,0.0027182435964454273,20.0,4805.0,0.1422052333068847
2026-02-25 10:43:14,690.6,2027-01-15,324,0.8882739091831557,715.0,1.035331595713872,705.9085952888099,0.012796782011973882,False,put,49.78,49.92,49.85,0.14000000000000057,0.002808425275827494,38.0,3360.0,0.1380701428222656
2026-02-25 10:43:14,690.6,2027-01-15,324,0.8882739091831557,720.0,1.0425716768027802,705.9085952888099,0.019765451328067184,False,put,52.11,52.25,52.18,0.14000000000000057,0.0026830203142966763,30.0,2162.0,0.1346216909790039
2026-02-25 10:43:14,690.6,2027-01-15,324,0.8882739091831557,730.0,1.0570518389805965,705.9085952888099,0.033558773460402924,False,put,56.91,57.06,56.985,0.15000000000000568,0.0026322716504344245,35.0,408.0,0.1267177172851562
2026-02-25 10:43:14,690.6,2027-01-15,324,0.8882739091831557,740.0,1.0715320011584129,705.9085952888099,0.04716442551618169,False,put,62.17,62.64,62.405,0.46999999999999886,0.00753144780065698,42.0,160.0,0.119576675415039
