snapshot_ts,underlying_price,expiration,days_to_expiration,strike,moneyness,option_type,bid,ask,mid_price,bid_ask_spread,volume,openInterest,impliedVolatility
2026-02-25 10:43:14,690.6,2026-02-26,1,669.0,0.9687228496959166,call,21.85,21.95,21.9,0.0999999999999978,16.0,8.0,0.274421318359375
2026-02-25 10:43:14,690.6,2026-02-26,1,670.0,0.9701708659136982,call,20.88,21.07,20.975,0.1900000000000012,10.0,119.0,0.2827220166015625
2026-02-25 10:43:14,690.6,2026-02-26,1,673.0,0.9745149145670432,call,17.93,18.12,18.025,0.1900000000000012,21.0,22.0,0.2565992309570312
2026-02-25 10:43:14,690.6,2026-02-26,1,674.0,0.9759629307848248,call,16.87,17.13,17.0,0.259999999999998,14.0,89.0,0.2468337036132812
2026-02-25 10:43:14,690.6,2026-02-26,1,675.0,0.9774109470026064,call,15.98,16.22,16.1,0.2399999999999984,138.0,190.0,0.2456130126953125
2026-02-25 10:43:14,690.6,2026-02-26,1,679.0,0.9832030118737328,call,11.98,12.19,12.085,0.209999999999999,17.0,889.0,0.1954426159667968
2026-02-25 10:43:14,690.6,2026-02-26,1,680.0,0.9846510280915146,call,11.08,11.48,11.28,0.4000000000000003,49.0,1337.0,0.2087481469726562
2026-02-25 10:43:14,690.6,2026-02-26,1,682.0,0.987547060527078,call,9.35,9.7,9.525,0.3499999999999996,564.0,1780.0,0.198250205078125
2026-02-25 10:43:14,690.6,2026-02-26,1,683.0,0.9889950767448596,call,8.49,8.81,8.65,0.3200000000000003,683.0,2200.0,0.1914143359375
2026-02-25 10:43:14,690.6,2026-02-26,1,684.0,0.9904430929626412,call,7.78,7.96,7.87,0.1799999999999997,298.0,1240.0,0.1861653649902343
2026-02-25 10:43:14,690.6,2026-02-26,1,685.0,0.9918911091804228,call,6.98,7.18,7.08,0.1999999999999993,398.0,2292.0,0.1836019140624999
2026-02-25 10:43:14,690.6,2026-02-26,1,686.0,0.9933391253982043,call,6.27,6.3,6.285,0.0300000000000002,173.0,2260.0,0.17383638671875
2026-02-25 10:43:14,690.6,2026-02-26,1,687.0,0.994787141615986,call,5.59,5.62,5.605,0.0300000000000002,740.0,3409.0,0.1735922485351562
2026-02-25 10:43:14,690.6,2026-02-26,1,688.0,0.9962351578337676,call,4.81,4.85,4.83,0.04,658.0,1898.0,0.1666343103027344
2026-02-25 10:43:14,690.6,2026-02-26,1,689.0,0.9976831740515494,call,4.11,4.15,4.130000000000001,0.04,1431.0,2021.0,0.1613853393554687
2026-02-25 10:43:14,690.6,2026-02-26,1,690.0,0.999131190269331,call,3.52,3.54,3.53,0.02,4569.0,5199.0,0.1584556811523437
2026-02-25 10:43:14,690.6,2026-02-26,1,691.0,1.0005792064871126,call,2.96,2.97,2.965,0.0100000000000002,11596.0,1947.0,0.1551598156738281
2026-02-25 10:43:14,690.6,2026-02-26,1,692.0,1.0020272227048943,call,2.39,2.4,2.395,0.0099999999999997,9839.0,1522.0,0.1493004992675781
2026-02-25 10:43:14,690.6,2026-02-26,1,693.0,1.003475238922676,call,1.88,1.89,1.885,0.01,7746.0,2378.0,0.1436853210449218
2026-02-25 10:43:14,690.6,2026-02-26,1,694.0,1.0049232551404574,call,1.43,1.44,1.435,0.01,6724.0,1896.0,0.1379480737304687
2026-02-25 10:43:14,690.6,2026-02-26,1,695.0,1.0063712713582391,call,1.01,1.02,1.015,0.01,7145.0,5423.0,0.1300135827636718
2026-02-25 10:43:14,690.6,2026-02-26,1,696.0,1.0078192875760208,call,0.67,0.68,0.675,0.01,6687.0,4066.0,0.1224452990722656
2026-02-25 10:43:14,690.6,2026-02-26,1,697.0,1.0092673037938025,call,0.43,0.45,0.44,0.02,3961.0,3205.0,0.1176846044921875
2026-02-25 10:43:14,690.6,2026-02-26,1,698.0,1.0107153200115842,call,0.27,0.28,0.275,0.01,4103.0,5160.0,0.1130459790039062
2026-02-25 10:43:14,690.6,2026-02-26,1,699.0,1.0121633362293658,call,0.16,0.17,0.165,0.01,5495.0,3964.0,0.1098721826171875
2026-02-25 10:43:14,690.6,2026-02-26,1,700.0,1.0136113524471473,call,0.09,0.1,0.095,0.01,8590.0,7462.0,0.1071866625976562
2026-02-25 10:43:14,690.6,2026-02-26,1,701.0,1.015059368664929,call,0.05,0.06,0.055,0.0099999999999999,2027.0,3395.0,0.1059659716796874
2026-02-25 10:43:14,690.6,2026-02-26,1,702.0,1.0165073848827106,call,0.03,0.04,0.035,0.01,1980.0,4615.0,0.10743080078125
2026-02-25 10:43:14,690.6,2026-02-26,1,703.0,1.0179554011004923,call,0.02,0.03,0.025,0.0099999999999999,1640.0,3523.0,0.1103604589843749
2026-02-25 10:43:14,690.6,2026-02-26,1,704.0,1.019403417318274,call,0.01,0.02,0.015,0.01,1095.0,5773.0,0.1113370117187499
2026-02-25 10:43:14,690.6,2026-02-26,1,705.0,1.0208514335360557,call,0.01,0.02,0.015,0.01,1300.0,3800.0,0.1191494335937499
2026-02-25 10:43:14,690.6,2026-02-26,1,625.0,0.9050101361135244,put,0.01,0.02,0.015,0.01,129.0,777.0,0.4882863671875
2026-02-25 10:43:14,690.6,2026-02-26,1,630.0,0.9122502172024326,put,0.01,0.02,0.015,0.01,62.0,672.0,0.45313046875
2026-02-25 10:43:14,690.6,2026-02-26,1,635.0,0.9194902982913408,put,0.01,0.02,0.015,0.01,18.0,2104.0,0.4179745703124999
2026-02-25 10:43:14,690.6,2026-02-26,1,640.0,0.926730379380249,put,0.02,0.03,0.025,0.0099999999999999,145.0,3340.0,0.398443515625
2026-02-25 10:43:14,690.6,2026-02-26,1,645.0,0.9339704604691572,put,0.02,0.03,0.025,0.0099999999999999,95.0,7158.0,0.36133451171875
2026-02-25 10:43:14,690.6,2026-02-26,1,650.0,0.9412105415580654,put,0.03,0.04,0.035,0.01,207.0,3994.0,0.335944140625
2026-02-25 10:43:14,690.6,2026-02-26,1,651.0,0.9426585577758472,put,0.03,0.04,0.035,0.01,106.0,2329.0,0.3281317187499999
2026-02-25 10:43:14,690.6,2026-02-26,1,652.0,0.9441065739936289,put,0.03,0.04,0.035,0.01,62.0,989.0,0.3203192968749999
2026-02-25 10:43:14,690.6,2026-02-26,1,654.0,0.947002606429192,put,0.03,0.04,0.035,0.01,50.0,864.0,0.304694453125
2026-02-25 10:43:14,690.6,2026-02-26,1,655.0,0.9484506226469736,put,0.04,0.05,0.045,0.01,273.0,2079.0,0.30664755859375
2026-02-25 10:43:14,690.6,2026-02-26,1,656.0,0.9498986388647552,put,0.04,0.05,0.045,0.01,29.0,1248.0,0.2988351367187499
2026-02-25 10:43:14,690.6,2026-02-26,1,657.0,0.9513466550825368,put,0.04,0.05,0.045,0.01,106.0,966.0,0.2910227148437499
2026-02-25 10:43:14,690.6,2026-02-26,1,658.0,0.9527946713003186,put,0.04,0.05,0.045,0.01,10.0,1109.0,0.2832102929687499
2026-02-25 10:43:14,690.6,2026-02-26,1,659.0,0.9542426875181002,put,0.05,0.06,0.055,0.0099999999999999,63.0,518.0,0.2812571874999999
2026-02-25 10:43:14,690.6,2026-02-26,1,660.0,0.9556907037358818,put,0.05,0.06,0.055,0.0099999999999999,238.0,1258.0,0.273444765625
2026-02-25 10:43:14,690.6,2026-02-26,1,661.0,0.9571387199536634,put,0.05,0.06,0.055,0.0099999999999999,539.0,908.0,0.26563234375
2026-02-25 10:43:14,690.6,2026-02-26,1,662.0,0.9585867361714452,put,0.06,0.07,0.065,0.01,114.0,1842.0,0.26367923828125
2026-02-25 10:43:14,690.6,2026-02-26,1,663.0,0.9600347523892268,put,0.06,0.07,0.065,0.01,609.0,1941.0,0.254890263671875
2026-02-25 10:43:14,690.6,2026-02-26,1,664.0,0.9614827686070084,put,0.07,0.08,0.075,0.0099999999999999,297.0,2049.0,0.25196060546875
2026-02-25 10:43:14,690.6,2026-02-26,1,665.0,0.96293078482479,put,0.08,0.09,0.0849999999999999,0.0099999999999999,424.0,2472.0,0.24805439453125
2026-02-25 10:43:14,690.6,2026-02-26,1,666.0,0.9643788010425716,put,0.09,0.1,0.095,0.01,197.0,1038.0,0.243171630859375
2026-02-25 10:43:14,690.6,2026-02-26,1,667.0,0.9658268172603532,put,0.1,0.11,0.105,0.0099999999999999,151.0,958.0,0.2382888671874999
2026-02-25 10:43:14,690.6,2026-02-26,1,668.0,0.9672748334781348,put,0.11,0.12,0.1149999999999999,0.0099999999999999,260.0,1546.0,0.2329178271484375
2026-02-25 10:43:14,690.6,2026-02-26,1,669.0,0.9687228496959166,put,0.13,0.14,0.135,0.01,394.0,2177.0,0.2299881689453125
2026-02-25 10:43:14,690.6,2026-02-26,1,670.0,0.9701708659136982,put,0.16,0.17,0.165,0.01,894.0,10315.0,0.2290116162109375
2026-02-25 10:43:14,690.6,2026-02-26,1,671.0,0.9716188821314798,put,0.19,0.2,0.195,0.01,732.0,1036.0,0.2265702343749999
2026-02-25 10:43:14,690.6,2026-02-26,1,672.0,0.9730668983492616,put,0.22,0.23,0.225,0.01,308.0,1134.0,0.2231522998046874
2026-02-25 10:43:14,690.6,2026-02-26,1,673.0,0.9745149145670432,put,0.23,0.24,0.235,0.0099999999999999,396.0,3828.0,0.2150957397460937
2026-02-25 10:43:14,690.6,2026-02-26,1,674.0,0.9759629307848248,put,0.28,0.29,0.285,0.0099999999999999,719.0,4316.0,0.213875048828125
2026-02-25 10:43:14,690.6,2026-02-26,1,675.0,0.9774109470026064,put,0.31,0.32,0.315,0.01,1411.0,2938.0,0.2080157324218749
2026-02-25 10:43:14,690.6,2026-02-26,1,676.0,0.978858963220388,put,0.37,0.38,0.375,0.01,679.0,5848.0,0.2058184887695312
2026-02-25 10:43:14,690.6,2026-02-26,1,677.0,0.9803069794381696,put,0.43,0.44,0.435,0.01,2832.0,2240.0,0.2024005541992187
2026-02-25 10:43:14,690.6,2026-02-26,1,678.0,0.9817549956559514,put,0.51,0.52,0.515,0.01,761.0,4585.0,0.2000812414550781
2026-02-25 10:43:14,690.6,2026-02-26,1,679.0,0.9832030118737328,put,0.58,0.59,0.585,0.01,776.0,1405.0,0.1955646850585937
2026-02-25 10:43:14,690.6,2026-02-26,1,680.0,0.9846510280915146,put,0.64,0.65,0.645,0.01,3536.0,6040.0,0.1889729541015625
2026-02-25 10:43:14,690.6,2026-02-26,1,681.0,0.9860990443092962,put,0.78,0.79,0.785,0.01,983.0,2355.0,0.1882405395507812
2026-02-25 10:43:14,690.6,2026-02-26,1,682.0,0.987547060527078,put,0.89,0.9,0.895,0.01,1240.0,2082.0,0.1836019140624999
2026-02-25 10:43:14,690.6,2026-02-26,1,683.0,0.9889950767448596,put,1.06,1.07,1.065,0.01,1501.0,1633.0,0.1818929467773437
2026-02-25 10:43:14,690.6,2026-02-26,1,684.0,0.9904430929626412,put,1.22,1.23,1.225,0.01,1842.0,1931.0,0.1778646667480468
2026-02-25 10:43:14,690.6,2026-02-26,1,685.0,0.9918911091804228,put,1.35,1.36,1.355,0.01,5555.0,3366.0,0.1705405212402344
2026-02-25 10:43:14,690.6,2026-02-26,1,686.0,0.9933391253982043,put,1.58,1.59,1.585,0.01,5159.0,2747.0,0.1676108630371094
2026-02-25 10:43:14,690.6,2026-02-26,1,687.0,0.994787141615986,put,1.83,1.84,1.835,0.01,3398.0,2457.0,0.1639487902832031
2026-02-25 10:43:14,690.6,2026-02-26,1,688.0,0.9962351578337676,put,2.09,2.1,2.095,0.0100000000000002,4058.0,970.0,0.1589439575195312
2026-02-25 10:43:14,690.6,2026-02-26,1,689.0,0.9976831740515494,put,2.39,2.41,2.4000000000000004,0.02,3327.0,592.0,0.1544274011230469
2026-02-25 10:43:14,690.6,2026-02-26,1,690.0,0.999131190269331,put,2.8,2.81,2.8049999999999997,0.0100000000000002,13660.0,496.0,0.1521080883789062
2026-02-25 10:43:14,690.6,2026-02-26,1,691.0,1.0005792064871126,put,3.23,3.24,3.2350000000000003,0.0100000000000002,8527.0,1093.0,0.1488122229003906
2026-02-25 10:43:14,690.6,2026-02-26,1,692.0,1.0020272227048943,put,3.61,3.65,3.63,0.04,4282.0,309.0,0.1418542846679687
2026-02-25 10:43:14,690.6,2026-02-26,1,693.0,1.003475238922676,put,4.07,4.1,4.085,0.0299999999999993,501.0,325.0,0.133797724609375
2026-02-25 10:43:14,690.6,2026-02-26,1,694.0,1.0049232551404574,put,4.71,4.75,4.73,0.04,570.0,166.0,0.1329432409667968
2026-02-25 10:43:14,690.6,2026-02-26,1,695.0,1.0063712713582391,put,5.35,5.57,5.46,0.2200000000000006,450.0,253.0,0.1390466955566406
2026-02-25 10:43:14,690.6,2026-02-26,1,696.0,1.0078192875760208,put,5.94,6.28,6.11,0.3399999999999998,896.0,169.0,0.1361170373535156
2026-02-25 10:43:14,690.6,2026-02-26,1,697.0,1.0092673037938025,put,6.83,7.05,6.9399999999999995,0.2199999999999997,431.0,106.0,0.133797724609375
2026-02-25 10:43:14,690.6,2026-02-26,1,700.0,1.0136113524471473,put,9.39,9.75,9.57,0.3599999999999994,93.0,2.0,0.1428308374023437
2026-02-25 10:43:14,690.6,2026-02-27,2,500.0,0.7240081088908196,call,190.71,190.83,190.77,0.1200000000000045,16.0,513.0,1.443362158203125
2026-02-25 10:43:14,690.6,2026-02-27,2,643.0,0.931074428033594,call,47.84,47.96,47.900000000000006,0.1199999999999974,23.0,238.0,0.4338435522460938
2026-02-25 10:43:14,690.6,2026-02-27,2,647.0,0.9368664929047203,call,43.83,43.94,43.885,0.1099999999999994,13.0,136.0,0.398443515625
2026-02-25 10:43:14,690.6,2026-02-27,2,650.0,0.9412105415580654,call,41.02,41.14,41.08,0.1199999999999974,109.0,1088.0,0.4101621484375
2026-02-25 10:43:14,690.6,2026-02-27,2,662.0,0.9585867361714452,call,29.08,29.19,29.135,0.1100000000000029,10.0,285.0,0.3149482568359374
2026-02-25 10:43:14,690.6,2026-02-27,2,669.0,0.9687228496959166,call,22.16,22.28,22.22,0.120000000000001,31.0,330.0,0.2622144091796875
2026-02-25 10:43:14,690.6,2026-02-27,2,670.0,0.9701708659136982,call,21.3,21.42,21.36,0.120000000000001,47.0,1716.0,0.2659985510253906
2026-02-25 10:43:14,690.6,2026-02-27,2,671.0,0.9716188821314798,call,20.3,20.42,20.36,0.120000000000001,20.0,242.0,0.2563550927734375
2026-02-25 10:43:14,690.6,2026-02-27,2,675.0,0.9774109470026064,call,16.3,16.7,16.5,0.3999999999999986,13.0,2404.0,0.2382888671874999
2026-02-25 10:43:14,690.6,2026-02-27,2,678.0,0.9817549956559514,call,13.59,13.79,13.69,0.1999999999999993,14.0,2334.0,0.2121660815429687
2026-02-25 10:43:14,690.6,2026-02-27,2,680.0,0.9846510280915146,call,12.16,12.33,12.245,0.1699999999999999,66.0,3382.0,0.2208329870605468
2026-02-25 10:43:14,690.6,2026-02-27,2,681.0,0.9860990443092962,call,10.99,11.31,11.15,0.3200000000000003,55.0,2205.0,0.2075274560546874
2026-02-25 10:43:14,690.6,2026-02-27,2,682.0,0.987547060527078,call,10.46,10.62,10.54,0.1599999999999983,264.0,3882.0,0.2108233215332031
2026-02-25 10:43:14,690.6,2026-02-27,2,683.0,0.9889950767448596,call,9.35,9.53,9.44,0.1799999999999997,229.0,3139.0,0.19336744140625
2026-02-25 10:43:14,690.6,2026-02-27,2,684.0,0.9904430929626412,call,8.7,8.82,8.76,0.120000000000001,132.0,3480.0,0.193794683227539
2026-02-25 10:43:14,690.6,2026-02-27,2,685.0,0.9918911091804228,call,8.03,8.09,8.059999999999999,0.0600000000000005,690.0,8092.0,0.1920246813964844
2026-02-25 10:43:14,690.6,2026-02-27,2,686.0,0.9933391253982043,call,7.24,7.31,7.275,0.0699999999999994,423.0,3931.0,0.1868977795410156
2026-02-25 10:43:14,690.6,2026-02-27,2,687.0,0.994787141615986,call,6.45,6.52,6.484999999999999,0.0699999999999994,1165.0,6376.0,0.1803060485839843
2026-02-25 10:43:14,690.6,2026-02-27,2,688.0,0.9962351578337676,call,5.73,5.79,5.76,0.0599999999999996,3528.0,4075.0,0.1751791467285156
2026-02-25 10:43:14,690.6,2026-02-27,2,689.0,0.9976831740515494,call,5.09,5.16,5.125,0.0700000000000002,1123.0,4627.0,0.172859833984375
2026-02-25 10:43:14,690.6,2026-02-27,2,690.0,0.999131190269331,call,4.49,4.5,4.495,0.0099999999999997,4780.0,13146.0,0.1679770703125
2026-02-25 10:43:14,690.6,2026-02-27,2,691.0,1.0005792064871126,call,3.83,3.84,3.835,0.0099999999999997,4193.0,4551.0,0.161568442993164
2026-02-25 10:43:14,690.6,2026-02-27,2,692.0,1.0020272227048943,call,3.29,3.31,3.3,0.02,4036.0,6018.0,0.1588218884277344
2026-02-25 10:43:14,690.6,2026-02-27,2,693.0,1.003475238922676,call,2.67,2.68,2.675,0.0100000000000002,2039.0,5170.0,0.1502160174560547
2026-02-25 10:43:14,690.6,2026-02-27,2,694.0,1.0049232551404574,call,2.16,2.18,2.17,0.02,1794.0,4219.0,0.1449060119628906
2026-02-25 10:43:14,690.6,2026-02-27,2,695.0,1.0063712713582391,call,1.7,1.72,1.71,0.02,4989.0,12971.0,0.1391687646484375
2026-02-25 10:43:14,690.6,2026-02-27,2,696.0,1.0078192875760208,call,1.32,1.34,1.33,0.02,1333.0,9528.0,0.1345911737060547
2026-02-25 10:43:14,690.6,2026-02-27,2,697.0,1.0092673037938025,call,0.97,0.98,0.975,0.01,2352.0,14848.0,0.1281825463867187
2026-02-25 10:43:14,690.6,2026-02-27,2,698.0,1.0107153200115842,call,0.7,0.71,0.705,0.01,1999.0,11317.0,0.1235439208984375
2026-02-25 10:43:14,690.6,2026-02-27,2,699.0,1.0121633362293658,call,0.48,0.49,0.485,0.01,2715.0,13729.0,0.1186611572265625
2026-02-25 10:43:14,690.6,2026-02-27,2,700.0,1.0136113524471473,call,0.31,0.32,0.315,0.01,12012.0,43158.0,0.1137783935546875
2026-02-25 10:43:14,690.6,2026-02-27,2,701.0,1.015059368664929,call,0.2,0.21,0.205,0.0099999999999999,3004.0,8039.0,0.1108487353515624
2026-02-25 10:43:14,690.6,2026-02-27,2,702.0,1.0165073848827106,call,0.11,0.12,0.1149999999999999,0.0099999999999999,2119.0,9271.0,0.1057218334960937
2026-02-25 10:43:14,690.6,2026-02-27,2,703.0,1.0179554011004923,call,0.07,0.08,0.075,0.0099999999999999,790.0,5020.0,0.1049894189453125
2026-02-25 10:43:14,690.6,2026-02-27,2,704.0,1.019403417318274,call,0.04,0.05,0.045,0.01,686.0,7130.0,0.1040128662109374
2026-02-25 10:43:14,690.6,2026-02-27,2,705.0,1.0208514335360557,call,0.03,0.04,0.035,0.01,1535.0,28906.0,0.106454248046875
2026-02-25 10:43:14,690.6,2026-02-27,2,706.0,1.0222994497538371,call,0.02,0.03,0.025,0.0099999999999999,446.0,11133.0,0.108407353515625
2026-02-25 10:43:14,690.6,2026-02-27,2,707.0,1.0237474659716188,call,0.01,0.02,0.015,0.01,886.0,5132.0,0.10938390625
2026-02-25 10:43:14,690.6,2026-02-27,2,708.0,1.0251954821894005,call,0.01,0.02,0.015,0.01,1073.0,5016.0,0.114266669921875
2026-02-25 10:43:14,690.6,2026-02-27,2,710.0,1.0280915146249638,call,0.01,0.02,0.015,0.01,176.0,13899.0,0.125985302734375
2026-02-25 10:43:14,690.6,2026-02-27,2,711.0,1.0295395308427453,call,0.01,0.02,0.015,0.01,126.0,2597.0,0.1308680664062499
2026-02-25 10:43:14,690.6,2026-02-27,2,712.0,1.030987547060527,call,0.01,0.02,0.015,0.01,19.0,3454.0,0.1367273828125
2026-02-25 10:43:14,690.6,2026-02-27,2,714.0,1.0338835794960903,call,0.01,0.02,0.015,0.01,50.0,9100.0,0.148446015625
2026-02-25 10:43:14,690.6,2026-02-27,2,716.0,1.0367796119316537,call,0.01,0.02,0.015,0.01,1015.0,1769.0,0.15821154296875
2026-02-25 10:43:14,690.6,2026-02-27,2,590.0,0.854329568491167,put,0.01,0.02,0.015,0.01,10.0,76615.0,0.585941640625
2026-02-25 10:43:14,690.6,2026-02-27,2,592.0,0.8572256009267304,put,0.01,0.02,0.015,0.01,1998.0,2112.0,0.57812921875
2026-02-25 10:43:14,690.6,2026-02-27,2,593.0,0.858673617144512,put,0.01,0.02,0.015,0.01,1998.0,1277.0,0.570316796875
2026-02-25 10:43:14,690.6,2026-02-27,2,594.0,0.8601216333622936,put,0.01,0.02,0.015,0.01,999.0,779.0,0.5625043750000001
2026-02-25 10:43:14,690.6,2026-02-27,2,595.0,0.8615696495800753,put,0.01,0.02,0.015,0.01,15.0,3240.0,0.5546919531250001
2026-02-25 10:43:14,690.6,2026-02-27,2,596.0,0.8630176657978569,put,0.01,0.02,0.015,0.01,100.0,1465.0,0.5546919531250001
2026-02-25 10:43:14,690.6,2026-02-27,2,597.0,0.8644656820156386,put,0.01,0.02,0.015,0.01,500.0,1758.0,0.5468795312500001
2026-02-25 10:43:14,690.6,2026-02-27,2,599.0,0.8673617144512018,put,0.01,0.02,0.015,0.01,23.0,1707.0,0.5351608984375
2026-02-25 10:43:14,690.6,2026-02-27,2,600.0,0.8688097306689835,put,0.01,0.02,0.015,0.01,131.0,8695.0,0.5312546875
2026-02-25 10:43:14,690.6,2026-02-27,2,601.0,0.870257746886765,put,0.01,0.02,0.015,0.01,20.0,881.0,0.523442265625
2026-02-25 10:43:14,690.6,2026-02-27,2,602.0,0.8717057631045467,put,0.01,0.02,0.015,0.01,10.0,741.0,0.51562984375
2026-02-25 10:43:14,690.6,2026-02-27,2,603.0,0.8731537793223284,put,0.01,0.02,0.015,0.01,13.0,1385.0,0.5117236328125
2026-02-25 10:43:14,690.6,2026-02-27,2,604.0,0.87460179554011,put,0.01,0.02,0.015,0.01,16.0,1425.0,0.507817421875
2026-02-25 10:43:14,690.6,2026-02-27,2,605.0,0.8760498117578916,put,0.01,0.02,0.015,0.01,24.0,2056.0,0.500005
2026-02-25 10:43:14,690.6,2026-02-27,2,606.0,0.8774978279756733,put,0.01,0.02,0.015,0.01,20.0,906.0,0.507817421875
2026-02-25 10:43:14,690.6,2026-02-27,2,609.0,0.8818418766290183,put,0.01,0.02,0.015,0.01,130.0,4176.0,0.492192578125
2026-02-25 10:43:14,690.6,2026-02-27,2,612.0,0.8861859252823632,put,0.01,0.02,0.015,0.01,27.0,616.0,0.4726615234375
2026-02-25 10:43:14,690.6,2026-02-27,2,613.0,0.8876339415001447,put,0.01,0.02,0.015,0.01,39.0,770.0,0.4687553125
2026-02-25 10:43:14,690.6,2026-02-27,2,614.0,0.8890819577179264,put,0.02,0.03,0.025,0.0099999999999999,26.0,4125.0,0.4804739453125
2026-02-25 10:43:14,690.6,2026-02-27,2,615.0,0.8905299739357081,put,0.02,0.03,0.025,0.0099999999999999,12.0,7191.0,0.4726615234375
2026-02-25 10:43:14,690.6,2026-02-27,2,617.0,0.8934260063712713,put,0.02,0.03,0.025,0.0099999999999999,82.0,1410.0,0.460942890625
2026-02-25 10:43:14,690.6,2026-02-27,2,618.0,0.894874022589053,put,0.02,0.03,0.025,0.0099999999999999,12.0,1526.0,0.4570366796875
2026-02-25 10:43:14,690.6,2026-02-27,2,619.0,0.8963220388068346,put,0.02,0.03,0.025,0.0099999999999999,29.0,1309.0,0.4492242578124999
2026-02-25 10:43:14,690.6,2026-02-27,2,621.0,0.8992180712423978,put,0.02,0.03,0.025,0.0099999999999999,61.0,1129.0,0.437505625
2026-02-25 10:43:14,690.6,2026-02-27,2,622.0,0.9006660874601795,put,0.02,0.03,0.025,0.0099999999999999,74.0,1004.0,0.4335994140625
2026-02-25 10:43:14,690.6,2026-02-27,2,623.0,0.9021141036779612,put,0.02,0.03,0.025,0.0099999999999999,320.0,998.0,0.4257869921875
2026-02-25 10:43:14,690.6,2026-02-27,2,626.0,0.906458152331306,put,0.02,0.03,0.025,0.0099999999999999,114.0,1599.0,0.40820904296875
2026-02-25 10:43:14,690.6,2026-02-27,2,627.0,0.9079061685490876,put,0.02,0.03,0.025,0.0099999999999999,339.0,1157.0,0.4023497265625
2026-02-25 10:43:14,690.6,2026-02-27,2,628.0,0.9093541847668694,put,0.03,0.04,0.035,0.01,18.0,1326.0,0.40820904296875
2026-02-25 10:43:14,690.6,2026-02-27,2,629.0,0.910802200984651,put,0.03,0.04,0.035,0.01,155.0,1335.0,0.4023497265625
2026-02-25 10:43:14,690.6,2026-02-27,2,630.0,0.9122502172024326,put,0.03,0.04,0.035,0.01,487.0,13872.0,0.39649041015625
2026-02-25 10:43:14,690.6,2026-02-27,2,631.0,0.9136982334202144,put,0.03,0.04,0.035,0.01,62.0,1303.0,0.39063109375
2026-02-25 10:43:14,690.6,2026-02-27,2,635.0,0.9194902982913408,put,0.03,0.04,0.035,0.01,101.0,5930.0,0.36524072265625
2026-02-25 10:43:14,690.6,2026-02-27,2,638.0,0.9238343469446858,put,0.03,0.04,0.035,0.01,116.0,2083.0,0.3476627734374999
2026-02-25 10:43:14,690.6,2026-02-27,2,639.0,0.9252823631624674,put,0.03,0.04,0.035,0.01,104.0,2996.0,0.34180345703125
2026-02-25 10:43:14,690.6,2026-02-27,2,640.0,0.926730379380249,put,0.04,0.05,0.045,0.01,54.0,18143.0,0.3437565625
2026-02-25 10:43:14,690.6,2026-02-27,2,643.0,0.931074428033594,put,0.04,0.05,0.045,0.01,23.0,3048.0,0.3252020605468749
2026-02-25 10:43:14,690.6,2026-02-27,2,644.0,0.9325224442513756,put,0.04,0.05,0.045,0.01,64.0,1895.0,0.3183661914062499
2026-02-25 10:43:14,690.6,2026-02-27,2,645.0,0.9339704604691572,put,0.05,0.06,0.055,0.0099999999999999,209.0,24158.0,0.3203192968749999
2026-02-25 10:43:14,690.6,2026-02-27,2,647.0,0.9368664929047203,put,0.05,0.06,0.055,0.0099999999999999,152.0,20051.0,0.30664755859375
2026-02-25 10:43:14,690.6,2026-02-27,2,648.0,0.938314509122502,put,0.05,0.06,0.055,0.0099999999999999,18.0,2139.0,0.3007882421875
2026-02-25 10:43:14,690.6,2026-02-27,2,649.0,0.9397625253402838,put,0.06,0.07,0.065,0.01,188.0,1604.0,0.299811689453125
2026-02-25 10:43:14,690.6,2026-02-27,2,650.0,0.9412105415580654,put,0.06,0.07,0.065,0.01,339.0,173193.0,0.2939523730468749
2026-02-25 10:43:14,690.6,2026-02-27,2,651.0,0.9426585577758472,put,0.06,0.07,0.065,0.01,24.0,5575.0,0.2871165039062499
2026-02-25 10:43:14,690.6,2026-02-27,2,652.0,0.9441065739936289,put,0.07,0.08,0.075,0.0099999999999999,148.0,2209.0,0.2861399511718749
2026-02-25 10:43:14,690.6,2026-02-27,2,653.0,0.9455545902114104,put,0.07,0.08,0.075,0.0099999999999999,137.0,4005.0,0.2793040820312499
2026-02-25 10:43:14,690.6,2026-02-27,2,654.0,0.947002606429192,put,0.08,0.09,0.0849999999999999,0.0099999999999999,260.0,1775.0,0.2768627001953124
2026-02-25 10:43:14,690.6,2026-02-27,2,655.0,0.9484506226469736,put,0.08,0.09,0.0849999999999999,0.0099999999999999,408.0,15495.0,0.270515107421875
2026-02-25 10:43:14,690.6,2026-02-27,2,656.0,0.9498986388647552,put,0.09,0.1,0.095,0.01,74.0,2375.0,0.26758544921875
2026-02-25 10:43:14,690.6,2026-02-27,2,657.0,0.9513466550825368,put,0.1,0.11,0.105,0.0099999999999999,906.0,2976.0,0.264655791015625
2026-02-25 10:43:14,690.6,2026-02-27,2,658.0,0.9527946713003186,put,0.11,0.12,0.1149999999999999,0.0099999999999999,947.0,9157.0,0.260749580078125
2026-02-25 10:43:14,690.6,2026-02-27,2,659.0,0.9542426875181002,put,0.12,0.13,0.125,0.01,272.0,3997.0,0.256843369140625
2026-02-25 10:43:14,690.6,2026-02-27,2,660.0,0.9556907037358818,put,0.13,0.14,0.135,0.01,896.0,41153.0,0.252937158203125
2026-02-25 10:43:14,690.6,2026-02-27,2,661.0,0.9571387199536634,put,0.15,0.16,0.155,0.01,310.0,4869.0,0.2509840527343749
2026-02-25 10:43:14,690.6,2026-02-27,2,662.0,0.9585867361714452,put,0.16,0.17,0.165,0.01,56.0,6598.0,0.2465895654296875
2026-02-25 10:43:14,690.6,2026-02-27,2,663.0,0.9600347523892268,put,0.19,0.2,0.195,0.01,675.0,3140.0,0.2461012890625
2026-02-25 10:43:14,690.6,2026-02-27,2,664.0,0.9614827686070084,put,0.2,0.21,0.205,0.0099999999999999,10659.0,12620.0,0.2404861108398437
2026-02-25 10:43:14,690.6,2026-02-27,2,665.0,0.96293078482479,put,0.22,0.23,0.225,0.01,4331.0,31032.0,0.2368240380859375
2026-02-25 10:43:14,690.6,2026-02-27,2,666.0,0.9643788010425716,put,0.25,0.26,0.255,0.01,446.0,3922.0,0.23438265625
2026-02-25 10:43:14,690.6,2026-02-27,2,667.0,0.9658268172603532,put,0.27,0.28,0.275,0.01,358.0,5528.0,0.2299881689453125
2026-02-25 10:43:14,690.6,2026-02-27,2,668.0,0.9672748334781348,put,0.3,0.31,0.305,0.01,9328.0,3726.0,0.2265702343749999
2026-02-25 10:43:14,690.6,2026-02-27,2,669.0,0.9687228496959166,put,0.34,0.35,0.345,0.0099999999999999,278.0,5167.0,0.2241288525390624
2026-02-25 10:43:14,690.6,2026-02-27,2,670.0,0.9701708659136982,put,0.4,0.41,0.405,0.0099999999999999,3846.0,36239.0,0.2236405761718749
2026-02-25 10:43:14,690.6,2026-02-27,2,671.0,0.9716188821314798,put,0.43,0.44,0.435,0.01,976.0,6837.0,0.2185136743164062
2026-02-25 10:43:14,690.6,2026-02-27,2,672.0,0.9730668983492616,put,0.46,0.47,0.4649999999999999,0.0099999999999999,786.0,4924.0,0.2131426342773437
2026-02-25 10:43:14,690.6,2026-02-27,2,673.0,0.9745149145670432,put,0.54,0.55,0.545,0.01,448.0,5787.0,0.2126543579101562
2026-02-25 10:43:14,690.6,2026-02-27,2,674.0,0.9759629307848248,put,0.6,0.61,0.605,0.01,626.0,2543.0,0.2091143542480468
2026-02-25 10:43:14,690.6,2026-02-27,2,675.0,0.9774109470026064,put,0.67,0.68,0.675,0.01,3213.0,29515.0,0.2058184887695312
2026-02-25 10:43:14,690.6,2026-02-27,2,676.0,0.978858963220388,put,0.76,0.77,0.765,0.01,492.0,6941.0,0.2034991760253906
2026-02-25 10:43:14,690.6,2026-02-27,2,677.0,0.9803069794381696,put,0.82,0.83,0.825,0.01,1067.0,4713.0,0.1981281359863281
2026-02-25 10:43:14,690.6,2026-02-27,2,678.0,0.9817549956559514,put,0.96,0.97,0.965,0.01,499.0,4300.0,0.1977619287109375
2026-02-25 10:43:14,690.6,2026-02-27,2,679.0,0.9832030118737328,put,1.05,1.06,1.0550000000000002,0.01,768.0,8830.0,0.1930012341308593
2026-02-25 10:43:14,690.6,2026-02-27,2,680.0,0.9846510280915146,put,1.16,1.17,1.165,0.01,18532.0,39898.0,0.1888508850097656
2026-02-25 10:43:14,690.6,2026-02-27,2,681.0,0.9860990443092962,put,1.34,1.35,1.3450000000000002,0.01,508.0,10608.0,0.1878743322753906
2026-02-25 10:43:14,690.6,2026-02-27,2,682.0,0.987547060527078,put,1.51,1.52,1.515,0.01,1287.0,6891.0,0.1851888122558593
2026-02-25 10:43:14,690.6,2026-02-27,2,683.0,0.9889950767448596,put,1.67,1.68,1.6749999999999998,0.01,1749.0,8598.0,0.1809163940429687
2026-02-25 10:43:14,690.6,2026-02-27,2,684.0,0.9904430929626412,put,1.88,1.89,1.885,0.01,932.0,6405.0,0.1782308740234375
2026-02-25 10:43:14,690.6,2026-02-27,2,685.0,0.9918911091804228,put,2.09,2.1,2.095,0.0100000000000002,4012.0,31958.0,0.1743246630859375
2026-02-25 10:43:14,690.6,2026-02-27,2,686.0,0.9933391253982043,put,2.32,2.34,2.33,0.02,894.0,4857.0,0.1707236248779297
2026-02-25 10:43:14,690.6,2026-02-27,2,687.0,0.994787141615986,put,2.57,2.58,2.575,0.0100000000000002,3866.0,5639.0,0.1659018957519531
2026-02-25 10:43:14,690.6,2026-02-27,2,688.0,0.9962351578337676,put,2.86,2.87,2.865,0.0100000000000002,1733.0,4390.0,0.1619956848144531
2026-02-25 10:43:14,690.6,2026-02-27,2,689.0,0.9976831740515494,put,3.15,3.17,3.16,0.02,1605.0,3530.0,0.1570518865966797
2026-02-25 10:43:14,690.6,2026-02-27,2,690.0,0.999131190269331,put,3.52,3.54,3.53,0.02,9695.0,65443.0,0.1535118829345703
2026-02-25 10:43:14,690.6,2026-02-27,2,691.0,1.0005792064871126,put,3.81,3.83,3.82,0.02,5193.0,1969.0,0.1451501501464843
2026-02-25 10:43:14,690.6,2026-02-27,2,692.0,1.0020272227048943,put,4.27,4.29,4.279999999999999,0.0200000000000004,2705.0,2349.0,0.1418542846679687
2026-02-25 10:43:14,690.6,2026-02-27,2,693.0,1.003475238922676,put,4.73,4.8,4.765000000000001,0.0699999999999994,793.0,1382.0,0.13868048828125
2026-02-25 10:43:14,690.6,2026-02-27,2,694.0,1.0049232551404574,put,5.24,5.31,5.275,0.0699999999999994,277.0,1334.0,0.1333094482421875
2026-02-25 10:43:14,690.6,2026-02-27,2,695.0,1.0063712713582391,put,5.83,5.89,5.859999999999999,0.0599999999999996,829.0,4209.0,0.1286708227539062
2026-02-25 10:43:14,690.6,2026-02-27,2,696.0,1.0078192875760208,put,6.37,6.6,6.484999999999999,0.2299999999999995,77.0,985.0,0.1276942700195312
2026-02-25 10:43:14,690.6,2026-02-27,2,697.0,1.0092673037938025,put,7.03,7.29,7.16,0.2599999999999998,32.0,821.0,0.1232387481689453
2026-02-25 10:43:14,690.6,2026-02-27,2,698.0,1.0107153200115842,put,7.82,7.99,7.905,0.1699999999999999,59.0,635.0,0.1158535681152343
2026-02-25 10:43:14,690.6,2026-02-27,2,699.0,1.0121633362293658,put,8.52,8.83,8.675,0.3100000000000005,20.0,359.0,0.1141446008300781
2026-02-25 10:43:14,690.6,2026-02-27,2,700.0,1.0136113524471473,put,9.46,9.63,9.545000000000002,0.1699999999999999,198.0,4872.0,0.1047452807617187
2026-02-25 10:43:14,690.6,2026-02-27,2,705.0,1.0208514335360557,put,14.35,14.63,14.49,0.2800000000000011,32.0,205.0,0.1452722192382812
2026-02-25 10:43:14,690.6,2026-03-02,5,664.0,0.9614827686070084,call,27.39,27.52,27.455,0.129999999999999,12.0,23.0,0.2348709326171875
2026-02-25 10:43:14,690.6,2026-03-02,5,668.0,0.9672748334781348,call,23.5,23.7,23.6,0.1999999999999993,10.0,77.0,0.2187578124999999
2026-02-25 10:43:14,690.6,2026-03-02,5,671.0,0.9716188821314798,call,20.5,20.81,20.655,0.3099999999999987,10.0,8.0,0.2034381414794921
2026-02-25 10:43:14,690.6,2026-03-02,5,672.0,0.9730668983492616,call,19.57,19.94,19.755000000000003,0.370000000000001,13.0,25.0,0.2027667614746093
2026-02-25 10:43:14,690.6,2026-03-02,5,676.0,0.978858963220388,call,16.23,16.41,16.32,0.1799999999999997,11.0,14.0,0.1927570959472656
2026-02-25 10:43:14,690.6,2026-03-02,5,680.0,0.9846510280915146,call,12.67,12.88,12.775,0.2100000000000008,10.0,1476.0,0.1765219067382812
2026-02-25 10:43:14,690.6,2026-03-02,5,682.0,0.987547060527078,call,11.19,11.34,11.265,0.1500000000000003,51.0,732.0,0.1737143176269531
2026-02-25 10:43:14,690.6,2026-03-02,5,683.0,0.9889950767448596,call,10.26,10.35,10.305,0.0899999999999998,64.0,753.0,0.1642539630126953
2026-02-25 10:43:14,690.6,2026-03-02,5,684.0,0.9904430929626412,call,9.56,9.63,9.595,0.0700000000000002,26.0,879.0,0.1631553411865234
2026-02-25 10:43:14,690.6,2026-03-02,5,685.0,0.9918911091804228,call,8.77,8.87,8.82,0.0999999999999996,200.0,1149.0,0.1601036138916015
2026-02-25 10:43:14,690.6,2026-03-02,5,686.0,0.9933391253982043,call,8.08,8.17,8.125,0.0899999999999998,137.0,1167.0,0.15821154296875
2026-02-25 10:43:14,690.6,2026-03-02,5,687.0,0.994787141615986,call,7.33,7.41,7.37,0.08,83.0,840.0,0.1538475729370117
2026-02-25 10:43:14,690.6,2026-03-02,5,688.0,0.9962351578337676,call,6.55,6.63,6.59,0.08,164.0,1464.0,0.1482629119873047
2026-02-25 10:43:14,690.6,2026-03-02,5,689.0,0.9976831740515494,call,5.98,6.01,5.995,0.0299999999999993,119.0,927.0,0.1465539447021484
2026-02-25 10:43:14,690.6,2026-03-02,5,690.0,0.999131190269331,call,5.31,5.33,5.32,0.0200000000000004,437.0,3018.0,0.1422815264892578
2026-02-25 10:43:14,690.6,2026-03-02,5,691.0,1.0005792064871126,call,4.61,4.63,4.62,0.0199999999999995,1694.0,1441.0,0.1366053137207031
2026-02-25 10:43:14,690.6,2026-03-02,5,692.0,1.0020272227048943,call,4.01,4.03,4.02,0.0200000000000004,1157.0,2321.0,0.132821171875
2026-02-25 10:43:14,690.6,2026-03-02,5,693.0,1.003475238922676,call,3.45,3.47,3.46,0.02,305.0,1913.0,0.1291590991210937
2026-02-25 10:43:14,690.6,2026-03-02,5,694.0,1.0049232551404574,call,2.96,2.98,2.97,0.02,403.0,1865.0,0.126412544555664
2026-02-25 10:43:14,690.6,2026-03-02,5,695.0,1.0063712713582391,call,2.43,2.45,2.4400000000000004,0.02,1234.0,3570.0,0.1212246081542968
2026-02-25 10:43:14,690.6,2026-03-02,5,696.0,1.0078192875760208,call,1.97,1.99,1.98,0.02,557.0,959.0,0.1167690863037109
2026-02-25 10:43:14,690.6,2026-03-02,5,697.0,1.0092673037938025,call,1.61,1.63,1.62,0.0199999999999997,463.0,1585.0,0.1141446008300781
2026-02-25 10:43:14,690.6,2026-03-02,5,698.0,1.0107153200115842,call,1.24,1.25,1.245,0.01,376.0,1988.0,0.1091397680664062
2026-02-25 10:43:14,690.6,2026-03-02,5,699.0,1.0121633362293658,call,0.93,0.94,0.935,0.0099999999999998,273.0,1699.0,0.1048673498535156
2026-02-25 10:43:14,690.6,2026-03-02,5,700.0,1.0136113524471473,call,0.65,0.66,0.655,0.01,1548.0,3210.0,0.0995573443603515
2026-02-25 10:43:14,690.6,2026-03-02,5,701.0,1.015059368664929,call,0.47,0.48,0.475,0.01,622.0,2507.0,0.0968107897949218
2026-02-25 10:43:14,690.6,2026-03-02,5,702.0,1.0165073848827106,call,0.3,0.31,0.305,0.01,876.0,1974.0,0.0920500952148437
2026-02-25 10:43:14,690.6,2026-03-02,5,703.0,1.0179554011004923,call,0.18,0.19,0.185,0.01,322.0,1882.0,0.0876556079101562
2026-02-25 10:43:14,690.6,2026-03-02,5,704.0,1.019403417318274,call,0.13,0.14,0.135,0.01,196.0,3749.0,0.0876556079101562
2026-02-25 10:43:14,690.6,2026-03-02,5,705.0,1.0208514335360557,call,0.08,0.09,0.0849999999999999,0.0099999999999999,129.0,4546.0,0.0857025024414062
2026-02-25 10:43:14,690.6,2026-03-02,5,706.0,1.0222994497538371,call,0.04,0.05,0.045,0.01,38.0,3893.0,0.0825287060546875
2026-02-25 10:43:14,690.6,2026-03-02,5,707.0,1.0237474659716188,call,0.03,0.04,0.035,0.01,663.0,1798.0,0.08399353515625
2026-02-25 10:43:14,690.6,2026-03-02,5,708.0,1.0251954821894005,call,0.02,0.03,0.025,0.0099999999999999,57.0,2547.0,0.084970087890625
2026-02-25 10:43:14,690.6,2026-03-02,5,709.0,1.0266434984071822,call,0.02,0.03,0.025,0.0099999999999999,18.0,2112.0,0.0893645751953125
2026-02-25 10:43:14,690.6,2026-03-02,5,710.0,1.0280915146249638,call,0.01,0.02,0.015,0.01,61.0,895.0,0.088876298828125
2026-02-25 10:43:14,690.6,2026-03-02,5,711.0,1.0295395308427453,call,0.01,0.02,0.015,0.01,14.0,3103.0,0.092782509765625
2026-02-25 10:43:14,690.6,2026-03-02,5,713.0,1.0324355632783089,call,0.01,0.02,0.015,0.01,18.0,80.0,0.100594931640625
2026-02-25 10:43:14,690.6,2026-03-02,5,716.0,1.0367796119316537,call,0.01,0.02,0.015,0.01,60.0,122.0,0.1123135644531249
2026-02-25 10:43:14,690.6,2026-03-02,5,717.0,1.0382276281494351,call,0.01,0.02,0.015,0.01,649.0,649.0,0.116219775390625
2026-02-25 10:43:14,690.6,2026-03-02,5,718.0,1.0396756443672168,call,0.01,0.02,0.015,0.01,647.0,642.0,0.1201259863281249
2026-02-25 10:43:14,690.6,2026-03-02,5,720.0,1.0425716768027802,call,0.01,0.02,0.015,0.01,37.0,1784.0,0.12696185546875
2026-02-25 10:43:14,690.6,2026-03-02,5,570.0,0.8253692441355343,put,0.01,0.02,0.015,0.01,29.0,49.0,0.500005
2026-02-25 10:43:14,690.6,2026-03-02,5,575.0,0.8326093252244425,put,0.01,0.02,0.015,0.01,16.0,227.0,0.4882863671875
2026-02-25 10:43:14,690.6,2026-03-02,5,580.0,0.8398494063133507,put,0.01,0.02,0.015,0.01,100.0,328.0,0.4687553125
2026-02-25 10:43:14,690.6,2026-03-02,5,585.0,0.8470894874022589,put,0.01,0.02,0.015,0.01,11.0,378.0,0.445318046875
2026-02-25 10:43:14,690.6,2026-03-02,5,590.0,0.854329568491167,put,0.01,0.02,0.015,0.01,22.0,2290.0,0.4257869921875
2026-02-25 10:43:14,690.6,2026-03-02,5,610.0,0.8832898928467998,put,0.02,0.03,0.025,0.0099999999999999,30.0,544.0,0.3554751953124999
2026-02-25 10:43:14,690.6,2026-03-02,5,620.0,0.8977700550246163,put,0.03,0.04,0.035,0.01,63.0,1461.0,0.3242255078124999
2026-02-25 10:43:14,690.6,2026-03-02,5,625.0,0.9050101361135244,put,0.04,0.05,0.045,0.01,12.0,1081.0,0.309577216796875
2026-02-25 10:43:14,690.6,2026-03-02,5,630.0,0.9122502172024326,put,0.05,0.06,0.055,0.0099999999999999,136.0,4175.0,0.2939523730468749
2026-02-25 10:43:14,690.6,2026-03-02,5,640.0,0.926730379380249,put,0.08,0.09,0.0849999999999999,0.0099999999999999,21.0,1768.0,0.2617261328125
2026-02-25 10:43:14,690.6,2026-03-02,5,645.0,0.9339704604691572,put,0.1,0.11,0.105,0.0099999999999999,267.0,867.0,0.245124736328125
2026-02-25 10:43:14,690.6,2026-03-02,5,650.0,0.9412105415580654,put,0.14,0.15,0.145,0.0099999999999999,87.0,4370.0,0.231452998046875
2026-02-25 10:43:14,690.6,2026-03-02,5,651.0,0.9426585577758472,put,0.15,0.16,0.155,0.01,51.0,492.0,0.22852333984375
2026-02-25 10:43:14,690.6,2026-03-02,5,652.0,0.9441065739936289,put,0.16,0.17,0.165,0.01,16.0,490.0,0.225593681640625
2026-02-25 10:43:14,690.6,2026-03-02,5,653.0,0.9455545902114104,put,0.17,0.18,0.175,0.0099999999999999,110.0,352.0,0.2226640234374999
2026-02-25 10:43:14,690.6,2026-03-02,5,654.0,0.947002606429192,put,0.19,0.2,0.195,0.01,138.0,989.0,0.2211991943359375
2026-02-25 10:43:14,690.6,2026-03-02,5,655.0,0.9484506226469736,put,0.2,0.21,0.205,0.0099999999999999,338.0,3771.0,0.2177812597656249
2026-02-25 10:43:14,690.6,2026-03-02,5,656.0,0.9498986388647552,put,0.22,0.23,0.225,0.01,187.0,783.0,0.215828154296875
2026-02-25 10:43:14,690.6,2026-03-02,5,657.0,0.9513466550825368,put,0.23,0.24,0.235,0.0099999999999999,110.0,430.0,0.2121660815429687
2026-02-25 10:43:14,690.6,2026-03-02,5,658.0,0.9527946713003186,put,0.25,0.26,0.255,0.01,19.0,652.0,0.2097246997070312
2026-02-25 10:43:14,690.6,2026-03-02,5,659.0,0.9542426875181002,put,0.28,0.29,0.285,0.0099999999999999,31.0,568.0,0.2085040087890624
2026-02-25 10:43:14,690.6,2026-03-02,5,660.0,0.9556907037358818,put,0.3,0.31,0.305,0.01,86.0,1544.0,0.2055743505859374
2026-02-25 10:43:14,690.6,2026-03-02,5,661.0,0.9571387199536634,put,0.33,0.34,0.335,0.01,390.0,611.0,0.2036212451171875
2026-02-25 10:43:14,690.6,2026-03-02,5,662.0,0.9585867361714452,put,0.35,0.36,0.355,0.01,280.0,235.0,0.2002033105468749
2026-02-25 10:43:14,690.6,2026-03-02,5,663.0,0.9600347523892268,put,0.4,0.41,0.405,0.0099999999999999,285.0,694.0,0.1997150341796875
2026-02-25 10:43:14,690.6,2026-03-02,5,664.0,0.9614827686070084,put,0.42,0.43,0.425,0.01,103.0,656.0,0.1958088232421875
2026-02-25 10:43:14,690.6,2026-03-02,5,665.0,0.96293078482479,put,0.47,0.48,0.475,0.01,46.0,1041.0,0.1945881323242187
2026-02-25 10:43:14,690.6,2026-03-02,5,666.0,0.9643788010425716,put,0.49,0.5,0.495,0.01,35.0,847.0,0.1903157141113281
2026-02-25 10:43:14,690.6,2026-03-02,5,667.0,0.9658268172603532,put,0.54,0.55,0.545,0.01,67.0,826.0,0.1883626086425781
2026-02-25 10:43:14,690.6,2026-03-02,5,668.0,0.9672748334781348,put,0.62,0.63,0.625,0.01,204.0,867.0,0.1882405395507812
2026-02-25 10:43:14,690.6,2026-03-02,5,669.0,0.9687228496959166,put,0.67,0.69,0.6799999999999999,0.0199999999999999,190.0,742.0,0.1861653649902343
2026-02-25 10:43:14,690.6,2026-03-02,5,670.0,0.9701708659136982,put,0.73,0.74,0.735,0.01,325.0,4295.0,0.1828694995117187
2026-02-25 10:43:14,690.6,2026-03-02,5,671.0,0.9716188821314798,put,0.8,0.81,0.805,0.01,18.0,795.0,0.180672255859375
2026-02-25 10:43:14,690.6,2026-03-02,5,672.0,0.9730668983492616,put,0.86,0.87,0.865,0.01,37.0,638.0,0.1774984594726562
2026-02-25 10:43:14,690.6,2026-03-02,5,673.0,0.9745149145670432,put,0.97,0.99,0.98,0.02,37.0,694.0,0.1772543212890625
2026-02-25 10:43:14,690.6,2026-03-02,5,674.0,0.9759629307848248,put,1.06,1.07,1.065,0.01,294.0,667.0,0.1743246630859375
2026-02-25 10:43:14,690.6,2026-03-02,5,675.0,0.9774109470026064,put,1.14,1.15,1.145,0.01,447.0,2228.0,0.1710287976074219
2026-02-25 10:43:14,690.6,2026-03-02,5,676.0,0.978858963220388,put,1.27,1.28,1.275,0.01,384.0,712.0,0.1696860375976562
2026-02-25 10:43:14,690.6,2026-03-02,5,677.0,0.9803069794381696,put,1.4,1.42,1.41,0.02,175.0,771.0,0.1681601739501953
2026-02-25 10:43:14,690.6,2026-03-02,5,678.0,0.9817549956559514,put,1.49,1.5,1.495,0.01,104.0,887.0,0.1635825830078125
2026-02-25 10:43:14,690.6,2026-03-02,5,679.0,0.9832030118737328,put,1.66,1.67,1.665,0.01,153.0,374.0,0.1622398229980468
2026-02-25 10:43:14,690.6,2026-03-02,5,680.0,0.9846510280915146,put,1.81,1.83,1.82,0.02,942.0,2321.0,0.1599815447998047
2026-02-25 10:43:14,690.6,2026-03-02,5,681.0,0.9860990443092962,put,2.0,2.01,2.005,0.0099999999999997,293.0,942.0,0.1578453356933593
2026-02-25 10:43:14,690.6,2026-03-02,5,682.0,0.987547060527078,put,2.18,2.19,2.185,0.0099999999999997,164.0,1586.0,0.1550987811279297
2026-02-25 10:43:14,690.6,2026-03-02,5,683.0,0.9889950767448596,put,2.34,2.36,2.3499999999999996,0.02,203.0,1025.0,0.1514367083740234
2026-02-25 10:43:14,690.6,2026-03-02,5,684.0,0.9904430929626412,put,2.56,2.57,2.565,0.0099999999999997,599.0,1607.0,0.1485070501708984
2026-02-25 10:43:14,690.6,2026-03-02,5,685.0,0.9918911091804228,put,2.71,2.73,2.72,0.02,2657.0,2476.0,0.1433801483154297
2026-02-25 10:43:14,690.6,2026-03-02,5,686.0,0.9933391253982043,put,3.02,3.04,3.03,0.02,467.0,941.0,0.1422204919433593
2026-02-25 10:43:14,690.6,2026-03-02,5,687.0,0.994787141615986,put,3.29,3.3,3.295,0.0099999999999997,796.0,845.0,0.1388025573730469
2026-02-25 10:43:14,690.6,2026-03-02,5,688.0,0.9962351578337676,put,3.64,3.66,3.65,0.02,616.0,1275.0,0.1375818664550781
2026-02-25 10:43:14,690.6,2026-03-02,5,689.0,0.9976831740515494,put,3.97,3.98,3.975,0.0099999999999997,1294.0,443.0,0.1342860009765625
2026-02-25 10:43:14,690.6,2026-03-02,5,690.0,0.999131190269331,put,4.27,4.29,4.279999999999999,0.0200000000000004,1670.0,854.0,0.1298304791259765
2026-02-25 10:43:14,690.6,2026-03-02,5,691.0,1.0005792064871126,put,4.62,4.64,4.63,0.0199999999999995,4386.0,198.0,0.1256190954589844
2026-02-25 10:43:14,690.6,2026-03-02,5,692.0,1.0020272227048943,put,5.05,5.08,5.0649999999999995,0.0300000000000002,593.0,75.0,0.1228725408935546
2026-02-25 10:43:14,690.6,2026-03-02,5,693.0,1.003475238922676,put,5.46,5.55,5.505,0.0899999999999998,155.0,70.0,0.1199123654174804
2026-02-25 10:43:14,690.6,2026-03-02,5,694.0,1.0049232551404574,put,5.98,6.06,6.02,0.0799999999999991,28.0,114.0,0.1169521899414062
2026-02-25 10:43:14,690.6,2026-03-02,5,695.0,1.0063712713582391,put,6.47,6.56,6.515,0.0899999999999998,328.0,811.0,0.1123135644531249
2026-02-25 10:43:14,690.6,2026-03-02,5,696.0,1.0078192875760208,put,7.03,7.12,7.075,0.0899999999999998,18.0,258.0,0.1080411462402343
2026-02-25 10:43:14,690.6,2026-03-02,5,697.0,1.0092673037938025,put,7.43,7.7,7.565,0.2700000000000004,31.0,6.0,0.1026090716552734
2026-02-25 10:43:14,690.6,2026-03-02,5,698.0,1.0107153200115842,put,8.36,8.54,8.45,0.1799999999999997,33.0,25.0,0.1050504534912109
2026-02-25 10:43:14,690.6,2026-03-02,5,699.0,1.0121633362293658,put,8.77,8.98,8.875,0.2100000000000008,30.0,69.0,0.0886321606445312
2026-02-25 10:43:14,690.6,2026-03-02,5,700.0,1.0136113524471473,put,9.71,9.94,9.825,0.2299999999999986,20.0,337.0,0.0935149243164062
2026-02-25 10:43:14,690.6,2026-03-02,5,701.0,1.015059368664929,put,10.38,10.7,10.54,0.3199999999999985,16.0,10.0,0.0853362951660156
2026-02-25 10:43:14,690.6,2026-03-03,6,670.0,0.9701708659136982,call,21.97,22.16,22.065,0.1900000000000012,17.0,28.0,0.2100909069824218
2026-02-25 10:43:14,690.6,2026-03-03,6,675.0,0.9774109470026064,call,17.45,17.63,17.54,0.1799999999999997,30.0,48.0,0.1932453723144531
2026-02-25 10:43:14,690.6,2026-03-03,6,680.0,0.9846510280915146,call,13.17,13.39,13.28,0.2200000000000006,53.0,309.0,0.179146392211914
2026-02-25 10:43:14,690.6,2026-03-03,6,682.0,0.987547060527078,call,11.68,11.77,11.725,0.0899999999999998,34.0,402.0,0.1731039721679687
2026-02-25 10:43:14,690.6,2026-03-03,6,683.0,0.9889950767448596,call,10.85,10.94,10.895,0.0899999999999998,57.0,461.0,0.1688925885009766
2026-02-25 10:43:14,690.6,2026-03-03,6,684.0,0.9904430929626412,call,10.04,10.13,10.085,0.0900000000000016,30.0,528.0,0.1647422393798828
2026-02-25 10:43:14,690.6,2026-03-03,6,685.0,0.9918911091804228,call,9.36,9.44,9.4,0.08,210.0,1151.0,0.1635825830078125
2026-02-25 10:43:14,690.6,2026-03-03,6,686.0,0.9933391253982043,call,8.59,8.65,8.620000000000001,0.0600000000000005,143.0,929.0,0.1590660266113281
2026-02-25 10:43:14,690.6,2026-03-03,6,687.0,0.994787141615986,call,7.84,7.93,7.885,0.0899999999999998,118.0,1092.0,0.1558922302246093
2026-02-25 10:43:14,690.6,2026-03-03,6,688.0,0.9962351578337676,call,7.2,7.24,7.220000000000001,0.04,122.0,656.0,0.1529625720214844
2026-02-25 10:43:14,690.6,2026-03-03,6,689.0,0.9976831740515494,call,6.5,6.53,6.515000000000001,0.0300000000000002,55.0,659.0,0.1488122229003906
2026-02-25 10:43:14,690.6,2026-03-03,6,690.0,0.999131190269331,call,5.82,5.84,5.83,0.0199999999999995,388.0,1036.0,0.1445398046875
2026-02-25 10:43:14,690.6,2026-03-03,6,691.0,1.0005792064871126,call,5.18,5.2,5.1899999999999995,0.0200000000000004,485.0,362.0,0.1408777319335937
2026-02-25 10:43:14,690.6,2026-03-03,6,692.0,1.0020272227048943,call,4.58,4.6,4.59,0.0199999999999995,436.0,559.0,0.1375208319091797
2026-02-25 10:43:14,690.6,2026-03-03,6,693.0,1.003475238922676,call,4.05,4.07,4.0600000000000005,0.0200000000000004,170.0,492.0,0.1350794500732422
2026-02-25 10:43:14,690.6,2026-03-03,6,694.0,1.0049232551404574,call,3.46,3.47,3.465,0.0100000000000002,301.0,809.0,0.1299525482177734
2026-02-25 10:43:14,690.6,2026-03-03,6,695.0,1.0063712713582391,call,2.93,2.94,2.935,0.0099999999999997,247.0,1004.0,0.1256190954589844
2026-02-25 10:43:14,690.6,2026-03-03,6,696.0,1.0078192875760208,call,2.46,2.48,2.47,0.02,126.0,664.0,0.1221401263427734
2026-02-25 10:43:14,690.6,2026-03-03,6,697.0,1.0092673037938025,call,2.05,2.07,2.0599999999999996,0.02,354.0,621.0,0.1190273645019531
2026-02-25 10:43:14,690.6,2026-03-03,6,698.0,1.0107153200115842,call,1.67,1.68,1.6749999999999998,0.01,180.0,426.0,0.1151821881103515
2026-02-25 10:43:14,690.6,2026-03-03,6,699.0,1.0121633362293658,call,1.3,1.31,1.3050000000000002,0.01,316.0,907.0,0.1104825280761718
2026-02-25 10:43:14,690.6,2026-03-03,6,700.0,1.0136113524471473,call,0.97,0.98,0.975,0.01,922.0,12172.0,0.1054776953125
2026-02-25 10:43:14,690.6,2026-03-03,6,701.0,1.015059368664929,call,0.71,0.73,0.72,0.02,479.0,1960.0,0.1016325189208984
2026-02-25 10:43:14,690.6,2026-03-03,6,702.0,1.0165073848827106,call,0.52,0.53,0.525,0.01,122.0,3233.0,0.0981535498046875
2026-02-25 10:43:14,690.6,2026-03-03,6,703.0,1.0179554011004923,call,0.35,0.36,0.355,0.01,253.0,4378.0,0.0938811315917968
2026-02-25 10:43:14,690.6,2026-03-03,6,704.0,1.019403417318274,call,0.23,0.24,0.235,0.0099999999999999,90.0,2232.0,0.0905852661132812
2026-02-25 10:43:14,690.6,2026-03-03,6,705.0,1.0208514335360557,call,0.16,0.17,0.165,0.01,51.0,2923.0,0.0891204370117187
2026-02-25 10:43:14,690.6,2026-03-03,6,706.0,1.0222994497538371,call,0.09,0.1,0.095,0.01,580.0,1622.0,0.0852142260742187
2026-02-25 10:43:14,690.6,2026-03-03,6,707.0,1.0237474659716188,call,0.06,0.07,0.065,0.01,38.0,826.0,0.0844818115234375
2026-02-25 10:43:14,690.6,2026-03-03,6,708.0,1.0251954821894005,call,0.04,0.05,0.045,0.01,183.0,3828.0,0.0844818115234375
2026-02-25 10:43:14,690.6,2026-03-03,6,709.0,1.0266434984071822,call,0.03,0.04,0.035,0.01,61.0,404.0,0.085946640625
2026-02-25 10:43:14,690.6,2026-03-03,6,710.0,1.0280915146249638,call,0.02,0.03,0.025,0.0099999999999999,285.0,2248.0,0.0864349169921875
2026-02-25 10:43:14,690.6,2026-03-03,6,711.0,1.0295395308427453,call,0.02,0.03,0.025,0.0099999999999999,74.0,472.0,0.0903411279296875
2026-02-25 10:43:14,690.6,2026-03-03,6,712.0,1.030987547060527,call,0.01,0.02,0.015,0.01,83.0,407.0,0.0898528515625
2026-02-25 10:43:14,690.6,2026-03-03,6,714.0,1.0338835794960903,call,0.01,0.02,0.015,0.01,194.0,254.0,0.096688720703125
2026-02-25 10:43:14,690.6,2026-03-03,6,716.0,1.0367796119316537,call,0.01,0.02,0.015,0.01,12.0,28.0,0.1035245898437499
2026-02-25 10:43:14,690.6,2026-03-03,6,560.0,0.8108890819577179,put,0.01,0.02,0.015,0.01,175.0,361.0,0.500005
2026-02-25 10:43:14,690.6,2026-03-03,6,565.0,0.8181291630466261,put,0.01,0.02,0.015,0.01,10.0,411.0,0.492192578125
2026-02-25 10:43:14,690.6,2026-03-03,6,570.0,0.8253692441355343,put,0.01,0.02,0.015,0.01,180.0,181.0,0.4726615234375
2026-02-25 10:43:14,690.6,2026-03-03,6,590.0,0.854329568491167,put,0.02,0.03,0.025,0.0099999999999999,20.0,342.0,0.4101621484375
2026-02-25 10:43:14,690.6,2026-03-03,6,595.0,0.8615696495800753,put,0.02,0.03,0.025,0.0099999999999999,26.0,299.0,0.39063109375
2026-02-25 10:43:14,690.6,2026-03-03,6,600.0,0.8688097306689835,put,0.03,0.04,0.035,0.01,12.0,288.0,0.3808655664062499
2026-02-25 10:43:14,690.6,2026-03-03,6,620.0,0.8977700550246163,put,0.05,0.06,0.055,0.0099999999999999,28.0,2434.0,0.313483427734375
2026-02-25 10:43:14,690.6,2026-03-03,6,630.0,0.9122502172024326,put,0.08,0.09,0.0849999999999999,0.0099999999999999,223.0,3577.0,0.2861399511718749
2026-02-25 10:43:14,690.6,2026-03-03,6,635.0,0.9194902982913408,put,0.1,0.11,0.105,0.0099999999999999,38.0,1387.0,0.27149166015625
2026-02-25 10:43:14,690.6,2026-03-03,6,640.0,0.926730379380249,put,0.12,0.13,0.125,0.01,16.0,4647.0,0.254890263671875
2026-02-25 10:43:14,690.6,2026-03-03,6,645.0,0.9339704604691572,put,0.16,0.17,0.165,0.01,22.0,4125.0,0.2417068017578125
2026-02-25 10:43:14,690.6,2026-03-03,6,650.0,0.9412105415580654,put,0.22,0.23,0.225,0.01,164.0,1366.0,0.229499892578125
2026-02-25 10:43:14,690.6,2026-03-03,6,652.0,0.9441065739936289,put,0.25,0.26,0.255,0.01,130.0,594.0,0.2243729907226562
2026-02-25 10:43:14,690.6,2026-03-03,6,653.0,0.9455545902114104,put,0.27,0.28,0.275,0.01,120.0,559.0,0.2221757470703124
2026-02-25 10:43:14,690.6,2026-03-03,6,655.0,0.9484506226469736,put,0.32,0.33,0.325,0.01,258.0,8035.0,0.2187578124999999
2026-02-25 10:43:14,690.6,2026-03-03,6,657.0,0.9513466550825368,put,0.37,0.38,0.375,0.01,141.0,619.0,0.2141191870117187
2026-02-25 10:43:14,690.6,2026-03-03,6,658.0,0.9527946713003186,put,0.4,0.41,0.405,0.0099999999999999,25.0,663.0,0.2121660815429687
2026-02-25 10:43:14,690.6,2026-03-03,6,659.0,0.9542426875181002,put,0.41,0.42,0.415,0.01,121.0,943.0,0.2077715942382812
2026-02-25 10:43:14,690.6,2026-03-03,6,660.0,0.9556907037358818,put,0.45,0.46,0.455,0.01,281.0,112662.0,0.2063067651367187
2026-02-25 10:43:14,690.6,2026-03-03,6,662.0,0.9585867361714452,put,0.56,0.57,0.565,0.0099999999999998,111.0,823.0,0.2047198669433593
2026-02-25 10:43:14,690.6,2026-03-03,6,664.0,0.9614827686070084,put,0.63,0.65,0.64,0.02,12.0,612.0,0.1994708959960937
2026-02-25 10:43:14,690.6,2026-03-03,6,665.0,0.96293078482479,put,0.69,0.7,0.695,0.01,39.0,668.0,0.1971515832519531
2026-02-25 10:43:14,690.6,2026-03-03,6,666.0,0.9643788010425716,put,0.74,0.75,0.745,0.01,382.0,216.0,0.1945881323242187
2026-02-25 10:43:14,690.6,2026-03-03,6,667.0,0.9658268172603532,put,0.8,0.81,0.805,0.01,103.0,568.0,0.192390888671875
2026-02-25 10:43:14,690.6,2026-03-03,6,668.0,0.9672748334781348,put,0.86,0.87,0.865,0.01,224.0,494.0,0.1898274377441406
2026-02-25 10:43:14,690.6,2026-03-03,6,669.0,0.9687228496959166,put,0.94,0.96,0.95,0.02,428.0,430.0,0.1887288159179687
2026-02-25 10:43:14,690.6,2026-03-03,6,670.0,0.9701708659136982,put,1.03,1.04,1.035,0.01,153.0,2945.0,0.1866536413574218
2026-02-25 10:43:14,690.6,2026-03-03,6,671.0,0.9716188821314798,put,1.12,1.13,1.125,0.0099999999999997,134.0,841.0,0.1847005358886718
2026-02-25 10:43:14,690.6,2026-03-03,6,672.0,0.9730668983492616,put,1.21,1.22,1.215,0.01,74.0,882.0,0.1823812231445312
2026-02-25 10:43:14,690.6,2026-03-03,6,673.0,0.9745149145670432,put,1.3,1.32,1.31,0.02,130.0,984.0,0.1801839794921875
2026-02-25 10:43:14,690.6,2026-03-03,6,674.0,0.9759629307848248,put,1.4,1.41,1.4049999999999998,0.01,163.0,603.0,0.1771322521972656
2026-02-25 10:43:14,690.6,2026-03-03,6,675.0,0.9774109470026064,put,1.54,1.55,1.545,0.01,537.0,120110.0,0.1759115612792968
2026-02-25 10:43:14,690.6,2026-03-03,6,676.0,0.978858963220388,put,1.65,1.66,1.6549999999999998,0.01,94.0,1066.0,0.1729819030761719
2026-02-25 10:43:14,690.6,2026-03-03,6,677.0,0.9803069794381696,put,1.8,1.81,1.805,0.01,376.0,1378.0,0.1711508666992187
2026-02-25 10:43:14,690.6,2026-03-03,6,678.0,0.9817549956559514,put,1.94,1.95,1.945,0.01,54.0,1014.0,0.1685874157714844
2026-02-25 10:43:14,690.6,2026-03-03,6,679.0,0.9832030118737328,put,2.08,2.1,2.09,0.02,75.0,421.0,0.1659018957519531
2026-02-25 10:43:14,690.6,2026-03-03,6,680.0,0.9846510280915146,put,2.27,2.28,2.275,0.0099999999999997,572.0,2202.0,0.1638267211914063
2026-02-25 10:43:14,690.6,2026-03-03,6,681.0,0.9860990443092962,put,2.45,2.46,2.455,0.0099999999999997,85.0,658.0,0.1612022357177734
2026-02-25 10:43:14,690.6,2026-03-03,6,682.0,0.987547060527078,put,2.61,2.62,2.615,0.0100000000000002,77.0,759.0,0.1575401629638672
2026-02-25 10:43:14,690.6,2026-03-03,6,683.0,0.9889950767448596,put,2.85,2.87,2.8600000000000003,0.02,210.0,662.0,0.1560753338623047
2026-02-25 10:43:14,690.6,2026-03-03,6,684.0,0.9904430929626412,put,3.03,3.05,3.04,0.02,211.0,887.0,0.1520470538330078
2026-02-25 10:43:14,690.6,2026-03-03,6,685.0,0.9918911091804228,put,3.31,3.32,3.315,0.0099999999999997,1155.0,1137.0,0.1500329138183594
2026-02-25 10:43:14,690.6,2026-03-03,6,686.0,0.9933391253982043,put,3.45,3.48,3.465,0.0299999999999998,3638.0,740.0,0.1444177355957031
2026-02-25 10:43:14,690.6,2026-03-03,6,687.0,0.994787141615986,put,3.77,3.79,3.78,0.02,430.0,896.0,0.1423425610351562
2026-02-25 10:43:14,690.6,2026-03-03,6,688.0,0.9962351578337676,put,4.08,4.1,4.09,0.0199999999999995,339.0,959.0,0.1395960064697265
2026-02-25 10:43:14,690.6,2026-03-03,6,689.0,0.9976831740515494,put,4.45,4.48,4.465,0.0300000000000002,75.0,852.0,0.1380091082763672
2026-02-25 10:43:14,690.6,2026-03-03,6,690.0,0.999131190269331,put,4.79,4.81,4.8,0.0199999999999995,770.0,261.0,0.1343470355224609
2026-02-25 10:43:14,690.6,2026-03-03,6,691.0,1.0005792064871126,put,5.14,5.16,5.15,0.0200000000000004,700.0,117.0,0.1304408245849609
2026-02-25 10:43:14,690.6,2026-03-03,6,692.0,1.0020272227048943,put,5.5,5.52,5.51,0.0199999999999995,230.0,56.0,0.1259242681884765
2026-02-25 10:43:14,690.6,2026-03-03,6,693.0,1.003475238922676,put,5.96,6.07,6.015000000000001,0.1100000000000003,105.0,25.0,0.1255580609130859
2026-02-25 10:43:14,690.6,2026-03-03,6,695.0,1.0063712713582391,put,6.84,6.94,6.890000000000001,0.1000000000000005,137.0,81.0,0.1155483953857422
2026-02-25 10:43:14,690.6,2026-03-03,6,697.0,1.0092673037938025,put,7.97,8.13,8.05,0.160000000000001,25.0,6.0,0.109811148071289
2026-02-25 10:43:14,690.6,2026-03-03,6,698.0,1.0107153200115842,put,8.58,8.74,8.66,0.1600000000000001,362.0,10.0,0.1052945916748046
2026-02-25 10:43:14,690.6,2026-03-03,6,703.0,1.0179554011004923,put,12.46,12.63,12.545000000000002,0.1699999999999999,19.0,1.0,0.0876556079101562
2026-02-25 10:43:14,690.6,2026-03-04,7,676.0,0.978858963220388,call,16.9,17.21,17.055,0.3100000000000023,11.0,44.0,0.1942829595947265
2026-02-25 10:43:14,690.6,2026-03-04,7,677.0,0.9803069794381696,call,16.2,16.48,16.34,0.2800000000000011,39.0,64.0,0.1951984777832031
2026-02-25 10:43:14,690.6,2026-03-04,7,680.0,0.9846510280915146,call,13.7,13.89,13.795,0.1900000000000012,54.0,159.0,0.1831746722412109
2026-02-25 10:43:14,690.6,2026-03-04,7,681.0,0.9860990443092962,call,12.9,13.12,13.01,0.2199999999999988,18.0,291.0,0.1812826013183593
2026-02-25 10:43:14,690.6,2026-03-04,7,682.0,0.987547060527078,call,12.08,12.3,12.19,0.2200000000000006,27.0,269.0,0.1775594940185547
2026-02-25 10:43:14,690.6,2026-03-04,7,683.0,0.9889950767448596,call,11.25,11.4,11.325,0.1500000000000003,10.0,496.0,0.1712729357910156
2026-02-25 10:43:14,690.6,2026-03-04,7,684.0,0.9904430929626412,call,10.53,10.74,10.635,0.2100000000000008,10.0,511.0,0.1710898321533203
2026-02-25 10:43:14,690.6,2026-03-04,7,685.0,0.9918911091804228,call,9.87,10.02,9.945,0.1500000000000003,25.0,867.0,0.1688315539550781
2026-02-25 10:43:14,690.6,2026-03-04,7,687.0,0.994787141615986,call,8.37,8.49,8.43,0.120000000000001,53.0,1040.0,0.1605613729858398
2026-02-25 10:43:14,690.6,2026-03-04,7,688.0,0.9962351578337676,call,7.67,7.84,7.755,0.1699999999999999,138.0,584.0,0.1585777502441406
2026-02-25 10:43:14,690.6,2026-03-04,7,689.0,0.9976831740515494,call,7.02,7.24,7.13,0.2200000000000006,74.0,307.0,0.1572960247802734
2026-02-25 10:43:14,690.6,2026-03-04,7,690.0,0.999131190269331,call,6.39,6.42,6.404999999999999,0.0300000000000002,393.0,1425.0,0.1499718792724609
2026-02-25 10:43:14,690.6,2026-03-04,7,691.0,1.0005792064871126,call,5.82,5.83,5.825,0.0099999999999997,611.0,387.0,0.1477136010742187
2026-02-25 10:43:14,690.6,2026-03-04,7,692.0,1.0020272227048943,call,5.12,5.14,5.13,0.0199999999999995,491.0,1090.0,0.1423425610351562
2026-02-25 10:43:14,690.6,2026-03-04,7,693.0,1.003475238922676,call,4.63,4.64,4.635,0.0099999999999997,245.0,445.0,0.1409692837524414
2026-02-25 10:43:14,690.6,2026-03-04,7,694.0,1.0049232551404574,call,4.06,4.08,4.07,0.0200000000000004,169.0,580.0,0.1373377282714844
2026-02-25 10:43:14,690.6,2026-03-04,7,695.0,1.0063712713582391,call,3.52,3.54,3.53,0.02,113.0,1629.0,0.1334315173339843
2026-02-25 10:43:14,690.6,2026-03-04,7,696.0,1.0078192875760208,call,2.98,3.0,2.99,0.02,69.0,306.0,0.1285792709350585
2026-02-25 10:43:14,690.6,2026-03-04,7,697.0,1.0092673037938025,call,2.51,2.52,2.5149999999999997,0.0100000000000002,227.0,413.0,0.1242763354492187
2026-02-25 10:43:14,690.6,2026-03-04,7,698.0,1.0107153200115842,call,2.1,2.12,2.1100000000000003,0.02,712.0,639.0,0.1211635736083984
2026-02-25 10:43:14,690.6,2026-03-04,7,699.0,1.0121633362293658,call,1.75,1.76,1.755,0.01,169.0,274.0,0.1180508117675781
2026-02-25 10:43:14,690.6,2026-03-04,7,700.0,1.0136113524471473,call,1.37,1.39,1.38,0.0199999999999997,702.0,1682.0,0.1134121862792968
2026-02-25 10:43:14,690.6,2026-03-04,7,701.0,1.015059368664929,call,1.09,1.1,1.0950000000000002,0.01,78.0,411.0,0.1099332171630859
2026-02-25 10:43:14,690.6,2026-03-04,7,702.0,1.0165073848827106,call,0.84,0.85,0.845,0.01,307.0,657.0,0.1065152825927734
2026-02-25 10:43:14,690.6,2026-03-04,7,703.0,1.0179554011004923,call,0.6,0.61,0.605,0.01,573.0,3958.0,0.1016935534667968
2026-02-25 10:43:14,690.6,2026-03-04,7,704.0,1.019403417318274,call,0.45,0.46,0.455,0.01,235.0,1719.0,0.0993742407226562
2026-02-25 10:43:14,690.6,2026-03-04,7,705.0,1.0208514335360557,call,0.3,0.31,0.305,0.01,583.0,2037.0,0.0949797534179687
2026-02-25 10:43:14,690.6,2026-03-04,7,706.0,1.0222994497538371,call,0.2,0.21,0.205,0.0099999999999999,233.0,1029.0,0.09180595703125
2026-02-25 10:43:14,690.6,2026-03-04,7,707.0,1.0237474659716188,call,0.14,0.15,0.145,0.0099999999999999,215.0,1002.0,0.0903411279296875
2026-02-25 10:43:14,690.6,2026-03-04,7,708.0,1.0251954821894005,call,0.09,0.1,0.095,0.01,24.0,3693.0,0.0883880224609375
2026-02-25 10:43:14,690.6,2026-03-04,7,710.0,1.0280915146249638,call,0.04,0.05,0.045,0.01,100.0,415.0,0.086923193359375
2026-02-25 10:43:14,690.6,2026-03-04,7,715.0,1.035331595713872,call,0.01,0.02,0.015,0.01,10.0,1158.0,0.0937590625
2026-02-25 10:43:14,690.6,2026-03-04,7,716.0,1.0367796119316537,call,0.01,0.02,0.015,0.01,69.0,69.0,0.0976652734375
2026-02-25 10:43:14,690.6,2026-03-04,7,720.0,1.0425716768027802,call,0.01,0.02,0.015,0.01,35.0,146.0,0.1103604589843749
2026-02-25 10:43:14,690.6,2026-03-04,7,540.0,0.7819287576020851,put,0.01,0.02,0.015,0.01,260.0,1561.0,0.5429733203125001
2026-02-25 10:43:14,690.6,2026-03-04,7,545.0,0.7891688386909933,put,0.01,0.02,0.015,0.01,315.0,584.0,0.523442265625
2026-02-25 10:43:14,690.6,2026-03-04,7,550.0,0.7964089197799015,put,0.01,0.02,0.015,0.01,120.0,555.0,0.5039112109375
2026-02-25 10:43:14,690.6,2026-03-04,7,555.0,0.8036490008688097,put,0.01,0.02,0.015,0.01,100.0,159.0,0.500005
2026-02-25 10:43:14,690.6,2026-03-04,7,560.0,0.8108890819577179,put,0.01,0.02,0.015,0.01,10.0,2206.0,0.4804739453125
2026-02-25 10:43:14,690.6,2026-03-04,7,565.0,0.8181291630466261,put,0.02,0.03,0.025,0.0099999999999999,55.0,75.0,0.47852083984375
2026-02-25 10:43:14,690.6,2026-03-04,7,570.0,0.8253692441355343,put,0.02,0.03,0.025,0.0099999999999999,35.0,202.0,0.45898978515625
2026-02-25 10:43:14,690.6,2026-03-04,7,585.0,0.8470894874022589,put,0.03,0.04,0.035,0.01,45.0,25.0,0.414068359375
2026-02-25 10:43:14,690.6,2026-03-04,7,590.0,0.854329568491167,put,0.03,0.04,0.035,0.01,23.0,71.0,0.3945373046875
2026-02-25 10:43:14,690.6,2026-03-04,7,595.0,0.8615696495800753,put,0.04,0.05,0.045,0.01,38.0,4.0,0.3847717773437499
2026-02-25 10:43:14,690.6,2026-03-04,7,600.0,0.8688097306689835,put,0.04,0.05,0.045,0.01,96.0,99.0,0.36524072265625
2026-02-25 10:43:14,690.6,2026-03-04,7,605.0,0.8760498117578916,put,0.05,0.06,0.055,0.0099999999999999,10.0,522.0,0.3515689843749999
2026-02-25 10:43:14,690.6,2026-03-04,7,610.0,0.8832898928467998,put,0.06,0.07,0.065,0.01,20.0,298.0,0.33789724609375
2026-02-25 10:43:14,690.6,2026-03-04,7,615.0,0.8905299739357081,put,0.07,0.08,0.075,0.0099999999999999,11.0,1090.0,0.3232489550781249
2026-02-25 10:43:14,690.6,2026-03-04,7,620.0,0.8977700550246163,put,0.08,0.09,0.0849999999999999,0.0099999999999999,1081.0,914.0,0.3076241113281249
2026-02-25 10:43:14,690.6,2026-03-04,7,625.0,0.9050101361135244,put,0.1,0.11,0.105,0.0099999999999999,60.0,731.0,0.2949289257812499
2026-02-25 10:43:14,690.6,2026-03-04,7,630.0,0.9122502172024326,put,0.12,0.13,0.125,0.01,70.0,781.0,0.2807689111328124
2026-02-25 10:43:14,690.6,2026-03-04,7,635.0,0.9194902982913408,put,0.15,0.16,0.155,0.01,49.0,673.0,0.2670971728515625
2026-02-25 10:43:14,690.6,2026-03-04,7,640.0,0.926730379380249,put,0.2,0.21,0.205,0.0099999999999999,54.0,342.0,0.2561109545898438
2026-02-25 10:43:14,690.6,2026-03-04,7,645.0,0.9339704604691572,put,0.25,0.26,0.255,0.01,254.0,722.0,0.242195078125
2026-02-25 10:43:14,690.6,2026-03-04,7,650.0,0.9412105415580654,put,0.35,0.36,0.355,0.01,114.0,3533.0,0.2321854125976562
2026-02-25 10:43:14,690.6,2026-03-04,7,651.0,0.9426585577758472,put,0.36,0.37,0.365,0.01,36.0,257.0,0.22852333984375
2026-02-25 10:43:14,690.6,2026-03-04,7,653.0,0.9455545902114104,put,0.41,0.42,0.415,0.01,135.0,319.0,0.2241288525390624
2026-02-25 10:43:14,690.6,2026-03-04,7,654.0,0.947002606429192,put,0.43,0.44,0.435,0.01,34.0,320.0,0.2211991943359375
2026-02-25 10:43:14,690.6,2026-03-04,7,655.0,0.9484506226469736,put,0.47,0.48,0.475,0.01,95.0,3533.0,0.2199785034179687
2026-02-25 10:43:14,690.6,2026-03-04,7,656.0,0.9498986388647552,put,0.49,0.5,0.495,0.01,13.0,210.0,0.21680470703125
2026-02-25 10:43:14,690.6,2026-03-04,7,657.0,0.9513466550825368,put,0.54,0.55,0.545,0.01,14.0,136.0,0.2160722924804687
2026-02-25 10:43:14,690.6,2026-03-04,7,658.0,0.9527946713003186,put,0.57,0.58,0.575,0.01,46.0,205.0,0.2132647033691406
2026-02-25 10:43:14,690.6,2026-03-04,7,659.0,0.9542426875181002,put,0.62,0.63,0.625,0.01,67.0,13702.0,0.2119219433593749
2026-02-25 10:43:14,690.6,2026-03-04,7,660.0,0.9556907037358818,put,0.65,0.66,0.655,0.01,93.0,889.0,0.2087481469726562
2026-02-25 10:43:14,690.6,2026-03-04,7,662.0,0.9585867361714452,put,0.76,0.77,0.765,0.01,52.0,46.0,0.2054522814941406
2026-02-25 10:43:14,690.6,2026-03-04,7,663.0,0.9600347523892268,put,0.81,0.83,0.8200000000000001,0.0199999999999999,91.0,215.0,0.2037433142089843
2026-02-25 10:43:14,690.6,2026-03-04,7,665.0,0.96293078482479,put,0.92,0.94,0.93,0.0199999999999999,126.0,671.0,0.1987384814453124
2026-02-25 10:43:14,690.6,2026-03-04,7,666.0,0.9643788010425716,put,1.0,1.01,1.005,0.01,42.0,100.0,0.1967853759765624
2026-02-25 10:43:14,690.6,2026-03-04,7,667.0,0.9658268172603532,put,1.07,1.08,1.0750000000000002,0.01,46.0,255.0,0.1945270977783203
2026-02-25 10:43:14,690.6,2026-03-04,7,669.0,0.9687228496959166,put,1.25,1.26,1.255,0.01,36.0,204.0,0.1911091632080078
2026-02-25 10:43:14,690.6,2026-03-04,7,670.0,0.9701708659136982,put,1.33,1.35,1.34,0.02,352.0,1083.0,0.188911919555664
2026-02-25 10:43:14,690.6,2026-03-04,7,671.0,0.9716188821314798,put,1.44,1.46,1.45,0.02,383.0,190.0,0.1872639868164062
2026-02-25 10:43:14,690.6,2026-03-04,7,672.0,0.9730668983492616,put,1.55,1.56,1.5550000000000002,0.01,198.0,240.0,0.1848226049804687
2026-02-25 10:43:14,690.6,2026-03-04,7,673.0,0.9745149145670432,put,1.65,1.66,1.6549999999999998,0.01,166.0,240.0,0.1821370849609375
2026-02-25 10:43:14,690.6,2026-03-04,7,674.0,0.9759629307848248,put,1.78,1.79,1.785,0.01,151.0,692.0,0.1803060485839843
2026-02-25 10:43:14,690.6,2026-03-04,7,675.0,0.9774109470026064,put,1.87,1.89,1.88,0.0199999999999997,448.0,1033.0,0.1769491485595703
2026-02-25 10:43:14,690.6,2026-03-04,7,676.0,0.978858963220388,put,1.99,2.01,2.0,0.0199999999999997,148.0,510.0,0.1740805249023437
2026-02-25 10:43:14,690.6,2026-03-04,7,677.0,0.9803069794381696,put,2.13,2.15,2.1399999999999997,0.02,156.0,586.0,0.1715781085205078
2026-02-25 10:43:14,690.6,2026-03-04,7,678.0,0.9817549956559514,put,2.36,2.37,2.365,0.0100000000000002,556.0,382.0,0.1712729357910156
2026-02-25 10:43:14,690.6,2026-03-04,7,679.0,0.9832030118737328,put,2.51,2.52,2.5149999999999997,0.0100000000000002,175.0,258.0,0.1682212084960938
2026-02-25 10:43:14,690.6,2026-03-04,7,680.0,0.9846510280915146,put,2.67,2.68,2.675,0.0100000000000002,546.0,1427.0,0.1651694812011719
2026-02-25 10:43:14,690.6,2026-03-04,7,681.0,0.9860990443092962,put,2.86,2.88,2.87,0.02,498.0,267.0,0.1629112030029297
2026-02-25 10:43:14,690.6,2026-03-04,7,682.0,0.987547060527078,put,3.05,3.07,3.0599999999999996,0.02,137.0,378.0,0.1599510275268554
2026-02-25 10:43:14,690.6,2026-03-04,7,683.0,0.9889950767448596,put,3.25,3.27,3.26,0.02,125.0,497.0,0.1568077484130859
2026-02-25 10:43:14,690.6,2026-03-04,7,684.0,0.9904430929626412,put,3.5,3.52,3.51,0.02,102.0,504.0,0.1546105047607422
2026-02-25 10:43:14,690.6,2026-03-04,7,685.0,0.9918911091804228,put,3.78,3.8,3.79,0.02,701.0,1506.0,0.1526879165649414
2026-02-25 10:43:14,690.6,2026-03-04,7,686.0,0.9933391253982043,put,4.06,4.07,4.0649999999999995,0.0100000000000006,162.0,464.0,0.1499718792724609
2026-02-25 10:43:14,690.6,2026-03-04,7,687.0,0.994787141615986,put,4.32,4.34,4.33,0.0199999999999995,165.0,535.0,0.1467370483398437
2026-02-25 10:43:14,690.6,2026-03-04,7,688.0,0.9962351578337676,put,4.61,4.63,4.62,0.0199999999999995,148.0,330.0,0.1434411828613281
2026-02-25 10:43:14,690.6,2026-03-04,7,689.0,0.9976831740515494,put,4.91,4.93,4.92,0.0199999999999995,606.0,297.0,0.1397791101074219
2026-02-25 10:43:14,690.6,2026-03-04,7,690.0,0.999131190269331,put,5.25,5.27,5.26,0.0199999999999995,1593.0,282.0,0.1365137619018555
2026-02-25 10:43:14,690.6,2026-03-04,7,691.0,1.0005792064871126,put,5.68,5.7,5.6899999999999995,0.0200000000000004,355.0,69.0,0.13477427734375
2026-02-25 10:43:14,690.6,2026-03-04,7,692.0,1.0020272227048943,put,5.99,6.01,6.0,0.0199999999999995,234.0,68.0,0.129342202758789
2026-02-25 10:43:14,690.6,2026-03-04,7,693.0,1.003475238922676,put,6.43,6.58,6.505,0.1500000000000003,123.0,26.0,0.1295863409423828
2026-02-25 10:43:14,690.6,2026-03-04,7,694.0,1.0049232551404574,put,6.81,6.97,6.89,0.1600000000000001,28.0,8.0,0.1245204736328125
2026-02-25 10:43:14,690.6,2026-03-04,7,695.0,1.0063712713582391,put,7.16,7.35,7.255,0.1899999999999995,38.0,19.0,0.118172880859375
2026-02-25 10:43:14,690.6,2026-03-05,8,675.0,0.9774109470026064,call,18.3,18.54,18.42,0.2399999999999984,14.0,55.0,0.1995319305419922
2026-02-25 10:43:14,690.6,2026-03-05,8,679.0,0.9832030118737328,call,15.04,15.22,15.13,0.1800000000000015,27.0,47.0,0.188911919555664
2026-02-25 10:43:14,690.6,2026-03-05,8,680.0,0.9846510280915146,call,14.07,14.26,14.165,0.1899999999999995,11.0,966.0,0.1820150158691406
2026-02-25 10:43:14,690.6,2026-03-05,8,683.0,0.9889950767448596,call,11.88,12.02,11.95,0.1399999999999988,64.0,244.0,0.1765219067382812
2026-02-25 10:43:14,690.6,2026-03-05,8,684.0,0.9904430929626412,call,11.04,11.24,11.14,0.200000000000001,15.0,235.0,0.1731039721679687
2026-02-25 10:43:14,690.6,2026-03-05,8,685.0,0.9918911091804228,call,10.3,10.5,10.4,0.1999999999999993,21.0,420.0,0.1702963830566406
2026-02-25 10:43:14,690.6,2026-03-05,8,689.0,0.9976831740515494,call,7.55,7.69,7.62,0.1400000000000005,19.0,275.0,0.1582420602416992
2026-02-25 10:43:14,690.6,2026-03-05,8,690.0,0.999131190269331,call,6.95,6.97,6.96,0.0199999999999995,179.0,958.0,0.1536339520263672
2026-02-25 10:43:14,690.6,2026-03-05,8,691.0,1.0005792064871126,call,6.24,6.27,6.255,0.0299999999999993,231.0,250.0,0.1489953265380859
2026-02-25 10:43:14,690.6,2026-03-05,8,692.0,1.0020272227048943,call,5.61,5.64,5.625,0.0299999999999993,160.0,445.0,0.1453942883300781
2026-02-25 10:43:14,690.6,2026-03-05,8,693.0,1.003475238922676,call,5.03,5.05,5.04,0.0199999999999995,109.0,416.0,0.1420984228515625
2026-02-25 10:43:14,690.6,2026-03-05,8,694.0,1.0049232551404574,call,4.47,4.49,4.48,0.0200000000000004,13.0,245.0,0.1388025573730469
2026-02-25 10:43:14,690.6,2026-03-05,8,695.0,1.0063712713582391,call,4.01,4.03,4.02,0.0200000000000004,229.0,1328.0,0.1372766937255859
2026-02-25 10:43:14,690.6,2026-03-05,8,696.0,1.0078192875760208,call,3.41,3.43,3.42,0.02,42.0,638.0,0.1315394464111328
2026-02-25 10:43:14,690.6,2026-03-05,8,697.0,1.0092673037938025,call,2.93,2.95,2.9400000000000004,0.02,65.0,481.0,0.127938408203125
2026-02-25 10:43:14,690.6,2026-03-05,8,698.0,1.0107153200115842,call,2.53,2.55,2.54,0.02,137.0,332.0,0.1254970263671875
2026-02-25 10:43:14,690.6,2026-03-05,8,699.0,1.0121633362293658,call,2.08,2.09,2.085,0.0099999999999997,178.0,249.0,0.1204616763305664
2026-02-25 10:43:14,690.6,2026-03-05,8,700.0,1.0136113524471473,call,1.74,1.76,1.75,0.02,258.0,459.0,0.1179897772216796
2026-02-25 10:43:14,690.6,2026-03-05,8,701.0,1.015059368664929,call,1.38,1.39,1.3849999999999998,0.01,304.0,697.0,0.1131680480957031
2026-02-25 10:43:14,690.6,2026-03-05,8,702.0,1.0165073848827106,call,1.09,1.1,1.0950000000000002,0.01,138.0,559.0,0.1095670098876953
2026-02-25 10:43:14,690.6,2026-03-05,8,703.0,1.0179554011004923,call,0.86,0.87,0.865,0.01,303.0,490.0,0.1067594207763672
2026-02-25 10:43:14,690.6,2026-03-05,8,704.0,1.019403417318274,call,0.66,0.67,0.665,0.01,233.0,321.0,0.1037687280273437
2026-02-25 10:43:14,690.6,2026-03-05,8,705.0,1.0208514335360557,call,0.48,0.49,0.485,0.01,137.0,1196.0,0.1001066552734375
2026-02-25 10:43:14,690.6,2026-03-05,8,706.0,1.0222994497538371,call,0.35,0.36,0.355,0.01,36.0,253.0,0.0974211352539062
2026-02-25 10:43:14,690.6,2026-03-05,8,707.0,1.0237474659716188,call,0.23,0.24,0.235,0.0099999999999999,3859.0,139.0,0.0933928552246093
2026-02-25 10:43:14,690.6,2026-03-05,8,708.0,1.0251954821894005,call,0.17,0.18,0.175,0.0099999999999999,33.0,163.0,0.0922942333984375
2026-02-25 10:43:14,690.6,2026-03-05,8,709.0,1.0266434984071822,call,0.12,0.13,0.125,0.01,14.0,276.0,0.0910735424804687
2026-02-25 10:43:14,690.6,2026-03-05,8,710.0,1.0280915146249638,call,0.08,0.09,0.0849999999999999,0.0099999999999999,16.0,1538.0,0.0893645751953125
2026-02-25 10:43:14,690.6,2026-03-05,8,711.0,1.0295395308427453,call,0.06,0.07,0.065,0.01,29.0,81.0,0.0893645751953125
2026-02-25 10:43:14,690.6,2026-03-05,8,713.0,1.0324355632783089,call,0.03,0.04,0.035,0.01,98.0,197.0,0.0898528515625
2026-02-25 10:43:14,690.6,2026-03-05,8,718.0,1.0396756443672168,call,0.01,0.02,0.015,0.01,29.0,111.0,0.0976652734375
2026-02-25 10:43:14,690.6,2026-03-05,8,726.0,1.05125977410947,call,0.01,0.02,0.015,0.01,15.0,15.0,0.122079091796875
2026-02-25 10:43:14,690.6,2026-03-05,8,728.0,1.0541558065450334,call,0.01,0.02,0.015,0.01,21.0,21.0,0.1289149609375
2026-02-25 10:43:14,690.6,2026-03-05,8,520.0,0.7529684332464524,put,0.01,0.02,0.015,0.01,134.0,144.0,0.585941640625
2026-02-25 10:43:14,690.6,2026-03-05,8,545.0,0.7891688386909933,put,0.01,0.02,0.015,0.01,16.0,205.0,0.507817421875
2026-02-25 10:43:14,690.6,2026-03-05,8,550.0,0.7964089197799015,put,0.02,0.03,0.025,0.0099999999999999,166.0,1385.0,0.507817421875
2026-02-25 10:43:14,690.6,2026-03-05,8,555.0,0.8036490008688097,put,0.02,0.03,0.025,0.0099999999999999,339.0,339.0,0.4882863671875
2026-02-25 10:43:14,690.6,2026-03-05,8,565.0,0.8181291630466261,put,0.03,0.04,0.035,0.01,25.0,872.0,0.4648491015625
2026-02-25 10:43:14,690.6,2026-03-05,8,570.0,0.8253692441355343,put,0.03,0.04,0.035,0.01,32.0,1311.0,0.445318046875
2026-02-25 10:43:14,690.6,2026-03-05,8,580.0,0.8398494063133507,put,0.04,0.05,0.045,0.01,103.0,2103.0,0.4179745703124999
2026-02-25 10:43:14,690.6,2026-03-05,8,595.0,0.8615696495800753,put,0.06,0.07,0.065,0.01,472.0,730.0,0.375982802734375
2026-02-25 10:43:14,690.6,2026-03-05,8,600.0,0.8688097306689835,put,0.07,0.08,0.075,0.0099999999999999,570.0,791.0,0.362311064453125
2026-02-25 10:43:14,690.6,2026-03-05,8,605.0,0.8760498117578916,put,0.08,0.09,0.0849999999999999,0.0099999999999999,18.0,61.0,0.3481510498046875
2026-02-25 10:43:14,690.6,2026-03-05,8,610.0,0.8832898928467998,put,0.09,0.1,0.095,0.01,671.0,693.0,0.333014482421875
2026-02-25 10:43:14,690.6,2026-03-05,8,630.0,0.9122502172024326,put,0.19,0.2,0.195,0.01,2585.0,2041.0,0.2817454638671874
2026-02-25 10:43:14,690.6,2026-03-05,8,635.0,0.9194902982913408,put,0.23,0.24,0.235,0.0099999999999999,365.0,490.0,0.2680737255859374
2026-02-25 10:43:14,690.6,2026-03-05,8,640.0,0.926730379380249,put,0.28,0.29,0.285,0.0099999999999999,283.0,658.0,0.2546461254882813
2026-02-25 10:43:14,690.6,2026-03-05,8,645.0,0.9339704604691572,put,0.37,0.38,0.375,0.01,14.0,304.0,0.24414818359375
2026-02-25 10:43:14,690.6,2026-03-05,8,650.0,0.9412105415580654,put,0.48,0.49,0.485,0.01,32.0,397.0,0.23242955078125
2026-02-25 10:43:14,690.6,2026-03-05,8,651.0,0.9426585577758472,put,0.5,0.51,0.505,0.01,150.0,280.0,0.229499892578125
2026-02-25 10:43:14,690.6,2026-03-05,8,653.0,0.9455545902114104,put,0.56,0.58,0.5700000000000001,0.0199999999999999,76.0,210.0,0.2258378198242187
2026-02-25 10:43:14,690.6,2026-03-05,8,655.0,0.9484506226469736,put,0.65,0.66,0.655,0.01,3512.0,516.0,0.2222978161621093
2026-02-25 10:43:14,690.6,2026-03-05,8,656.0,0.9498986388647552,put,0.68,0.69,0.685,0.0099999999999998,28.0,123.0,0.2194902270507812
2026-02-25 10:43:14,690.6,2026-03-05,8,658.0,0.9527946713003186,put,0.77,0.78,0.775,0.01,31.0,353.0,0.2154619470214843
2026-02-25 10:43:14,690.6,2026-03-05,8,660.0,0.9556907037358818,put,0.85,0.86,0.855,0.01,3560.0,503.0,0.2099688378906249
2026-02-25 10:43:14,690.6,2026-03-05,8,662.0,0.9585867361714452,put,1.0,1.01,1.005,0.01,14.0,108.0,0.207893663330078
2026-02-25 10:43:14,690.6,2026-03-05,8,663.0,0.9600347523892268,put,1.04,1.06,1.05,0.02,45.0,220.0,0.2050860742187499
2026-02-25 10:43:14,690.6,2026-03-05,8,665.0,0.96293078482479,put,1.2,1.21,1.205,0.01,32.0,486.0,0.2013019323730468
2026-02-25 10:43:14,690.6,2026-03-05,8,667.0,0.9658268172603532,put,1.37,1.38,1.375,0.0099999999999997,23.0,926.0,0.1975177905273437
2026-02-25 10:43:14,690.6,2026-03-05,8,670.0,0.9701708659136982,put,1.64,1.66,1.65,0.02,89.0,1074.0,0.1909260595703125
2026-02-25 10:43:14,690.6,2026-03-05,8,673.0,0.9745149145670432,put,2.0,2.02,2.01,0.02,50.0,151.0,0.1848836395263671
2026-02-25 10:43:14,690.6,2026-03-05,8,674.0,0.9759629307848248,put,2.13,2.14,2.135,0.0100000000000002,27.0,185.0,0.1823201885986328
2026-02-25 10:43:14,690.6,2026-03-05,8,675.0,0.9774109470026064,put,2.26,2.28,2.2699999999999996,0.02,102.0,702.0,0.180122944946289
2026-02-25 10:43:14,690.6,2026-03-05,8,676.0,0.978858963220388,put,2.38,2.4,2.3899999999999997,0.02,13.0,79.0,0.1769491485595703
2026-02-25 10:43:14,690.6,2026-03-05,8,678.0,0.9817549956559514,put,2.73,2.75,2.74,0.02,25.0,159.0,0.1731039721679687
2026-02-25 10:43:14,690.6,2026-03-05,8,679.0,0.9832030118737328,put,2.86,2.87,2.865,0.0100000000000002,56.0,60.0,0.1690756921386719
2026-02-25 10:43:14,690.6,2026-03-05,8,680.0,0.9846510280915146,put,3.06,3.08,3.0700000000000003,0.02,217.0,552.0,0.1673056903076172
2026-02-25 10:43:14,690.6,2026-03-05,8,681.0,0.9860990443092962,put,3.23,3.25,3.24,0.02,20.0,131.0,0.1640098248291016
2026-02-25 10:43:14,690.6,2026-03-05,8,682.0,0.987547060527078,put,3.51,3.54,3.525,0.0300000000000002,28.0,207.0,0.1635825830078125
2026-02-25 10:43:14,690.6,2026-03-05,8,683.0,0.9889950767448596,put,3.71,3.73,3.72,0.02,13.0,233.0,0.1600730966186523
2026-02-25 10:43:14,690.6,2026-03-05,8,684.0,0.9904430929626412,put,3.91,3.93,3.92,0.02,25.0,276.0,0.1564415411376953
2026-02-25 10:43:14,690.6,2026-03-05,8,685.0,0.9918911091804228,put,4.22,4.24,4.23,0.0200000000000004,192.0,423.0,0.1551598156738281
2026-02-25 10:43:14,690.6,2026-03-05,8,686.0,0.9933391253982043,put,4.42,4.44,4.43,0.0200000000000004,136.0,252.0,0.1507042938232422
2026-02-25 10:43:14,690.6,2026-03-05,8,687.0,0.994787141615986,put,4.76,4.79,4.775,0.0300000000000002,298.0,601.0,0.149422568359375
2026-02-25 10:43:14,690.6,2026-03-05,8,688.0,0.9962351578337676,put,5.02,5.04,5.029999999999999,0.0200000000000004,55.0,381.0,0.1452722192382812
2026-02-25 10:43:14,690.6,2026-03-05,8,689.0,0.9976831740515494,put,5.34,5.36,5.35,0.0200000000000004,18.0,144.0,0.1422204919433593
2026-02-25 10:43:14,690.6,2026-03-05,8,690.0,0.999131190269331,put,5.7,5.72,5.71,0.0199999999999995,136.0,395.0,0.1395654891967773
2026-02-25 10:43:14,690.6,2026-03-05,8,691.0,1.0005792064871126,put,6.1,6.14,6.119999999999999,0.04,940.0,83.0,0.137703935546875
2026-02-25 10:43:14,690.6,2026-03-05,8,692.0,1.0020272227048943,put,6.49,6.52,6.505,0.0299999999999993,824.0,67.0,0.1342860009765625
2026-02-25 10:43:14,690.6,2026-03-05,8,693.0,1.003475238922676,put,6.87,6.9,6.885,0.0300000000000002,67.0,22.0,0.1301966864013671
2026-02-25 10:43:14,690.6,2026-03-06,9,657.0,0.9513466550825368,call,35.38,35.56,35.47,0.1799999999999997,10.0,38.0,0.2667309655761719
2026-02-25 10:43:14,690.6,2026-03-06,9,661.0,0.9571387199536634,call,31.5,31.81,31.655,0.3099999999999987,11.0,16.0,0.2536695727539063
2026-02-25 10:43:14,690.6,2026-03-06,9,668.0,0.9672748334781348,call,25.18,25.35,25.265,0.1700000000000017,20.0,176.0,0.2298050653076171
2026-02-25 10:43:14,690.6,2026-03-06,9,675.0,0.9774109470026064,call,19.03,19.19,19.11,0.1600000000000001,10.0,570.0,0.2077105596923827
2026-02-25 10:43:14,690.6,2026-03-06,9,680.0,0.9846510280915146,call,14.88,15.03,14.955,0.1499999999999985,217.0,1913.0,0.1920857159423828
2026-02-25 10:43:14,690.6,2026-03-06,9,681.0,0.9860990443092962,call,14.1,14.27,14.185,0.1699999999999999,28.0,1151.0,0.1899800241088867
2026-02-25 10:43:14,690.6,2026-03-06,9,682.0,0.987547060527078,call,13.35,13.51,13.43,0.1600000000000001,492.0,1764.0,0.1875691595458984
2026-02-25 10:43:14,690.6,2026-03-06,9,683.0,0.9889950767448596,call,12.69,12.7,12.695,0.0099999999999997,124.0,1418.0,0.1836019140624999
2026-02-25 10:43:14,690.6,2026-03-06,9,684.0,0.9904430929626412,call,11.78,11.92,11.85,0.1400000000000005,79.0,1751.0,0.1800924276733398
2026-02-25 10:43:14,690.6,2026-03-06,9,685.0,0.9918911091804228,call,11.12,11.25,11.185,0.1300000000000007,213.0,2684.0,0.1787801849365234
2026-02-25 10:43:14,690.6,2026-03-06,9,686.0,0.9933391253982043,call,10.3,10.43,10.365,0.129999999999999,67.0,1949.0,0.1736532830810547
2026-02-25 10:43:14,690.6,2026-03-06,9,687.0,0.994787141615986,call,9.67,9.79,9.73,0.1199999999999992,92.0,1386.0,0.1722494885253906
2026-02-25 10:43:14,690.6,2026-03-06,9,688.0,0.9962351578337676,call,8.93,9.02,8.975,0.0899999999999998,105.0,2270.0,0.1675498284912109
2026-02-25 10:43:14,690.6,2026-03-06,9,689.0,0.9976831740515494,call,8.23,8.33,8.280000000000001,0.0999999999999996,140.0,1752.0,0.1642234457397461
2026-02-25 10:43:14,690.6,2026-03-06,9,690.0,0.999131190269331,call,7.59,7.62,7.605,0.0300000000000002,1458.0,3553.0,0.1600425793457031
2026-02-25 10:43:14,690.6,2026-03-06,9,691.0,1.0005792064871126,call,7.0,7.01,7.005,0.0099999999999997,3062.0,2349.0,0.1575706802368164
2026-02-25 10:43:14,690.6,2026-03-06,9,692.0,1.0020272227048943,call,6.35,6.37,6.359999999999999,0.0200000000000004,485.0,2090.0,0.1539696420288085
2026-02-25 10:43:14,690.6,2026-03-06,9,693.0,1.003475238922676,call,5.8,5.82,5.8100000000000005,0.0200000000000004,147.0,2469.0,0.151802915649414
2026-02-25 10:43:14,690.6,2026-03-06,9,694.0,1.0049232551404574,call,5.21,5.23,5.220000000000001,0.0200000000000004,171.0,2069.0,0.1482629119873047
2026-02-25 10:43:14,690.6,2026-03-06,9,695.0,1.0063712713582391,call,4.7,4.72,4.71,0.0199999999999995,909.0,12437.0,0.1458825646972656
2026-02-25 10:43:14,690.6,2026-03-06,9,696.0,1.0078192875760208,call,4.07,4.1,4.085,0.0299999999999993,118.0,9462.0,0.1403894555664062
2026-02-25 10:43:14,690.6,2026-03-06,9,697.0,1.0092673037938025,call,3.57,3.6,3.585,0.0300000000000002,103.0,2595.0,0.1369104864501953
2026-02-25 10:43:14,690.6,2026-03-06,9,698.0,1.0107153200115842,call,3.11,3.13,3.12,0.02,234.0,1583.0,0.1334315173339843
2026-02-25 10:43:14,690.6,2026-03-06,9,699.0,1.0121633362293658,call,2.7,2.71,2.705,0.0099999999999997,145.0,3442.0,0.1304103073120117
2026-02-25 10:43:14,690.6,2026-03-06,9,700.0,1.0136113524471473,call,2.3,2.32,2.3099999999999996,0.02,1633.0,6507.0,0.1273280627441406
2026-02-25 10:43:14,690.6,2026-03-06,9,701.0,1.015059368664929,call,1.89,1.9,1.895,0.01,238.0,2209.0,0.1224452990722656
2026-02-25 10:43:14,690.6,2026-03-06,9,702.0,1.0165073848827106,call,1.59,1.6,1.5950000000000002,0.01,119.0,1654.0,0.1199428826904296
2026-02-25 10:43:14,690.6,2026-03-06,9,703.0,1.0179554011004923,call,1.3,1.32,1.31,0.02,81.0,1674.0,0.1171352935791015
2026-02-25 10:43:14,690.6,2026-03-06,9,704.0,1.019403417318274,call,1.03,1.04,1.035,0.01,245.0,1182.0,0.1131070135498047
2026-02-25 10:43:14,690.6,2026-03-06,9,705.0,1.0208514335360557,call,0.8,0.81,0.805,0.01,549.0,9369.0,0.1095059753417968
2026-02-25 10:43:14,690.6,2026-03-06,9,706.0,1.0222994497538371,call,0.63,0.64,0.635,0.01,421.0,2042.0,0.1071866625976562
2026-02-25 10:43:14,690.6,2026-03-06,9,707.0,1.0237474659716188,call,0.46,0.47,0.4649999999999999,0.0099999999999999,137.0,2363.0,0.1034025207519531
2026-02-25 10:43:14,690.6,2026-03-06,9,708.0,1.0251954821894005,call,0.36,0.37,0.365,0.01,114.0,2008.0,0.1019376916503906
2026-02-25 10:43:14,690.6,2026-03-06,9,709.0,1.0266434984071822,call,0.26,0.27,0.265,0.01,70.0,2180.0,0.0993742407226562
2026-02-25 10:43:14,690.6,2026-03-06,9,710.0,1.0280915146249638,call,0.2,0.21,0.205,0.0099999999999999,294.0,6806.0,0.0983976879882812
2026-02-25 10:43:14,690.6,2026-03-06,9,711.0,1.0295395308427453,call,0.14,0.15,0.145,0.0099999999999999,50.0,1781.0,0.0962004443359375
2026-02-25 10:43:14,690.6,2026-03-06,9,712.0,1.030987547060527,call,0.11,0.12,0.1149999999999999,0.0099999999999999,66.0,1465.0,0.0962004443359375
2026-02-25 10:43:14,690.6,2026-03-06,9,713.0,1.0324355632783089,call,0.08,0.09,0.0849999999999999,0.0099999999999999,270.0,1552.0,0.0954680297851562
2026-02-25 10:43:14,690.6,2026-03-06,9,714.0,1.0338835794960903,call,0.06,0.07,0.065,0.01,15.0,1882.0,0.0952238916015625
2026-02-25 10:43:14,690.6,2026-03-06,9,715.0,1.035331595713872,call,0.04,0.05,0.045,0.01,77.0,2384.0,0.0942473388671875
2026-02-25 10:43:14,690.6,2026-03-06,9,717.0,1.0382276281494351,call,0.02,0.03,0.025,0.0099999999999999,527.0,3692.0,0.0942473388671875
2026-02-25 10:43:14,690.6,2026-03-06,9,718.0,1.0396756443672168,call,0.02,0.03,0.025,0.0099999999999999,220.0,3615.0,0.0976652734375
2026-02-25 10:43:14,690.6,2026-03-06,9,719.0,1.0411236605849985,call,0.02,0.03,0.025,0.0099999999999999,13.0,1146.0,0.100594931640625
2026-02-25 10:43:14,690.6,2026-03-06,9,720.0,1.0425716768027802,call,0.02,0.03,0.025,0.0099999999999999,40.0,3521.0,0.1035245898437499
2026-02-25 10:43:14,690.6,2026-03-06,9,722.0,1.0454677092383435,call,0.01,0.02,0.015,0.01,24.0,3658.0,0.1045011425781249
2026-02-25 10:43:14,690.6,2026-03-06,9,724.0,1.048363741673907,call,0.01,0.02,0.015,0.01,12.0,1206.0,0.1103604589843749
2026-02-25 10:43:14,690.6,2026-03-06,9,725.0,1.0498117578916883,call,0.01,0.02,0.015,0.01,267.0,4028.0,0.1132901171875
2026-02-25 10:43:14,690.6,2026-03-06,9,730.0,1.0570518389805963,call,0.01,0.02,0.015,0.01,268.0,2139.0,0.12696185546875
2026-02-25 10:43:14,690.6,2026-03-06,9,505.0,0.7312481899797277,put,0.01,0.02,0.015,0.01,16.0,578.0,0.6093789062500001
2026-02-25 10:43:14,690.6,2026-03-06,9,515.0,0.7457283521575442,put,0.01,0.02,0.015,0.01,81.0,426.0,0.570316796875
2026-02-25 10:43:14,690.6,2026-03-06,9,520.0,0.7529684332464524,put,0.01,0.02,0.015,0.01,13.0,417.0,0.5546919531250001
2026-02-25 10:43:14,690.6,2026-03-06,9,525.0,0.7602085143353605,put,0.01,0.02,0.015,0.01,81.0,1574.0,0.5390671093750001
2026-02-25 10:43:14,690.6,2026-03-06,9,530.0,0.7674485954242687,put,0.02,0.03,0.025,0.0099999999999999,35.0,922.0,0.5429733203125001
2026-02-25 10:43:14,690.6,2026-03-06,9,535.0,0.774688676513177,put,0.02,0.03,0.025,0.0099999999999999,55.0,1218.0,0.523442265625
2026-02-25 10:43:14,690.6,2026-03-06,9,560.0,0.8108890819577179,put,0.04,0.05,0.045,0.01,31.0,397.0,0.4687553125
2026-02-25 10:43:14,690.6,2026-03-06,9,565.0,0.8181291630466261,put,0.04,0.05,0.045,0.01,124.0,1018.0,0.4492242578124999
2026-02-25 10:43:14,690.6,2026-03-06,9,570.0,0.8253692441355343,put,0.05,0.06,0.055,0.0099999999999999,37.0,4034.0,0.4404352832031249
2026-02-25 10:43:14,690.6,2026-03-06,9,595.0,0.8615696495800753,put,0.08,0.09,0.0849999999999999,0.0099999999999999,36.0,1762.0,0.367193828125
2026-02-25 10:43:14,690.6,2026-03-06,9,600.0,0.8688097306689835,put,0.1,0.11,0.105,0.0099999999999999,123.0,6384.0,0.35742830078125
2026-02-25 10:43:14,690.6,2026-03-06,9,605.0,0.8760498117578916,put,0.11,0.12,0.1149999999999999,0.0099999999999999,21.0,3377.0,0.3422917333984374
2026-02-25 10:43:14,690.6,2026-03-06,9,611.0,0.8847379090645815,put,0.13,0.14,0.135,0.01,1662.0,1419.0,0.32617861328125
2026-02-25 10:43:14,690.6,2026-03-06,9,612.0,0.8861859252823632,put,0.14,0.15,0.145,0.0099999999999999,448.0,582.0,0.3252020605468749
2026-02-25 10:43:14,690.6,2026-03-06,9,613.0,0.8876339415001447,put,0.14,0.15,0.145,0.0099999999999999,280.0,1138.0,0.3212958496093749
2026-02-25 10:43:14,690.6,2026-03-06,9,615.0,0.8905299739357081,put,0.15,0.16,0.155,0.01,42.0,3975.0,0.3164130859374999
2026-02-25 10:43:14,690.6,2026-03-06,9,616.0,0.8919779901534897,put,0.15,0.16,0.155,0.01,158.0,293.0,0.3125068749999999
2026-02-25 10:43:14,690.6,2026-03-06,9,617.0,0.8934260063712713,put,0.16,0.17,0.165,0.01,177.0,1102.0,0.3115303222656249
2026-02-25 10:43:14,690.6,2026-03-06,9,618.0,0.894874022589053,put,0.16,0.17,0.165,0.01,263.0,309.0,0.3076241113281249
2026-02-25 10:43:14,690.6,2026-03-06,9,619.0,0.8963220388068346,put,0.17,0.18,0.175,0.0099999999999999,141.0,223.0,0.3061592822265625
2026-02-25 10:43:14,690.6,2026-03-06,9,621.0,0.8992180712423978,put,0.18,0.19,0.185,0.01,11.0,420.0,0.3002999658203125
2026-02-25 10:43:14,690.6,2026-03-06,9,623.0,0.9021141036779612,put,0.19,0.2,0.195,0.01,228.0,493.0,0.2949289257812499
2026-02-25 10:43:14,690.6,2026-03-06,9,624.0,0.9035621198957428,put,0.2,0.21,0.205,0.0099999999999999,331.0,843.0,0.2929758203124999
2026-02-25 10:43:14,690.6,2026-03-06,9,625.0,0.9050101361135244,put,0.21,0.22,0.215,0.01,47.0,3113.0,0.2910227148437499
2026-02-25 10:43:14,690.6,2026-03-06,9,626.0,0.906458152331306,put,0.21,0.22,0.215,0.01,51.0,572.0,0.2871165039062499
2026-02-25 10:43:14,690.6,2026-03-06,9,627.0,0.9079061685490876,put,0.22,0.23,0.225,0.01,829.0,506.0,0.2849192602539062
2026-02-25 10:43:14,690.6,2026-03-06,9,629.0,0.910802200984651,put,0.25,0.26,0.255,0.01,1518.0,926.0,0.282233740234375
2026-02-25 10:43:14,690.6,2026-03-06,9,630.0,0.9122502172024326,put,0.26,0.27,0.265,0.01,45.0,3218.0,0.2797923583984374
2026-02-25 10:43:14,690.6,2026-03-06,9,632.0,0.915146249637996,put,0.28,0.29,0.285,0.0099999999999999,169.0,4715.0,0.2746654565429687
2026-02-25 10:43:14,690.6,2026-03-06,9,633.0,0.9165942658557776,put,0.28,0.29,0.285,0.0099999999999999,110.0,1257.0,0.270515107421875
2026-02-25 10:43:14,690.6,2026-03-06,9,634.0,0.9180422820735592,put,0.31,0.32,0.315,0.01,114.0,815.0,0.2707592456054687
2026-02-25 10:43:14,690.6,2026-03-06,9,635.0,0.9194902982913408,put,0.31,0.32,0.315,0.01,58.0,2590.0,0.266608896484375
2026-02-25 10:43:14,690.6,2026-03-06,9,636.0,0.9209383145091224,put,0.32,0.33,0.325,0.01,26.0,531.0,0.26367923828125
2026-02-25 10:43:14,690.6,2026-03-06,9,637.0,0.922386330726904,put,0.34,0.35,0.345,0.0099999999999999,211.0,541.0,0.2622144091796875
2026-02-25 10:43:14,690.6,2026-03-06,9,638.0,0.9238343469446858,put,0.35,0.36,0.355,0.01,83.0,370.0,0.2592847509765625
2026-02-25 10:43:14,690.6,2026-03-06,9,639.0,0.9252823631624674,put,0.37,0.38,0.375,0.01,340.0,2790.0,0.2573316455078125
2026-02-25 10:43:14,690.6,2026-03-06,9,640.0,0.926730379380249,put,0.38,0.39,0.385,0.01,98.0,2674.0,0.2541578491210938
2026-02-25 10:43:14,690.6,2026-03-06,9,641.0,0.9281783955980306,put,0.42,0.43,0.425,0.01,16.0,1952.0,0.2544019873046875
2026-02-25 10:43:14,690.6,2026-03-06,9,643.0,0.931074428033594,put,0.46,0.47,0.4649999999999999,0.0099999999999999,97.0,408.0,0.2497633618164062
2026-02-25 10:43:14,690.6,2026-03-06,9,644.0,0.9325224442513756,put,0.47,0.48,0.475,0.01,21.0,253.0,0.2463454272460937
2026-02-25 10:43:14,690.6,2026-03-06,9,645.0,0.9339704604691572,put,0.49,0.5,0.495,0.01,52.0,7293.0,0.2439040454101562
2026-02-25 10:43:14,690.6,2026-03-06,9,646.0,0.9354184766869388,put,0.54,0.55,0.545,0.01,23.0,421.0,0.2439040454101562
2026-02-25 10:43:14,690.6,2026-03-06,9,647.0,0.9368664929047203,put,0.56,0.57,0.565,0.0099999999999998,120.0,895.0,0.2410964562988281
2026-02-25 10:43:14,690.6,2026-03-06,9,648.0,0.938314509122502,put,0.58,0.59,0.585,0.01,33.0,759.0,0.2382888671874999
2026-02-25 10:43:14,690.6,2026-03-06,9,649.0,0.9397625253402838,put,0.61,0.62,0.615,0.01,154.0,523.0,0.2360916235351562
2026-02-25 10:43:14,690.6,2026-03-06,9,650.0,0.9412105415580654,put,0.65,0.66,0.655,0.01,377.0,12988.0,0.2345047253417968
2026-02-25 10:43:14,690.6,2026-03-06,9,651.0,0.9426585577758472,put,0.68,0.69,0.685,0.0099999999999998,39.0,1383.0,0.2320633435058593
2026-02-25 10:43:14,690.6,2026-03-06,9,653.0,0.9455545902114104,put,0.77,0.78,0.775,0.01,17.0,2124.0,0.2287674780273437
2026-02-25 10:43:14,690.6,2026-03-06,9,655.0,0.9484506226469736,put,0.85,0.86,0.855,0.01,70.0,6581.0,0.2241288525390624
2026-02-25 10:43:14,690.6,2026-03-06,9,656.0,0.9498986388647552,put,0.9,0.91,0.905,0.01,79.0,751.0,0.2222978161621093
2026-02-25 10:43:14,690.6,2026-03-06,9,657.0,0.9513466550825368,put,0.96,0.98,0.97,0.02,124.0,1087.0,0.2213212634277343
2026-02-25 10:43:14,690.6,2026-03-06,9,658.0,0.9527946713003186,put,1.0,1.02,1.01,0.02,74.0,3329.0,0.2183916052246093
2026-02-25 10:43:14,690.6,2026-03-06,9,659.0,0.9542426875181002,put,1.07,1.09,1.08,0.02,17.0,685.0,0.2170488452148437
2026-02-25 10:43:14,690.6,2026-03-06,9,660.0,0.9556907037358818,put,1.14,1.15,1.145,0.01,335.0,5722.0,0.2148516015625
2026-02-25 10:43:14,690.6,2026-03-06,9,661.0,0.9571387199536634,put,1.21,1.23,1.22,0.02,61.0,1930.0,0.2135088415527344
2026-02-25 10:43:14,690.6,2026-03-06,9,662.0,0.9585867361714452,put,1.27,1.28,1.275,0.01,41.0,613.0,0.2105181488037109
2026-02-25 10:43:14,690.6,2026-03-06,9,663.0,0.9600347523892268,put,1.33,1.34,1.335,0.01,130.0,632.0,0.2078326287841796
2026-02-25 10:43:14,690.6,2026-03-06,9,664.0,0.9614827686070084,put,1.43,1.45,1.44,0.02,38.0,792.0,0.2071612487792968
2026-02-25 10:43:14,690.6,2026-03-06,9,665.0,0.96293078482479,put,1.52,1.54,1.53,0.02,210.0,9122.0,0.2053302124023437
2026-02-25 10:43:14,690.6,2026-03-06,9,666.0,0.9643788010425716,put,1.61,1.63,1.62,0.0199999999999997,91.0,2210.0,0.2033160723876952
2026-02-25 10:43:14,690.6,2026-03-06,9,667.0,0.9658268172603532,put,1.69,1.7,1.6949999999999998,0.01,24.0,2693.0,0.2002643450927734
2026-02-25 10:43:14,690.6,2026-03-06,9,668.0,0.9672748334781348,put,1.79,1.8,1.795,0.01,118.0,561.0,0.1981891705322265
2026-02-25 10:43:14,690.6,2026-03-06,9,669.0,0.9687228496959166,put,1.91,1.93,1.92,0.02,145.0,545.0,0.1969684796142577
2026-02-25 10:43:14,690.6,2026-03-06,9,670.0,0.9701708659136982,put,2.02,2.03,2.025,0.0099999999999997,706.0,7018.0,0.1944050286865234
2026-02-25 10:43:14,690.6,2026-03-06,9,671.0,0.9716188821314798,put,2.14,2.15,2.145,0.0099999999999997,24.0,3566.0,0.1922688195800781
2026-02-25 10:43:14,690.6,2026-03-06,9,672.0,0.9730668983492616,put,2.27,2.29,2.28,0.02,32.0,5440.0,0.1905598522949219
2026-02-25 10:43:14,690.6,2026-03-06,9,673.0,0.9745149145670432,put,2.38,2.4,2.3899999999999997,0.02,394.0,1362.0,0.1876301940917968
2026-02-25 10:43:14,690.6,2026-03-06,9,674.0,0.9759629307848248,put,2.49,2.51,2.5,0.0199999999999995,186.0,1261.0,0.1845174322509765
2026-02-25 10:43:14,690.6,2026-03-06,9,675.0,0.9774109470026064,put,2.64,2.66,2.6500000000000004,0.02,875.0,9813.0,0.1823201885986328
2026-02-25 10:43:14,690.6,2026-03-06,9,676.0,0.978858963220388,put,2.86,2.87,2.865,0.0100000000000002,1265.0,4730.0,0.1815877740478515
2026-02-25 10:43:14,690.6,2026-03-06,9,677.0,0.9803069794381696,put,2.99,3.01,3.0,0.0199999999999995,77.0,8587.0,0.1785360467529297
2026-02-25 10:43:14,690.6,2026-03-06,9,678.0,0.9817549956559514,put,3.16,3.17,3.165,0.0099999999999997,110.0,10476.0,0.1757284576416015
2026-02-25 10:43:14,690.6,2026-03-06,9,679.0,0.9832030118737328,put,3.36,3.38,3.37,0.02,786.0,855.0,0.1740194903564453
2026-02-25 10:43:14,690.6,2026-03-06,9,680.0,0.9846510280915146,put,3.58,3.59,3.585,0.0099999999999997,2273.0,7406.0,0.1719443157958984
2026-02-25 10:43:14,690.6,2026-03-06,9,681.0,0.9860990443092962,put,3.74,3.76,3.75,0.0199999999999995,52.0,2616.0,0.168526381225586
2026-02-25 10:43:14,690.6,2026-03-06,9,682.0,0.987547060527078,put,3.99,4.01,4.0,0.0199999999999995,135.0,2311.0,0.1667563793945313
2026-02-25 10:43:14,690.6,2026-03-06,9,683.0,0.9889950767448596,put,4.18,4.2,4.1899999999999995,0.0200000000000004,533.0,2209.0,0.1632163757324219
2026-02-25 10:43:14,690.6,2026-03-06,9,684.0,0.9904430929626412,put,4.48,4.5,4.49,0.0199999999999995,137.0,3813.0,0.1619346502685547
2026-02-25 10:43:14,690.6,2026-03-06,9,685.0,0.9918911091804228,put,4.71,4.73,4.720000000000001,0.0200000000000004,3781.0,6571.0,0.1585777502441406
2026-02-25 10:43:14,690.6,2026-03-06,9,686.0,0.9933391253982043,put,4.95,4.97,4.96,0.0199999999999995,244.0,1519.0,0.1550987811279297
2026-02-25 10:43:14,690.6,2026-03-06,9,687.0,0.994787141615986,put,5.3,5.32,5.3100000000000005,0.0200000000000004,269.0,2334.0,0.1536949865722656
2026-02-25 10:43:14,690.6,2026-03-06,9,688.0,0.9962351578337676,put,5.58,5.61,5.595000000000001,0.0300000000000002,1033.0,2493.0,0.1504906729125977
2026-02-25 10:43:14,690.6,2026-03-06,9,689.0,0.9976831740515494,put,5.92,5.95,5.9350000000000005,0.0300000000000002,224.0,2167.0,0.1479577392578125
2026-02-25 10:43:14,690.6,2026-03-06,9,690.0,0.999131190269331,put,6.28,6.3,6.29,0.0199999999999995,2161.0,17686.0,0.1451501501464843
2026-02-25 10:43:14,690.6,2026-03-06,9,691.0,1.0005792064871126,put,6.63,6.66,6.645,0.0300000000000002,601.0,882.0,0.142037388305664
2026-02-25 10:43:14,690.6,2026-03-06,9,692.0,1.0020272227048943,put,6.93,6.95,6.9399999999999995,0.0200000000000004,497.0,1117.0,0.1368494519042969
2026-02-25 10:43:14,690.6,2026-03-06,9,693.0,1.003475238922676,put,7.36,7.39,7.375,0.0299999999999993,95.0,1086.0,0.1343775527954102
2026-02-25 10:43:14,690.6,2026-03-06,9,694.0,1.0049232551404574,put,7.81,7.95,7.88,0.1400000000000005,62.0,586.0,0.1339808282470703
2026-02-25 10:43:14,690.6,2026-03-06,9,695.0,1.0063712713582391,put,8.13,8.33,8.23,0.1999999999999993,63.0,20748.0,0.1288844436645507
2026-02-25 10:43:14,690.6,2026-03-06,9,696.0,1.0078192875760208,put,8.71,8.88,8.795000000000002,0.1699999999999999,54.0,734.0,0.12696185546875
2026-02-25 10:43:14,690.6,2026-03-06,9,697.0,1.0092673037938025,put,9.18,9.44,9.31,0.2599999999999998,15.0,554.0,0.1245509909057617
2026-02-25 10:43:14,690.6,2026-03-06,9,699.0,1.0121633362293658,put,10.29,10.53,10.41,0.2400000000000002,54.0,304.0,0.1164639135742187
2026-02-25 10:43:14,690.6,2026-03-06,9,700.0,1.0136113524471473,put,10.96,11.13,11.045000000000002,0.1699999999999999,96.0,1010.0,0.1122830471801757
2026-02-25 10:43:14,690.6,2026-03-06,9,704.0,1.019403417318274,put,13.83,14.01,13.92,0.1799999999999997,150.0,211.0,0.0976652734375
2026-02-25 10:43:14,690.6,2026-03-06,9,706.0,1.0222994497538371,put,15.46,15.68,15.57,0.2199999999999988,46.0,146.0,0.0899749206542968
2026-02-25 10:43:14,690.6,2026-03-13,16,650.0,0.9412105415580654,call,43.42,43.82,43.620000000000005,0.3999999999999986,144.0,3670.0,0.2750316638183593
2026-02-25 10:43:14,690.6,2026-03-13,16,665.0,0.96293078482479,call,29.78,30.09,29.935,0.3099999999999987,24.0,1926.0,0.2329178271484375
2026-02-25 10:43:14,690.6,2026-03-13,16,674.0,0.9759629307848248,call,22.04,22.37,22.205,0.3300000000000018,21.0,93.0,0.2093890097045898
2026-02-25 10:43:14,690.6,2026-03-13,16,682.0,0.987547060527078,call,15.58,15.86,15.72,0.2799999999999993,14.0,1103.0,0.1862263995361328
2026-02-25 10:43:14,690.6,2026-03-13,16,683.0,0.9889950767448596,call,14.91,15.11,15.01,0.1999999999999993,16.0,994.0,0.1837239831542968
2026-02-25 10:43:14,690.6,2026-03-13,16,684.0,0.9904430929626412,call,14.17,14.38,14.275,0.2100000000000008,16.0,1109.0,0.181374153137207
2026-02-25 10:43:14,690.6,2026-03-13,16,685.0,0.9918911091804228,call,13.46,13.59,13.525,0.129999999999999,38.0,3227.0,0.1778036322021484
2026-02-25 10:43:14,690.6,2026-03-13,16,687.0,0.994787141615986,call,12.01,12.17,12.09,0.1600000000000001,22.0,1334.0,0.1727682821655273
2026-02-25 10:43:14,690.6,2026-03-13,16,688.0,0.9962351578337676,call,11.3,11.53,11.415,0.2299999999999986,107.0,883.0,0.1710898321533203
2026-02-25 10:43:14,690.6,2026-03-13,16,689.0,0.9976831740515494,call,10.62,10.77,10.695,0.1500000000000003,126.0,1127.0,0.1671531039428711
2026-02-25 10:43:14,690.6,2026-03-13,16,690.0,0.999131190269331,call,10.04,10.06,10.05,0.0200000000000013,452.0,2635.0,0.163796203918457
2026-02-25 10:43:14,690.6,2026-03-13,16,691.0,1.0005792064871126,call,9.37,9.39,9.38,0.0200000000000013,124.0,1113.0,0.160866545715332
2026-02-25 10:43:14,690.6,2026-03-13,16,692.0,1.0020272227048943,call,8.74,8.77,8.754999999999999,0.0299999999999993,56.0,1299.0,0.158486198425293
2026-02-25 10:43:14,690.6,2026-03-13,16,693.0,1.003475238922676,call,8.1,8.13,8.115,0.0300000000000011,30.0,2406.0,0.1554955056762695
2026-02-25 10:43:14,690.6,2026-03-13,16,694.0,1.0049232551404574,call,7.51,7.53,7.52,0.0200000000000004,99.0,3036.0,0.1528405029296875
2026-02-25 10:43:14,690.6,2026-03-13,16,695.0,1.0063712713582391,call,6.9,6.92,6.91,0.0199999999999995,289.0,4654.0,0.1497277410888672
2026-02-25 10:43:14,690.6,2026-03-13,16,696.0,1.0078192875760208,call,6.33,6.35,6.34,0.0199999999999995,253.0,2495.0,0.146920151977539
2026-02-25 10:43:14,690.6,2026-03-13,16,697.0,1.0092673037938025,call,5.78,5.8,5.79,0.0199999999999995,190.0,6646.0,0.1441125628662109
2026-02-25 10:43:14,690.6,2026-03-13,16,698.0,1.0107153200115842,call,5.22,5.24,5.23,0.0200000000000004,361.0,7699.0,0.1407251455688477
2026-02-25 10:43:14,690.6,2026-03-13,16,699.0,1.0121633362293658,call,4.73,4.76,4.745,0.0299999999999993,68.0,1077.0,0.1383447982788085
2026-02-25 10:43:14,690.6,2026-03-13,16,700.0,1.0136113524471473,call,4.31,4.33,4.32,0.0200000000000004,572.0,4310.0,0.1364832446289062
2026-02-25 10:43:14,690.6,2026-03-13,16,701.0,1.015059368664929,call,3.79,3.82,3.805,0.0299999999999998,218.0,1539.0,0.1326685855102539
2026-02-25 10:43:14,690.6,2026-03-13,16,702.0,1.0165073848827106,call,3.36,3.39,3.375,0.0300000000000002,857.0,4431.0,0.129891513671875
2026-02-25 10:43:14,690.6,2026-03-13,16,703.0,1.0179554011004923,call,3.01,3.03,3.0199999999999996,0.02,478.0,4145.0,0.1279994427490234
2026-02-25 10:43:14,690.6,2026-03-13,16,704.0,1.019403417318274,call,2.59,2.61,2.5999999999999996,0.02,218.0,2566.0,0.1243068527221679
2026-02-25 10:43:14,690.6,2026-03-13,16,705.0,1.0208514335360557,call,2.28,2.3,2.29,0.02,426.0,5153.0,0.1224147817993164
2026-02-25 10:43:14,690.6,2026-03-13,16,706.0,1.0222994497538371,call,1.96,1.98,1.97,0.02,192.0,1934.0,0.1197292617797851
2026-02-25 10:43:14,690.6,2026-03-13,16,707.0,1.0237474659716188,call,1.69,1.71,1.7,0.02,284.0,1601.0,0.117623569946289
2026-02-25 10:43:14,690.6,2026-03-13,16,708.0,1.0251954821894005,call,1.44,1.45,1.4449999999999998,0.01,612.0,2342.0,0.1151211535644531
2026-02-25 10:43:14,690.6,2026-03-13,16,709.0,1.0266434984071822,call,1.21,1.23,1.22,0.02,374.0,1233.0,0.1130459790039062
2026-02-25 10:43:14,690.6,2026-03-13,16,710.0,1.0280915146249638,call,1.03,1.04,1.035,0.01,520.0,2217.0,0.1112149426269531
2026-02-25 10:43:14,690.6,2026-03-13,16,711.0,1.0295395308427453,call,0.88,0.89,0.885,0.01,12.0,1819.0,0.1100552862548828
2026-02-25 10:43:14,690.6,2026-03-13,16,712.0,1.030987547060527,call,0.71,0.73,0.72,0.02,65.0,949.0,0.107858042602539
2026-02-25 10:43:14,690.6,2026-03-13,16,713.0,1.0324355632783089,call,0.59,0.61,0.6,0.02,362.0,1132.0,0.1065152825927734
2026-02-25 10:43:14,690.6,2026-03-13,16,714.0,1.0338835794960903,call,0.5,0.51,0.505,0.01,43.0,1192.0,0.1053556262207031
2026-02-25 10:43:14,690.6,2026-03-13,16,715.0,1.035331595713872,call,0.4,0.41,0.405,0.0099999999999999,60.0,4415.0,0.1035856243896484
2026-02-25 10:43:14,690.6,2026-03-13,16,717.0,1.0382276281494351,call,0.27,0.28,0.275,0.01,25.0,1494.0,0.1018156225585937
2026-02-25 10:43:14,690.6,2026-03-13,16,718.0,1.0396756443672168,call,0.22,0.23,0.225,0.01,49.0,1303.0,0.1010832080078125
2026-02-25 10:43:14,690.6,2026-03-13,16,719.0,1.0411236605849985,call,0.19,0.2,0.195,0.01,372.0,1391.0,0.1014494152832031
2026-02-25 10:43:14,690.6,2026-03-13,16,722.0,1.0454677092383435,call,0.11,0.12,0.1149999999999999,0.0099999999999999,10.0,1150.0,0.1013273461914062
2026-02-25 10:43:14,690.6,2026-03-13,16,723.0,1.046915725456125,call,0.09,0.1,0.095,0.01,11.0,1193.0,0.1010832080078125
2026-02-25 10:43:14,690.6,2026-03-13,16,724.0,1.048363741673907,call,0.08,0.09,0.0849999999999999,0.0099999999999999,137.0,1781.0,0.1020597607421874
2026-02-25 10:43:14,690.6,2026-03-13,16,725.0,1.0498117578916883,call,0.07,0.08,0.075,0.0099999999999999,10.0,6132.0,0.1030363134765624
2026-02-25 10:43:14,690.6,2026-03-13,16,730.0,1.0570518389805963,call,0.03,0.04,0.035,0.01,112.0,5178.0,0.1054776953125
2026-02-25 10:43:14,690.6,2026-03-13,16,735.0,1.064291920069505,call,0.02,0.03,0.025,0.0099999999999999,272.0,4393.0,0.1132901171875
2026-02-25 10:43:14,690.6,2026-03-13,16,740.0,1.0715320011584129,call,0.02,0.03,0.025,0.0099999999999999,14.0,1399.0,0.124032197265625
2026-02-25 10:43:14,690.6,2026-03-13,16,745.0,1.0787720822473212,call,0.01,0.02,0.015,0.01,14.0,2286.0,0.1289149609375
2026-02-25 10:43:14,690.6,2026-03-13,16,480.0,0.6950477845351868,put,0.03,0.04,0.035,0.01,86.0,582.0,0.5742230078125
2026-02-25 10:43:14,690.6,2026-03-13,16,485.0,0.702287865624095,put,0.04,0.05,0.045,0.01,53.0,496.0,0.5742230078125
2026-02-25 10:43:14,690.6,2026-03-13,16,490.0,0.7095279467130031,put,0.04,0.05,0.045,0.01,29.0,725.0,0.5585981640625001
2026-02-25 10:43:14,690.6,2026-03-13,16,500.0,0.7240081088908196,put,0.05,0.06,0.055,0.0099999999999999,45.0,824.0,0.5371140039062501
2026-02-25 10:43:14,690.6,2026-03-13,16,505.0,0.7312481899797277,put,0.05,0.06,0.055,0.0099999999999999,32.0,356.0,0.523442265625
2026-02-25 10:43:14,690.6,2026-03-13,16,510.0,0.7384882710686359,put,0.06,0.07,0.065,0.01,10.0,1381.0,0.51562984375
2026-02-25 10:43:14,690.6,2026-03-13,16,525.0,0.7602085143353605,put,0.07,0.08,0.075,0.0099999999999999,348.0,882.0,0.4804739453125
2026-02-25 10:43:14,690.6,2026-03-13,16,535.0,0.774688676513177,put,0.09,0.1,0.095,0.01,10.0,297.0,0.461919443359375
2026-02-25 10:43:14,690.6,2026-03-13,16,540.0,0.7819287576020851,put,0.1,0.11,0.105,0.0099999999999999,62.0,493.0,0.45117736328125
2026-02-25 10:43:14,690.6,2026-03-13,16,550.0,0.7964089197799015,put,0.12,0.13,0.125,0.01,415.0,485.0,0.4292049267578125
2026-02-25 10:43:14,690.6,2026-03-13,16,565.0,0.8181291630466261,put,0.15,0.16,0.155,0.01,17.0,727.0,0.393560751953125
2026-02-25 10:43:14,690.6,2026-03-13,16,570.0,0.8253692441355343,put,0.17,0.18,0.175,0.0099999999999999,12.0,988.0,0.383795224609375
2026-02-25 10:43:14,690.6,2026-03-13,16,575.0,0.8326093252244425,put,0.19,0.2,0.195,0.01,117.0,1428.0,0.37305314453125
2026-02-25 10:43:14,690.6,2026-03-13,16,590.0,0.854329568491167,put,0.26,0.27,0.265,0.01,20.0,908.0,0.340826904296875
2026-02-25 10:43:14,690.6,2026-03-13,16,605.0,0.8760498117578916,put,0.38,0.39,0.385,0.01,26.0,945.0,0.3103096313476562
2026-02-25 10:43:14,690.6,2026-03-13,16,610.0,0.8832898928467998,put,0.43,0.44,0.435,0.01,23.0,1474.0,0.2995675512695312
2026-02-25 10:43:14,690.6,2026-03-13,16,611.0,0.8847379090645815,put,0.44,0.45,0.445,0.01,56.0,266.0,0.2973703076171874
2026-02-25 10:43:14,690.6,2026-03-13,16,614.0,0.8890819577179264,put,0.48,0.49,0.485,0.01,59.0,670.0,0.2915109912109374
2026-02-25 10:43:14,690.6,2026-03-13,16,616.0,0.8919779901534897,put,0.51,0.52,0.515,0.01,231.0,476.0,0.2878489184570311
2026-02-25 10:43:14,690.6,2026-03-13,16,618.0,0.894874022589053,put,0.53,0.54,0.535,0.01,19.0,538.0,0.2828440856933593
2026-02-25 10:43:14,690.6,2026-03-13,16,619.0,0.8963220388068346,put,0.55,0.56,0.555,0.01,503.0,408.0,0.2812571874999999
2026-02-25 10:43:14,690.6,2026-03-13,16,620.0,0.8977700550246163,put,0.57,0.58,0.575,0.01,425.0,6287.0,0.2795482202148437
2026-02-25 10:43:14,690.6,2026-03-13,16,621.0,0.8992180712423978,put,0.58,0.59,0.585,0.01,125.0,980.0,0.2769847692871093
2026-02-25 10:43:14,690.6,2026-03-13,16,622.0,0.9006660874601795,put,0.61,0.62,0.615,0.01,149.0,368.0,0.2760082165527343
2026-02-25 10:43:14,690.6,2026-03-13,16,623.0,0.9021141036779612,put,0.64,0.65,0.645,0.01,31.0,333.0,0.2749095947265625
2026-02-25 10:43:14,690.6,2026-03-13,16,625.0,0.9050101361135244,put,0.68,0.69,0.685,0.0099999999999998,639.0,5298.0,0.2710033837890625
2026-02-25 10:43:14,690.6,2026-03-13,16,626.0,0.906458152331306,put,0.7,0.71,0.705,0.01,69.0,154.0,0.2690502783203125
2026-02-25 10:43:14,690.6,2026-03-13,16,627.0,0.9079061685490876,put,0.72,0.73,0.725,0.01,108.0,197.0,0.2668530346679688
2026-02-25 10:43:14,690.6,2026-03-13,16,630.0,0.9122502172024326,put,0.78,0.79,0.785,0.01,71.0,3318.0,0.2602613037109375
2026-02-25 10:43:14,690.6,2026-03-13,16,632.0,0.915146249637996,put,0.85,0.86,0.855,0.01,11.0,573.0,0.2575757836914062
2026-02-25 10:43:14,690.6,2026-03-13,16,635.0,0.9194902982913408,put,0.94,0.95,0.945,0.01,119.0,2291.0,0.2518385363769531
2026-02-25 10:43:14,690.6,2026-03-13,16,636.0,0.9209383145091224,put,0.97,0.98,0.975,0.01,23.0,552.0,0.2497633618164062
2026-02-25 10:43:14,690.6,2026-03-13,16,638.0,0.9238343469446858,put,1.03,1.05,1.04,0.02,29.0,235.0,0.2461012890625
2026-02-25 10:43:14,690.6,2026-03-13,16,639.0,0.9252823631624674,put,1.07,1.09,1.08,0.02,10.0,201.0,0.2443923217773437
2026-02-25 10:43:14,690.6,2026-03-13,16,640.0,0.926730379380249,put,1.11,1.12,1.1150000000000002,0.01,75.0,9828.0,0.2420730090332031
2026-02-25 10:43:14,690.6,2026-03-13,16,641.0,0.9281783955980306,put,1.14,1.15,1.145,0.01,14.0,456.0,0.2397536962890624
2026-02-25 10:43:14,690.6,2026-03-13,16,642.0,0.9296264118158124,put,1.2,1.21,1.205,0.01,11.0,518.0,0.2387771435546875
2026-02-25 10:43:14,690.6,2026-03-13,16,644.0,0.9325224442513756,put,1.3,1.32,1.31,0.02,511.0,958.0,0.2359695544433593
2026-02-25 10:43:14,690.6,2026-03-13,16,645.0,0.9339704604691572,put,1.35,1.37,1.36,0.02,386.0,1828.0,0.2341385180664062
2026-02-25 10:43:14,690.6,2026-03-13,16,647.0,0.9368664929047203,put,1.44,1.45,1.4449999999999998,0.01,24.0,226.0,0.229499892578125
2026-02-25 10:43:14,690.6,2026-03-13,16,648.0,0.938314509122502,put,1.49,1.51,1.5,0.02,10.0,325.0,0.2278519598388672
2026-02-25 10:43:14,690.6,2026-03-13,16,649.0,0.9397625253402838,put,1.54,1.56,1.55,0.02,502.0,674.0,0.2257157507324218
2026-02-25 10:43:14,690.6,2026-03-13,16,650.0,0.9412105415580654,put,1.63,1.64,1.6349999999999998,0.01,503.0,11696.0,0.2246781634521484
2026-02-25 10:43:14,690.6,2026-03-13,16,653.0,0.9455545902114104,put,1.82,1.84,1.83,0.02,30.0,340.0,0.2192460888671875
2026-02-25 10:43:14,690.6,2026-03-13,16,655.0,0.9484506226469736,put,1.98,1.99,1.985,0.01,179.0,2463.0,0.2157060852050781
2026-02-25 10:43:14,690.6,2026-03-13,16,656.0,0.9498986388647552,put,2.06,2.08,2.0700000000000003,0.02,82.0,1463.0,0.2142412561035156
2026-02-25 10:43:14,690.6,2026-03-13,16,657.0,0.9513466550825368,put,2.13,2.15,2.1399999999999997,0.02,30.0,980.0,0.2119829779052734
2026-02-25 10:43:14,690.6,2026-03-13,16,658.0,0.9527946713003186,put,2.2,2.21,2.205,0.0099999999999997,10.0,865.0,0.2093584924316406
2026-02-25 10:43:14,690.6,2026-03-13,16,659.0,0.9542426875181002,put,2.31,2.33,2.3200000000000003,0.02,45.0,558.0,0.208442974243164
2026-02-25 10:43:14,690.6,2026-03-13,16,660.0,0.9556907037358818,put,2.39,2.41,2.4000000000000004,0.02,161.0,4372.0,0.2061846960449218
2026-02-25 10:43:14,690.6,2026-03-13,16,661.0,0.9571387199536634,put,2.48,2.5,2.49,0.02,33.0,444.0,0.2041705560302734
2026-02-25 10:43:14,690.6,2026-03-13,16,663.0,0.9600347523892268,put,2.72,2.74,2.7300000000000004,0.02,85.0,726.0,0.2013019323730468
2026-02-25 10:43:14,690.6,2026-03-13,16,664.0,0.9614827686070084,put,2.77,2.79,2.78,0.02,37.0,721.0,0.1978229632568359
2026-02-25 10:43:14,690.6,2026-03-13,16,665.0,0.96293078482479,put,2.91,2.93,2.92,0.02,1011.0,1733.0,0.1965717550659179
2026-02-25 10:43:14,690.6,2026-03-13,16,668.0,0.9672748334781348,put,3.27,3.29,3.28,0.02,48.0,489.0,0.190437783203125
2026-02-25 10:43:14,690.6,2026-03-13,16,669.0,0.9687228496959166,put,3.45,3.47,3.46,0.02,15.0,1763.0,0.1895222650146484
2026-02-25 10:43:14,690.6,2026-03-13,16,670.0,0.9701708659136982,put,3.55,3.57,3.5599999999999996,0.02,567.0,8043.0,0.1865926068115234
2026-02-25 10:43:14,690.6,2026-03-13,16,671.0,0.9716188821314798,put,3.71,3.73,3.72,0.02,42.0,540.0,0.1848836395263671
2026-02-25 10:43:14,690.6,2026-03-13,16,672.0,0.9730668983492616,put,3.88,3.9,3.89,0.02,77.0,858.0,0.1832051895141601
2026-02-25 10:43:14,690.6,2026-03-13,16,673.0,0.9745149145670432,put,4.01,4.03,4.02,0.0200000000000004,31.0,415.0,0.1805196694946289
2026-02-25 10:43:14,690.6,2026-03-13,16,674.0,0.9759629307848248,put,4.17,4.2,4.1850000000000005,0.0300000000000002,40.0,601.0,0.1785360467529297
2026-02-25 10:43:14,690.6,2026-03-13,16,675.0,0.9774109470026064,put,4.39,4.41,4.4,0.0200000000000004,284.0,2442.0,0.177193286743164
2026-02-25 10:43:14,690.6,2026-03-13,16,676.0,0.978858963220388,put,4.54,4.57,4.555,0.0300000000000002,120.0,525.0,0.1746603530883789
2026-02-25 10:43:14,690.6,2026-03-13,16,677.0,0.9803069794381696,put,4.72,4.74,4.73,0.0200000000000004,137.0,2438.0,0.1721274194335937
2026-02-25 10:43:14,690.6,2026-03-13,16,678.0,0.9817549956559514,put,4.9,4.93,4.915,0.0299999999999993,36.0,6497.0,0.1698691412353515
2026-02-25 10:43:14,690.6,2026-03-13,16,679.0,0.9832030118737328,put,5.11,5.13,5.12,0.0199999999999995,17.0,6428.0,0.1675803457641602
2026-02-25 10:43:14,690.6,2026-03-13,16,680.0,0.9846510280915146,put,5.35,5.37,5.359999999999999,0.0200000000000004,1567.0,2794.0,0.1658408612060547
2026-02-25 10:43:14,690.6,2026-03-13,16,681.0,0.9860990443092962,put,5.5,5.52,5.51,0.0199999999999995,25.0,501.0,0.1622398229980468
2026-02-25 10:43:14,690.6,2026-03-13,16,682.0,0.987547060527078,put,5.77,5.79,5.779999999999999,0.0200000000000004,71.0,851.0,0.1606529248046875
2026-02-25 10:43:14,690.6,2026-03-13,16,683.0,0.9889950767448596,put,6.07,6.09,6.08,0.0199999999999995,124.0,1343.0,0.1593711993408203
2026-02-25 10:43:14,690.6,2026-03-13,16,684.0,0.9904430929626412,put,6.28,6.3,6.29,0.0199999999999995,95.0,4389.0,0.1562279202270508
2026-02-25 10:43:14,690.6,2026-03-13,16,685.0,0.9918911091804228,put,6.54,6.56,6.55,0.0199999999999995,326.0,6032.0,0.153756021118164
2026-02-25 10:43:14,690.6,2026-03-13,16,686.0,0.9933391253982043,put,6.85,6.88,6.865,0.0300000000000002,143.0,1283.0,0.152077571105957
2026-02-25 10:43:14,690.6,2026-03-13,16,687.0,0.994787141615986,put,7.17,7.18,7.175,0.0099999999999997,38.0,818.0,0.1497887756347656
2026-02-25 10:43:14,690.6,2026-03-13,16,688.0,0.9962351578337676,put,7.4,7.43,7.415,0.0299999999999993,240.0,812.0,0.1464013583374023
2026-02-25 10:43:14,690.6,2026-03-13,16,689.0,0.9976831740515494,put,7.79,7.81,7.8,0.0199999999999995,56.0,370.0,0.1449060119628906
2026-02-25 10:43:14,690.6,2026-03-13,16,690.0,0.999131190269331,put,8.12,8.15,8.135,0.0300000000000011,635.0,2777.0,0.1424646301269531
2026-02-25 10:43:14,690.6,2026-03-13,16,691.0,1.0005792064871126,put,8.4,8.43,8.415,0.0299999999999993,661.0,275.0,0.1387110055541992
2026-02-25 10:43:14,690.6,2026-03-13,16,692.0,1.0020272227048943,put,8.76,8.8,8.780000000000001,0.0400000000000009,101.0,353.0,0.1361475546264648
2026-02-25 10:43:14,690.6,2026-03-13,16,694.0,1.0049232551404574,put,9.6,9.64,9.62,0.0400000000000009,38.0,343.0,0.1316615155029297
2026-02-25 10:43:14,690.6,2026-03-13,16,695.0,1.0063712713582391,put,10.0,10.15,10.075,0.1500000000000003,315.0,1245.0,0.1304103073120117
2026-02-25 10:43:14,690.6,2026-03-13,16,697.0,1.0092673037938025,put,10.85,11.09,10.97,0.2400000000000002,11.0,404.0,0.1253139227294922
2026-02-25 10:43:14,690.6,2026-03-13,16,698.0,1.0107153200115842,put,11.34,11.58,11.46,0.2400000000000002,37.0,190.0,0.1224758163452148
2026-02-25 10:43:14,690.6,2026-03-13,16,700.0,1.0136113524471473,put,12.31,12.53,12.42,0.2199999999999988,14.0,560.0,0.1146023599243164
2026-02-25 10:43:14,690.6,2026-03-13,16,702.0,1.0165073848827106,put,13.54,13.92,13.73,0.3800000000000008,17.0,21.0,0.1131375308227539
2026-02-25 10:43:14,690.6,2026-03-13,16,705.0,1.0208514335360557,put,15.4,15.68,15.54,0.2799999999999993,40.0,125.0,0.0987638952636718
2026-02-25 10:43:14,690.6,2026-03-13,16,709.0,1.0266434984071822,put,18.64,19.11,18.875,0.4699999999999988,13.0,60.0,0.0976042388916015
2026-02-25 10:43:14,690.6,2026-03-20,23,647.0,0.9368664929047203,call,47.15,47.62,47.385,0.4699999999999988,60.0,70.0,0.262702685546875
2026-02-25 10:43:14,690.6,2026-03-20,23,650.0,0.9412105415580654,call,44.46,44.81,44.635000000000005,0.3500000000000014,21.0,17386.0,0.2546461254882813
2026-02-25 10:43:14,690.6,2026-03-20,23,652.0,0.9441065739936289,call,42.59,43.02,42.80500000000001,0.4299999999999997,15.0,16.0,0.2509230181884765
2026-02-25 10:43:14,690.6,2026-03-20,23,655.0,0.9484506226469736,call,39.99,40.3,40.145,0.3099999999999951,54.0,3280.0,0.2440871490478515
2026-02-25 10:43:14,690.6,2026-03-20,23,664.0,0.9614827686070084,call,31.93,32.3,32.114999999999995,0.3699999999999974,637.0,654.0,0.2232133343505859
2026-02-25 10:43:14,690.6,2026-03-20,23,665.0,0.96293078482479,call,31.12,31.39,31.255000000000003,0.2699999999999996,16.0,8857.0,0.220161607055664
2026-02-25 10:43:14,690.6,2026-03-20,23,668.0,0.9672748334781348,call,28.49,28.88,28.685,0.3900000000000005,50.0,39.0,0.2144548770141601
2026-02-25 10:43:14,690.6,2026-03-20,23,670.0,0.9701708659136982,call,26.83,27.16,26.994999999999997,0.3300000000000018,22.0,20996.0,0.2093890097045898
2026-02-25 10:43:14,690.6,2026-03-20,23,675.0,0.9774109470026064,call,22.77,22.99,22.88,0.2199999999999988,33.0,7178.0,0.19727365234375
2026-02-25 10:43:14,690.6,2026-03-20,23,680.0,0.9846510280915146,call,18.82,19.02,18.92,0.1999999999999993,68.0,14278.0,0.1856160540771484
2026-02-25 10:43:14,690.6,2026-03-20,23,681.0,0.9860990443092962,call,18.04,18.26,18.15,0.2200000000000024,14.0,1736.0,0.1834188104248046
2026-02-25 10:43:14,690.6,2026-03-20,23,682.0,0.987547060527078,call,17.27,17.51,17.39,0.240000000000002,24.0,3726.0,0.1812368254089355
2026-02-25 10:43:14,690.6,2026-03-20,23,683.0,0.9889950767448596,call,16.66,16.91,16.785,0.25,19.0,2316.0,0.1811300149536132
2026-02-25 10:43:14,690.6,2026-03-20,23,684.0,0.9904430929626412,call,15.8,16.0,15.9,0.1999999999999993,95.0,4029.0,0.1763082858276367
2026-02-25 10:43:14,690.6,2026-03-20,23,685.0,0.9918911091804228,call,15.1,15.22,15.16,0.120000000000001,128.0,38060.0,0.1732565585327148
2026-02-25 10:43:14,690.6,2026-03-20,23,686.0,0.9933391253982043,call,14.36,14.55,14.455,0.1900000000000012,16.0,2797.0,0.1716696603393555
2026-02-25 10:43:14,690.6,2026-03-20,23,687.0,0.994787141615986,call,13.66,13.92,13.79,0.2599999999999998,88.0,3016.0,0.1704489694213867
2026-02-25 10:43:14,690.6,2026-03-20,23,688.0,0.9962351578337676,call,12.97,13.22,13.095,0.25,114.0,2878.0,0.1680686221313477
2026-02-25 10:43:14,690.6,2026-03-20,23,689.0,0.9976831740515494,call,12.35,12.39,12.37,0.0400000000000009,182.0,2009.0,0.1636741348266602
2026-02-25 10:43:14,690.6,2026-03-20,23,690.0,0.999131190269331,call,11.66,11.7,11.68,0.0399999999999991,484.0,34645.0,0.1610801666259765
2026-02-25 10:43:14,690.6,2026-03-20,23,691.0,1.0005792064871126,call,11.0,11.05,11.025,0.0500000000000007,193.0,1680.0,0.1588829229736328
2026-02-25 10:43:14,690.6,2026-03-20,23,692.0,1.0020272227048943,call,10.37,10.41,10.39,0.0400000000000009,230.0,2510.0,0.1565941275024414
2026-02-25 10:43:14,690.6,2026-03-20,23,693.0,1.003475238922676,call,9.82,9.86,9.84,0.0399999999999991,40.0,3477.0,0.1554039538574219
2026-02-25 10:43:14,690.6,2026-03-20,23,694.0,1.0049232551404574,call,9.12,9.16,9.14,0.0400000000000009,52.0,2990.0,0.1518639501953125
2026-02-25 10:43:14,690.6,2026-03-20,23,695.0,1.0063712713582391,call,8.51,8.55,8.530000000000001,0.0400000000000009,486.0,19911.0,0.1493615338134765
2026-02-25 10:43:14,690.6,2026-03-20,23,696.0,1.0078192875760208,call,7.93,7.97,7.949999999999999,0.04,16.0,3470.0,0.1470727383422851
2026-02-25 10:43:14,690.6,2026-03-20,23,697.0,1.0092673037938025,call,7.38,7.42,7.4,0.04,48.0,5188.0,0.1449365292358398
2026-02-25 10:43:14,690.6,2026-03-20,23,699.0,1.0121633362293658,call,6.36,6.4,6.380000000000001,0.04,42.0,4550.0,0.1410913528442383
2026-02-25 10:43:14,690.6,2026-03-20,23,700.0,1.0136113524471473,call,5.81,5.85,5.83,0.04,2730.0,42101.0,0.1381616946411132
2026-02-25 10:43:14,690.6,2026-03-20,23,701.0,1.015059368664929,call,5.36,5.4,5.380000000000001,0.04,105.0,3011.0,0.136452727355957
2026-02-25 10:43:14,690.6,2026-03-20,23,702.0,1.0165073848827106,call,4.87,4.9,4.885,0.0300000000000002,18.0,3976.0,0.1336451382446289
2026-02-25 10:43:14,690.6,2026-03-20,23,704.0,1.019403417318274,call,4.03,4.06,4.045,0.0299999999999993,14.0,3037.0,0.1295863409423828
2026-02-25 10:43:14,690.6,2026-03-20,23,705.0,1.0208514335360557,call,3.65,3.69,3.67,0.04,281.0,29386.0,0.1278773736572265
2026-02-25 10:43:14,690.6,2026-03-20,23,706.0,1.0222994497538371,call,3.29,3.32,3.3049999999999997,0.0299999999999998,63.0,11004.0,0.1258021990966797
2026-02-25 10:43:14,690.6,2026-03-20,23,707.0,1.0237474659716188,call,2.96,2.98,2.97,0.02,218.0,4222.0,0.1239101281738281
2026-02-25 10:43:14,690.6,2026-03-20,23,708.0,1.0251954821894005,call,2.64,2.66,2.6500000000000004,0.02,296.0,3172.0,0.1219875399780273
2026-02-25 10:43:14,690.6,2026-03-20,23,709.0,1.0266434984071822,call,2.38,2.41,2.395,0.0300000000000002,58.0,2862.0,0.1210415045166015
2026-02-25 10:43:14,690.6,2026-03-20,23,710.0,1.0280915146249638,call,2.07,2.09,2.08,0.02,444.0,21929.0,0.1182949499511718
2026-02-25 10:43:14,690.6,2026-03-20,23,711.0,1.0295395308427453,call,1.84,1.86,1.85,0.02,34.0,2621.0,0.1170132244873046
2026-02-25 10:43:14,690.6,2026-03-20,23,712.0,1.030987547060527,call,1.62,1.64,1.63,0.0199999999999997,69.0,2711.0,0.1155178781127929
2026-02-25 10:43:14,690.6,2026-03-20,23,713.0,1.0324355632783089,call,1.42,1.44,1.43,0.02,121.0,4652.0,0.1140835662841796
2026-02-25 10:43:14,690.6,2026-03-20,23,714.0,1.0338835794960903,call,1.26,1.28,1.27,0.02,11.0,2012.0,0.1132901171875
2026-02-25 10:43:14,690.6,2026-03-20,23,715.0,1.035331595713872,call,1.09,1.11,1.1,0.02,1715.0,26473.0,0.1118252880859374
2026-02-25 10:43:14,690.6,2026-03-20,23,716.0,1.0367796119316537,call,0.95,0.96,0.955,0.01,55.0,2429.0,0.1104825280761718
2026-02-25 10:43:14,690.6,2026-03-20,23,718.0,1.0396756443672168,call,0.72,0.74,0.73,0.02,26.0,5390.0,0.1090787335205078
2026-02-25 10:43:14,690.6,2026-03-20,23,719.0,1.0411236605849985,call,0.64,0.65,0.645,0.01,24.0,2403.0,0.1085294226074218
2026-02-25 10:43:14,690.6,2026-03-20,23,720.0,1.0425716768027802,call,0.55,0.57,0.56,0.0199999999999999,3363.0,31242.0,0.1080411462402343
2026-02-25 10:43:14,690.6,2026-03-20,23,721.0,1.044019693020562,call,0.48,0.49,0.485,0.01,35.0,2966.0,0.1071866625976562
2026-02-25 10:43:14,690.6,2026-03-20,23,722.0,1.0454677092383435,call,0.42,0.43,0.425,0.01,133.0,1715.0,0.1069425244140625
2026-02-25 10:43:14,690.6,2026-03-20,23,723.0,1.046915725456125,call,0.37,0.38,0.375,0.01,17.0,1633.0,0.1068204553222656
2026-02-25 10:43:14,690.6,2026-03-20,23,724.0,1.048363741673907,call,0.33,0.34,0.335,0.01,17.0,2693.0,0.1070645935058593
2026-02-25 10:43:14,690.6,2026-03-20,23,725.0,1.0498117578916883,call,0.28,0.3,0.29,0.0199999999999999,2032.0,21515.0,0.1070645935058593
2026-02-25 10:43:14,690.6,2026-03-20,23,730.0,1.0570518389805963,call,0.16,0.17,0.165,0.01,15232.0,33910.0,0.108407353515625
2026-02-25 10:43:14,690.6,2026-03-20,23,735.0,1.064291920069505,call,0.09,0.1,0.095,0.01,48.0,9598.0,0.1106045971679687
2026-02-25 10:43:14,690.6,2026-03-20,23,740.0,1.0715320011584129,call,0.06,0.07,0.065,0.01,12.0,14991.0,0.11524322265625
2026-02-25 10:43:14,690.6,2026-03-20,23,745.0,1.0787720822473212,call,0.04,0.05,0.045,0.01,15.0,8291.0,0.1201259863281249
2026-02-25 10:43:14,690.6,2026-03-20,23,750.0,1.0860121633362294,call,0.03,0.04,0.035,0.01,27.0,22643.0,0.125985302734375
2026-02-25 10:43:14,690.6,2026-03-20,23,780.0,1.1294526498696784,call,0.01,0.02,0.015,0.01,51.0,19855.0,0.16602396484375
2026-02-25 10:43:14,690.6,2026-03-20,23,790.0,1.143932812047495,call,0.01,0.02,0.015,0.01,10.0,6699.0,0.18164880859375
2026-02-25 10:43:14,690.6,2026-03-20,23,800.0,1.1584129742253113,call,0.01,0.02,0.015,0.01,100.0,26656.0,0.19727365234375
2026-02-25 10:43:14,690.6,2026-03-20,23,805.0,1.1656530553142197,call,0.01,0.02,0.015,0.01,22.0,2417.0,0.2050860742187499
2026-02-25 10:43:14,690.6,2026-03-20,23,340.0,0.4923255140457573,put,0.01,0.02,0.015,0.01,13.0,1852.0,0.8437515624999999
2026-02-25 10:43:14,690.6,2026-03-20,23,350.0,0.5068056762235736,put,0.01,0.02,0.015,0.01,121.0,3779.0,0.8125018749999999
2026-02-25 10:43:14,690.6,2026-03-20,23,355.0,0.5140457573124819,put,0.01,0.02,0.015,0.01,10.0,3478.0,0.79687703125
2026-02-25 10:43:14,690.6,2026-03-20,23,375.0,0.5430060816681147,put,0.01,0.02,0.015,0.01,34.0,5988.0,0.73437765625
2026-02-25 10:43:14,690.6,2026-03-20,23,380.0,0.5502461627570229,put,0.01,0.02,0.015,0.01,928.0,12657.0,0.7187528125
2026-02-25 10:43:14,690.6,2026-03-20,23,385.0,0.557486243845931,put,0.02,0.03,0.025,0.0099999999999999,100.0,5825.0,0.73437765625
2026-02-25 10:43:14,690.6,2026-03-20,23,390.0,0.5647263249348392,put,0.02,0.03,0.025,0.0099999999999999,109.0,1848.0,0.7187528125
2026-02-25 10:43:14,690.6,2026-03-20,23,395.0,0.5719664060237475,put,0.02,0.03,0.025,0.0099999999999999,841.0,4709.0,0.70312796875
2026-02-25 10:43:14,690.6,2026-03-20,23,400.0,0.5792064871126557,put,0.02,0.03,0.025,0.0099999999999999,501.0,21709.0,0.6875031250000001
2026-02-25 10:43:14,690.6,2026-03-20,23,405.0,0.5864465682015638,put,0.02,0.03,0.025,0.0099999999999999,163.0,6169.0,0.6718782812500002
2026-02-25 10:43:14,690.6,2026-03-20,23,410.0,0.593686649290472,put,0.03,0.04,0.035,0.01,50.0,3374.0,0.6777375976562501
2026-02-25 10:43:14,690.6,2026-03-20,23,420.0,0.6081668114682884,put,0.03,0.04,0.035,0.01,26.0,5348.0,0.648441015625
2026-02-25 10:43:14,690.6,2026-03-20,23,435.0,0.629887054735013,put,0.04,0.05,0.045,0.01,44.0,2681.0,0.6191444335937502
2026-02-25 10:43:14,690.6,2026-03-20,23,460.0,0.666087460179554,put,0.06,0.07,0.065,0.01,56.0,80094.0,0.56836369140625
2026-02-25 10:43:14,690.6,2026-03-20,23,465.0,0.6733275412684622,put,0.07,0.08,0.075,0.0099999999999999,16.0,2935.0,0.5625043750000001
2026-02-25 10:43:14,690.6,2026-03-20,23,470.0,0.6805676223573703,put,0.07,0.08,0.075,0.0099999999999999,39.0,7475.0,0.5488326367187502
2026-02-25 10:43:14,690.6,2026-03-20,23,480.0,0.6950477845351868,put,0.09,0.1,0.095,0.01,12.0,5840.0,0.53320779296875
2026-02-25 10:43:14,690.6,2026-03-20,23,490.0,0.7095279467130031,put,0.1,0.11,0.105,0.0099999999999999,54.0,6162.0,0.5107470800781251
2026-02-25 10:43:14,690.6,2026-03-20,23,495.0,0.7167680278019114,put,0.11,0.12,0.1149999999999999,0.0099999999999999,28.0,7275.0,0.5019581054687501
2026-02-25 10:43:14,690.6,2026-03-20,23,500.0,0.7240081088908196,put,0.12,0.13,0.125,0.01,93.0,39481.0,0.495122236328125
2026-02-25 10:43:14,690.6,2026-03-20,23,505.0,0.7312481899797277,put,0.13,0.14,0.135,0.01,1577.0,4811.0,0.485356708984375
2026-02-25 10:43:14,690.6,2026-03-20,23,515.0,0.7457283521575442,put,0.15,0.16,0.155,0.01,100.0,9247.0,0.4648491015625
2026-02-25 10:43:14,690.6,2026-03-20,23,520.0,0.7529684332464524,put,0.16,0.17,0.165,0.01,13.0,158421.0,0.454107021484375
2026-02-25 10:43:14,690.6,2026-03-20,23,525.0,0.7602085143353605,put,0.18,0.19,0.185,0.01,14.0,7302.0,0.446294599609375
2026-02-25 10:43:14,690.6,2026-03-20,23,530.0,0.7674485954242687,put,0.19,0.2,0.195,0.01,15.0,19450.0,0.43555251953125
2026-02-25 10:43:14,690.6,2026-03-20,23,535.0,0.774688676513177,put,0.21,0.22,0.215,0.01,14.0,6234.0,0.426763544921875
2026-02-25 10:43:14,690.6,2026-03-20,23,540.0,0.7819287576020851,put,0.23,0.24,0.235,0.0099999999999999,40.0,12970.0,0.4174862939453124
2026-02-25 10:43:14,690.6,2026-03-20,23,545.0,0.7891688386909933,put,0.25,0.26,0.255,0.01,33.0,10774.0,0.4077207666015625
2026-02-25 10:43:14,690.6,2026-03-20,23,550.0,0.7964089197799015,put,0.27,0.28,0.275,0.01,81.0,34762.0,0.3979552392578125
2026-02-25 10:43:14,690.6,2026-03-20,23,560.0,0.8108890819577179,put,0.32,0.33,0.325,0.01,38.0,20976.0,0.3784241845703124
2026-02-25 10:43:14,690.6,2026-03-20,23,565.0,0.8181291630466261,put,0.35,0.36,0.355,0.01,132.0,7513.0,0.36914693359375
2026-02-25 10:43:14,690.6,2026-03-20,23,570.0,0.8253692441355343,put,0.38,0.39,0.385,0.01,46.0,11086.0,0.3591372680664062
2026-02-25 10:43:14,690.6,2026-03-20,23,580.0,0.8398494063133507,put,0.46,0.47,0.4649999999999999,0.0099999999999999,1540.0,95985.0,0.3405827661132812
2026-02-25 10:43:14,690.6,2026-03-20,23,585.0,0.8470894874022589,put,0.5,0.51,0.505,0.01,75.0,18656.0,0.3305731005859375
2026-02-25 10:43:14,690.6,2026-03-20,23,590.0,0.854329568491167,put,0.55,0.56,0.555,0.01,107.0,17463.0,0.3210517114257812
2026-02-25 10:43:14,690.6,2026-03-20,23,595.0,0.8615696495800753,put,0.62,0.63,0.625,0.01,478.0,28481.0,0.3126289440917968
2026-02-25 10:43:14,690.6,2026-03-20,23,600.0,0.8688097306689835,put,0.69,0.7,0.695,0.01,914.0,57232.0,0.3034737622070312
2026-02-25 10:43:14,690.6,2026-03-20,23,605.0,0.8760498117578916,put,0.77,0.78,0.775,0.01,206.0,29235.0,0.2943185803222655
2026-02-25 10:43:14,690.6,2026-03-20,23,610.0,0.8832898928467998,put,0.88,0.89,0.885,0.01,180.0,43550.0,0.2863840893554687
2026-02-25 10:43:14,690.6,2026-03-20,23,612.0,0.8861859252823632,put,0.92,0.93,0.925,0.01,71.0,897.0,0.2825999475097656
2026-02-25 10:43:14,690.6,2026-03-20,23,614.0,0.8890819577179264,put,0.97,0.98,0.975,0.01,472.0,1672.0,0.2793040820312499
2026-02-25 10:43:14,690.6,2026-03-20,23,615.0,0.8905299739357081,put,0.99,1.0,0.995,0.01,183.0,33812.0,0.2773509765624999
2026-02-25 10:43:14,690.6,2026-03-20,23,616.0,0.8919779901534897,put,1.02,1.03,1.025,0.01,54.0,731.0,0.2758861474609374
2026-02-25 10:43:14,690.6,2026-03-20,23,620.0,0.8977700550246163,put,1.14,1.15,1.145,0.01,225.0,61248.0,0.2695385546875
2026-02-25 10:43:14,690.6,2026-03-20,23,621.0,0.8992180712423978,put,1.16,1.17,1.165,0.01,21.0,1418.0,0.2673413110351562
2026-02-25 10:43:14,690.6,2026-03-20,23,622.0,0.9006660874601795,put,1.2,1.21,1.205,0.01,331.0,2022.0,0.2659985510253906
2026-02-25 10:43:14,690.6,2026-03-20,23,623.0,0.9021141036779612,put,1.24,1.25,1.245,0.01,362.0,1692.0,0.2647168255615234
2026-02-25 10:43:14,690.6,2026-03-20,23,624.0,0.9035621198957428,put,1.26,1.28,1.27,0.02,76.0,1299.0,0.2628247546386719
2026-02-25 10:43:14,690.6,2026-03-20,23,625.0,0.9050101361135244,put,1.3,1.31,1.3050000000000002,0.01,1242.0,36697.0,0.2609937182617187
2026-02-25 10:43:14,690.6,2026-03-20,23,627.0,0.9079061685490876,put,1.37,1.38,1.375,0.0099999999999997,60.0,1201.0,0.2574537145996094
2026-02-25 10:43:14,690.6,2026-03-20,23,629.0,0.910802200984651,put,1.46,1.47,1.465,0.01,61.0,528.0,0.2546461254882813
2026-02-25 10:43:14,690.6,2026-03-20,23,630.0,0.9122502172024326,put,1.51,1.52,1.515,0.01,1616.0,37795.0,0.2533033654785156
2026-02-25 10:43:14,690.6,2026-03-20,23,631.0,0.9136982334202144,put,1.56,1.57,1.565,0.01,46.0,958.0,0.25196060546875
2026-02-25 10:43:14,690.6,2026-03-20,23,632.0,0.915146249637996,put,1.61,1.62,1.6150000000000002,0.01,31.0,1233.0,0.2504957763671874
2026-02-25 10:43:14,690.6,2026-03-20,23,633.0,0.9165942658557776,put,1.64,1.65,1.645,0.01,51.0,969.0,0.2482374981689453
2026-02-25 10:43:14,690.6,2026-03-20,23,634.0,0.9180422820735592,put,1.71,1.72,1.715,0.01,21.0,632.0,0.2473830145263671
2026-02-25 10:43:14,690.6,2026-03-20,23,635.0,0.9194902982913408,put,1.75,1.77,1.76,0.02,1187.0,18867.0,0.2457350817871093
2026-02-25 10:43:14,690.6,2026-03-20,23,636.0,0.9209383145091224,put,1.8,1.81,1.805,0.01,25.0,1501.0,0.2437209417724609
2026-02-25 10:43:14,690.6,2026-03-20,23,637.0,0.922386330726904,put,1.86,1.88,1.87,0.0199999999999997,108.0,1364.0,0.242622319946289
2026-02-25 10:43:14,690.6,2026-03-20,23,638.0,0.9238343469446858,put,1.92,1.93,1.925,0.01,78.0,776.0,0.2407912835693359
2026-02-25 10:43:14,690.6,2026-03-20,23,639.0,0.9252823631624674,put,1.98,1.99,1.985,0.01,344.0,2206.0,0.2392654199218749
2026-02-25 10:43:14,690.6,2026-03-20,23,640.0,0.926730379380249,put,2.01,2.02,2.0149999999999997,0.0100000000000002,2461.0,53751.0,0.2367019689941406
2026-02-25 10:43:14,690.6,2026-03-20,23,641.0,0.9281783955980306,put,2.1,2.11,2.105,0.0099999999999997,46.0,1505.0,0.2359695544433593
2026-02-25 10:43:14,690.6,2026-03-20,23,643.0,0.931074428033594,put,2.22,2.23,2.225,0.0099999999999997,22.0,823.0,0.23242955078125
2026-02-25 10:43:14,690.6,2026-03-20,23,644.0,0.9325224442513756,put,2.31,2.33,2.3200000000000003,0.02,56.0,1914.0,0.2316971362304687
2026-02-25 10:43:14,690.6,2026-03-20,23,645.0,0.9339704604691572,put,2.39,2.4,2.395,0.0099999999999997,316.0,77961.0,0.2300492034912109
2026-02-25 10:43:14,690.6,2026-03-20,23,646.0,0.9354184766869388,put,2.43,2.45,2.4400000000000004,0.02,60.0,1053.0,0.2277298907470702
2026-02-25 10:43:14,690.6,2026-03-20,23,647.0,0.9368664929047203,put,2.54,2.56,2.55,0.02,86.0,5846.0,0.2270585107421874
2026-02-25 10:43:14,690.6,2026-03-20,23,648.0,0.938314509122502,put,2.62,2.63,2.625,0.0099999999999997,158.0,4997.0,0.2251664398193359
2026-02-25 10:43:14,690.6,2026-03-20,23,649.0,0.9397625253402838,put,2.7,2.71,2.705,0.0099999999999997,128.0,6413.0,0.2235185070800781
2026-02-25 10:43:14,690.6,2026-03-20,23,650.0,0.9412105415580654,put,2.79,2.8,2.795,0.0099999999999997,1414.0,100652.0,0.2219926434326171
2026-02-25 10:43:14,690.6,2026-03-20,23,651.0,0.9426585577758472,put,2.86,2.88,2.87,0.02,87.0,8814.0,0.220161607055664
2026-02-25 10:43:14,690.6,2026-03-20,23,652.0,0.9441065739936289,put,2.98,2.99,2.9850000000000003,0.0100000000000002,191.0,12188.0,0.2190019506835937
2026-02-25 10:43:14,690.6,2026-03-20,23,653.0,0.9455545902114104,put,3.07,3.08,3.075,0.0100000000000002,17304.0,26804.0,0.217231948852539
2026-02-25 10:43:14,690.6,2026-03-20,23,654.0,0.947002606429192,put,3.15,3.17,3.16,0.02,86.0,5129.0,0.2154009124755859
2026-02-25 10:43:14,690.6,2026-03-20,23,655.0,0.9484506226469736,put,3.22,3.24,3.2300000000000004,0.02,602.0,43057.0,0.213051082458496
2026-02-25 10:43:14,690.6,2026-03-20,23,656.0,0.9498986388647552,put,3.38,3.4,3.3899999999999997,0.02,5033.0,11954.0,0.2126848751831054
2026-02-25 10:43:14,690.6,2026-03-20,23,657.0,0.9513466550825368,put,3.48,3.5,3.49,0.02,26.0,5591.0,0.2108233215332031
2026-02-25 10:43:14,690.6,2026-03-20,23,658.0,0.9527946713003186,put,3.57,3.59,3.58,0.02,17081.0,8231.0,0.2086871124267577
2026-02-25 10:43:14,690.6,2026-03-20,23,659.0,0.9542426875181002,put,3.72,3.74,3.73,0.02,10.0,15408.0,0.2077715942382812
2026-02-25 10:43:14,690.6,2026-03-20,23,660.0,0.9556907037358818,put,3.83,3.85,3.84,0.02,628.0,78356.0,0.2058490060424804
2026-02-25 10:43:14,690.6,2026-03-20,23,661.0,0.9571387199536634,put,3.93,3.95,3.94,0.02,73.0,3954.0,0.2036822796630859
2026-02-25 10:43:14,690.6,2026-03-20,23,662.0,0.9585867361714452,put,4.09,4.11,4.1,0.0200000000000004,67.0,6576.0,0.2026446923828124
2026-02-25 10:43:14,690.6,2026-03-20,23,663.0,0.9600347523892268,put,4.25,4.26,4.255,0.0099999999999997,38.0,5578.0,0.2012714151000976
2026-02-25 10:43:14,690.6,2026-03-20,23,664.0,0.9614827686070084,put,4.35,4.37,4.359999999999999,0.0200000000000004,17.0,5002.0,0.1990131369018554
2026-02-25 10:43:14,690.6,2026-03-20,23,665.0,0.96293078482479,put,4.45,4.46,4.455,0.0099999999999997,560.0,33076.0,0.196297099609375
2026-02-25 10:43:14,690.6,2026-03-20,23,666.0,0.9643788010425716,put,4.63,4.65,4.640000000000001,0.0200000000000004,45.0,2630.0,0.1953815814208984
2026-02-25 10:43:14,690.6,2026-03-20,23,667.0,0.9658268172603532,put,4.81,4.83,4.82,0.0200000000000004,95.0,3245.0,0.1941608905029297
2026-02-25 10:43:14,690.6,2026-03-20,23,668.0,0.9672748334781348,put,4.94,4.96,4.95,0.0199999999999995,104.0,3244.0,0.1919026123046875
2026-02-25 10:43:14,690.6,2026-03-20,23,669.0,0.9687228496959166,put,5.15,5.17,5.16,0.0199999999999995,20.0,2601.0,0.1909870941162109
2026-02-25 10:43:14,690.6,2026-03-20,23,670.0,0.9701708659136982,put,5.27,5.3,5.285,0.0300000000000002,1906.0,70487.0,0.1885457122802734
2026-02-25 10:43:14,690.6,2026-03-20,23,672.0,0.9730668983492616,put,5.67,5.69,5.68,0.0200000000000004,81.0,3658.0,0.1855550195312499
2026-02-25 10:43:14,690.6,2026-03-20,23,674.0,0.9759629307848248,put,5.98,6.0,5.99,0.0199999999999995,44.0,2487.0,0.1807332904052734
2026-02-25 10:43:14,690.6,2026-03-20,23,675.0,0.9774109470026064,put,6.25,6.27,6.26,0.0199999999999995,475.0,79425.0,0.1800313931274414
2026-02-25 10:43:14,690.6,2026-03-20,23,676.0,0.978858963220388,put,6.38,6.41,6.395,0.0300000000000002,33.0,1334.0,0.1771017349243164
2026-02-25 10:43:14,690.6,2026-03-20,23,677.0,0.9803069794381696,put,6.67,6.69,6.68,0.0200000000000004,41.0,6169.0,0.1762777685546875
2026-02-25 10:43:14,690.6,2026-03-20,23,678.0,0.9817549956559514,put,6.88,6.91,6.895,0.0300000000000002,62.0,2929.0,0.1743551803588867
2026-02-25 10:43:14,690.6,2026-03-20,23,679.0,0.9832030118737328,put,7.05,7.07,7.0600000000000005,0.0200000000000004,41.0,1870.0,0.1713644876098632
2026-02-25 10:43:14,690.6,2026-03-20,23,680.0,0.9846510280915146,put,7.26,7.28,7.27,0.0200000000000004,1546.0,47634.0,0.1690451748657226
2026-02-25 10:43:14,690.6,2026-03-20,23,681.0,0.9860990443092962,put,7.55,7.57,7.56,0.0200000000000004,48.0,1978.0,0.1677634494018555
2026-02-25 10:43:14,690.6,2026-03-20,23,682.0,0.987547060527078,put,7.8,7.82,7.81,0.0200000000000004,154.0,3270.0,0.1657187921142578
2026-02-25 10:43:14,690.6,2026-03-20,23,683.0,0.9889950767448596,put,8.08,8.1,8.09,0.0199999999999995,232.0,3208.0,0.1639793075561523
2026-02-25 10:43:14,690.6,2026-03-20,23,684.0,0.9904430929626412,put,8.34,8.36,8.35,0.0199999999999995,220.0,4119.0,0.1617820639038085
2026-02-25 10:43:14,690.6,2026-03-20,23,685.0,0.9918911091804228,put,8.69,8.71,8.7,0.0200000000000013,1204.0,37240.0,0.1607444766235352
2026-02-25 10:43:14,690.6,2026-03-20,23,686.0,0.9933391253982043,put,8.93,8.94,8.934999999999999,0.0099999999999997,159.0,5605.0,0.1577537838745117
2026-02-25 10:43:14,690.6,2026-03-20,23,687.0,0.994787141615986,put,9.28,9.3,9.29,0.0200000000000013,188.0,10450.0,0.1565025756835937
2026-02-25 10:43:14,690.6,2026-03-20,23,688.0,0.9962351578337676,put,9.55,9.58,9.565,0.0299999999999993,205.0,11929.0,0.1538780902099609
2026-02-25 10:43:14,690.6,2026-03-20,23,689.0,0.9976831740515494,put,9.94,9.96,9.95,0.0200000000000013,435.0,3095.0,0.1525200715637207
2026-02-25 10:43:14,690.6,2026-03-20,23,690.0,0.999131190269331,put,10.27,10.3,10.285,0.0300000000000011,2820.0,29459.0,0.1503686038208008
2026-02-25 10:43:14,690.6,2026-03-20,23,691.0,1.0005792064871126,put,10.59,10.62,10.605,0.0299999999999993,683.0,1909.0,0.147744118347168
2026-02-25 10:43:14,690.6,2026-03-20,23,692.0,1.0020272227048943,put,11.0,11.03,11.015,0.0299999999999993,173.0,3969.0,0.1461877374267577
2026-02-25 10:43:14,690.6,2026-03-20,23,693.0,1.003475238922676,put,11.4,11.43,11.415,0.0299999999999993,119.0,3322.0,0.144265149230957
2026-02-25 10:43:14,690.6,2026-03-20,23,694.0,1.0049232551404574,put,11.81,11.83,11.82,0.0199999999999995,48.0,3274.0,0.1420984228515625
2026-02-25 10:43:14,690.6,2026-03-20,23,695.0,1.0063712713582391,put,12.18,12.3,12.24,0.120000000000001,114.0,12549.0,0.1406946282958984
2026-02-25 10:43:14,690.6,2026-03-20,23,700.0,1.0136113524471473,put,14.4,14.67,14.535,0.2699999999999996,98.0,8034.0,0.1300441000366211
2026-02-25 10:43:14,690.6,2026-03-20,23,705.0,1.0208514335360557,put,17.5,17.75,17.625,0.25,17.0,5041.0,0.1228115063476562
2026-02-25 10:43:14,690.6,2026-03-20,23,709.0,1.0266434984071822,put,20.03,20.51,20.270000000000003,0.4800000000000004,11.0,139.0,0.1158535681152343
2026-02-25 10:43:14,690.6,2026-03-20,23,720.0,1.0425716768027802,put,29.41,29.86,29.635,0.4499999999999993,50.0,3575.0,0.1052335571289062
2026-02-25 10:43:14,690.6,2026-03-27,30,640.0,0.926730379380249,call,54.47,54.91,54.69,0.4399999999999977,54.0,690.0,0.2623364782714844
2026-02-25 10:43:14,690.6,2026-03-27,30,641.0,0.9281783955980306,call,53.37,53.84,53.605,0.4700000000000059,24.0,24.0,0.257270610961914
2026-02-25 10:43:14,690.6,2026-03-27,30,644.0,0.9325224442513756,call,50.71,51.16,50.935,0.4499999999999957,25.0,25.0,0.2530287100219727
2026-02-25 10:43:14,690.6,2026-03-27,30,645.0,0.9339704604691572,call,49.7,50.09,49.895,0.3900000000000005,116.0,198.0,0.2479323254394531
2026-02-25 10:43:14,690.6,2026-03-27,30,654.0,0.947002606429192,call,41.58,41.99,41.785,0.4100000000000037,101.0,50.0,0.2310257562255859
2026-02-25 10:43:14,690.6,2026-03-27,30,655.0,0.9484506226469736,call,40.73,41.05,40.89,0.3200000000000003,107.0,86.0,0.2281876498413085
2026-02-25 10:43:14,690.6,2026-03-27,30,665.0,0.96293078482479,call,32.01,32.34,32.175,0.3300000000000054,11.0,44.0,0.2085650433349609
2026-02-25 10:43:14,690.6,2026-03-27,30,666.0,0.9643788010425716,call,31.16,31.49,31.325,0.3299999999999983,10.0,3.0,0.2065509033203124
2026-02-25 10:43:14,690.6,2026-03-27,30,672.0,0.9730668983492616,call,26.19,26.54,26.365,0.3499999999999978,11.0,4.0,0.1952289950561523
2026-02-25 10:43:14,690.6,2026-03-27,30,678.0,0.9817549956559514,call,21.48,21.85,21.665,0.370000000000001,14.0,69.0,0.1843953631591796
2026-02-25 10:43:14,690.6,2026-03-27,30,680.0,0.9846510280915146,call,19.94,20.16,20.05,0.2199999999999988,42.0,113.0,0.1783224258422852
2026-02-25 10:43:14,690.6,2026-03-27,30,683.0,0.9889950767448596,call,17.69,17.91,17.8,0.2199999999999988,12.0,270.0,0.1722189712524414
2026-02-25 10:43:14,690.6,2026-03-27,30,685.0,0.9918911091804228,call,16.35,16.5,16.425,0.1499999999999985,21.0,2193.0,0.1687094848632813
2026-02-25 10:43:14,690.6,2026-03-27,30,686.0,0.9933391253982043,call,15.61,15.82,15.715,0.2100000000000008,23.0,337.0,0.1670615521240234
2026-02-25 10:43:14,690.6,2026-03-27,30,687.0,0.994787141615986,call,14.88,15.17,15.025,0.2899999999999991,44.0,757.0,0.1656882748413086
2026-02-25 10:43:14,690.6,2026-03-27,30,688.0,0.9962351578337676,call,14.23,14.43,14.33,0.1999999999999993,38.0,672.0,0.1630332720947265
2026-02-25 10:43:14,690.6,2026-03-27,30,689.0,0.9976831740515494,call,13.65,13.7,13.675,0.0499999999999989,45.0,363.0,0.1603782693481445
2026-02-25 10:43:14,690.6,2026-03-27,30,690.0,0.999131190269331,call,12.94,12.98,12.96,0.0400000000000009,156.0,1290.0,0.1576927493286132
2026-02-25 10:43:14,690.6,2026-03-27,30,691.0,1.0005792064871126,call,12.3,12.35,12.325,0.0499999999999989,281.0,219.0,0.155983782043457
2026-02-25 10:43:14,690.6,2026-03-27,30,692.0,1.0020272227048943,call,11.58,11.62,11.6,0.0399999999999991,55.0,1314.0,0.1528710202026367
2026-02-25 10:43:14,690.6,2026-03-27,30,693.0,1.003475238922676,call,11.0,11.04,11.02,0.0399999999999991,32.0,286.0,0.151451967010498
2026-02-25 10:43:14,690.6,2026-03-27,30,694.0,1.0049232551404574,call,10.37,10.41,10.39,0.0400000000000009,16.0,1109.0,0.1492547233581543
2026-02-25 10:43:14,690.6,2026-03-27,30,695.0,1.0063712713582391,call,9.79,9.83,9.81,0.0400000000000009,74.0,500.0,0.1474999801635742
2026-02-25 10:43:14,690.6,2026-03-27,30,697.0,1.0092673037938025,call,8.7,8.74,8.719999999999999,0.0400000000000009,11.0,76.0,0.1443261837768554
2026-02-25 10:43:14,690.6,2026-03-27,30,698.0,1.0107153200115842,call,8.06,8.1,8.08,0.0399999999999991,29.0,239.0,0.1412439392089844
2026-02-25 10:43:14,690.6,2026-03-27,30,699.0,1.0121633362293658,call,7.53,7.57,7.550000000000001,0.04,52.0,236.0,0.1393518682861328
2026-02-25 10:43:14,690.6,2026-03-27,30,700.0,1.0136113524471473,call,7.02,7.05,7.035,0.0300000000000002,65.0,853.0,0.1373987628173828
2026-02-25 10:43:14,690.6,2026-03-27,30,701.0,1.015059368664929,call,6.52,6.56,6.539999999999999,0.04,34.0,724.0,0.1355982437133789
2026-02-25 10:43:14,690.6,2026-03-27,30,703.0,1.0179554011004923,call,5.61,5.64,5.625,0.0299999999999993,12.0,646.0,0.132119274597168
2026-02-25 10:43:14,690.6,2026-03-27,30,705.0,1.0208514335360557,call,4.77,4.8,4.785,0.0300000000000002,50.0,1042.0,0.1287623745727539
2026-02-25 10:43:14,690.6,2026-03-27,30,706.0,1.0222994497538371,call,4.36,4.4,4.380000000000001,0.04,88.0,8960.0,0.1269923727416992
2026-02-25 10:43:14,690.6,2026-03-27,30,707.0,1.0237474659716188,call,4.01,4.04,4.025,0.0300000000000002,43.0,858.0,0.1255275436401367
2026-02-25 10:43:14,690.6,2026-03-27,30,708.0,1.0251954821894005,call,3.64,3.67,3.655,0.0299999999999998,21.0,1501.0,0.1236659899902343
2026-02-25 10:43:14,690.6,2026-03-27,30,709.0,1.0266434984071822,call,3.33,3.35,3.34,0.02,24.0,613.0,0.1222621954345703
2026-02-25 10:43:14,690.6,2026-03-27,30,710.0,1.0280915146249638,call,3.02,3.04,3.03,0.02,161.0,2429.0,0.1207668490600586
2026-02-25 10:43:14,690.6,2026-03-27,30,711.0,1.0295395308427453,call,2.73,2.75,2.74,0.02,27.0,600.0,0.1193020199584961
2026-02-25 10:43:14,690.6,2026-03-27,30,712.0,1.030987547060527,call,2.48,2.51,2.495,0.0299999999999998,12.0,522.0,0.1184170190429687
2026-02-25 10:43:14,690.6,2026-03-27,30,713.0,1.0324355632783089,call,2.24,2.26,2.25,0.0199999999999995,96.0,456.0,0.1170742590332031
2026-02-25 10:43:14,690.6,2026-03-27,30,715.0,1.035331595713872,call,1.79,1.81,1.8,0.02,72.0,1580.0,0.1144192562866211
2026-02-25 10:43:14,690.6,2026-03-27,30,717.0,1.0382276281494351,call,1.44,1.46,1.45,0.02,10.0,108.0,0.1126187371826171
2026-02-25 10:43:14,690.6,2026-03-27,30,718.0,1.0396756443672168,call,1.28,1.29,1.285,0.01,16.0,435.0,0.1113370117187499
2026-02-25 10:43:14,690.6,2026-03-27,30,719.0,1.0411236605849985,call,1.14,1.16,1.15,0.02,50.0,177.0,0.110787700805664
2026-02-25 10:43:14,690.6,2026-03-27,30,720.0,1.0425716768027802,call,1.02,1.04,1.03,0.02,92.0,1215.0,0.1102383898925781
2026-02-25 10:43:14,690.6,2026-03-27,30,721.0,1.044019693020562,call,0.91,0.93,0.92,0.02,77.0,55.0,0.1096280444335937
2026-02-25 10:43:14,690.6,2026-03-27,30,722.0,1.0454677092383435,call,0.81,0.82,0.815,0.0099999999999998,294.0,59.0,0.1087735607910156
2026-02-25 10:43:14,690.6,2026-03-27,30,723.0,1.046915725456125,call,0.71,0.73,0.72,0.02,260.0,141.0,0.1082852844238281
2026-02-25 10:43:14,690.6,2026-03-27,30,725.0,1.0498117578916883,call,0.57,0.59,0.58,0.02,79.0,914.0,0.1079190771484375
2026-02-25 10:43:14,690.6,2026-03-27,30,730.0,1.0570518389805963,call,0.33,0.34,0.335,0.01,49.0,4602.0,0.1073087316894531
2026-02-25 10:43:14,690.6,2026-03-27,30,735.0,1.064291920069505,call,0.2,0.21,0.205,0.0099999999999999,31.0,3497.0,0.1086514916992187
2026-02-25 10:43:14,690.6,2026-03-27,30,740.0,1.0715320011584129,call,0.13,0.14,0.135,0.01,274.0,756.0,0.1113370117187499
2026-02-25 10:43:14,690.6,2026-03-27,30,765.0,1.107732406602954,call,0.03,0.04,0.035,0.01,49.0,257.0,0.1342860009765625
2026-02-25 10:43:14,690.6,2026-03-27,30,785.0,1.1366927309585868,call,0.01,0.02,0.015,0.01,12.0,15.0,0.153328779296875
2026-02-25 10:43:14,690.6,2026-03-27,30,795.0,1.1511728931364031,call,0.01,0.02,0.015,0.01,113.0,1001.0,0.167000517578125
2026-02-25 10:43:14,690.6,2026-03-27,30,800.0,1.1584129742253113,call,0.01,0.02,0.015,0.01,408.0,2821.0,0.17383638671875
2026-02-25 10:43:14,690.6,2026-03-27,30,805.0,1.1656530553142197,call,0.01,0.02,0.015,0.01,1415.0,1609.0,0.179695703125
2026-02-25 10:43:14,690.6,2026-03-27,30,810.0,1.1728931364031276,call,0.01,0.02,0.015,0.01,1043.0,1027.0,0.187508125
2026-02-25 10:43:14,690.6,2026-03-27,30,530.0,0.7674485954242687,put,0.32,0.33,0.325,0.01,160.0,238.0,0.4086973193359374
2026-02-25 10:43:14,690.6,2026-03-27,30,535.0,0.774688676513177,put,0.35,0.36,0.355,0.01,20.0,506.0,0.4008848974609375
2026-02-25 10:43:14,690.6,2026-03-27,30,540.0,0.7819287576020851,put,0.38,0.39,0.385,0.01,10.0,555.0,0.3923400610351562
2026-02-25 10:43:14,690.6,2026-03-27,30,545.0,0.7891688386909933,put,0.4,0.41,0.405,0.0099999999999999,83.0,616.0,0.3820862573242187
2026-02-25 10:43:14,690.6,2026-03-27,30,555.0,0.8036490008688097,put,0.48,0.49,0.485,0.01,16.0,174.0,0.3659731372070312
2026-02-25 10:43:14,690.6,2026-03-27,30,560.0,0.8108890819577179,put,0.52,0.53,0.525,0.01,86.0,194.0,0.35742830078125
2026-02-25 10:43:14,690.6,2026-03-27,30,565.0,0.8181291630466261,put,0.56,0.57,0.565,0.0099999999999998,54.0,434.0,0.3483951879882812
2026-02-25 10:43:14,690.6,2026-03-27,30,580.0,0.8398494063133507,put,0.72,0.73,0.725,0.01,593.0,1593.0,0.3222724023437499
2026-02-25 10:43:14,690.6,2026-03-27,30,585.0,0.8470894874022589,put,0.81,0.82,0.815,0.0099999999999998,10.0,234.0,0.315314464111328
2026-02-25 10:43:14,690.6,2026-03-27,30,590.0,0.854329568491167,put,0.88,0.89,0.885,0.01,16.0,334.0,0.3064034204101562
2026-02-25 10:43:14,690.6,2026-03-27,30,600.0,0.8688097306689835,put,1.07,1.09,1.08,0.02,191.0,1679.0,0.2904123693847655
2026-02-25 10:43:14,690.6,2026-03-27,30,605.0,0.8760498117578916,put,1.19,1.2,1.1949999999999998,0.01,10.0,3617.0,0.2818675329589843
2026-02-25 10:43:14,690.6,2026-03-27,30,619.0,0.8963220388068346,put,1.66,1.68,1.67,0.02,17.0,46.0,0.2614209600830078
2026-02-25 10:43:14,690.6,2026-03-27,30,620.0,0.8977700550246163,put,1.7,1.72,1.71,0.02,67.0,2104.0,0.2598950964355468
2026-02-25 10:43:14,690.6,2026-03-27,30,623.0,0.9021141036779612,put,1.82,1.83,1.825,0.01,32.0,49.0,0.2547071600341797
2026-02-25 10:43:14,690.6,2026-03-27,30,625.0,0.9050101361135244,put,1.92,1.94,1.93,0.02,50.0,493.0,0.2523268127441406
2026-02-25 10:43:14,690.6,2026-03-27,30,626.0,0.906458152331306,put,1.99,2.0,1.995,0.01,11.0,220.0,0.2512281909179687
2026-02-25 10:43:14,690.6,2026-03-27,30,627.0,0.9079061685490876,put,2.02,2.04,2.03,0.02,12.0,130.0,0.2493971545410156
2026-02-25 10:43:14,690.6,2026-03-27,30,628.0,0.9093541847668694,put,2.08,2.1,2.09,0.02,11.0,275.0,0.2481764636230468
2026-02-25 10:43:14,690.6,2026-03-27,30,630.0,0.9122502172024326,put,2.2,2.22,2.21,0.02,24.0,663.0,0.245551978149414
2026-02-25 10:43:14,690.6,2026-03-27,30,633.0,0.9165942658557776,put,2.37,2.4,2.385,0.0299999999999998,16.0,161.0,0.241218525390625
2026-02-25 10:43:14,690.6,2026-03-27,30,634.0,0.9180422820735592,put,2.43,2.45,2.4400000000000004,0.02,10.0,688.0,0.2393874890136718
2026-02-25 10:43:14,690.6,2026-03-27,30,635.0,0.9194902982913408,put,2.49,2.52,2.505,0.0299999999999998,10.0,613.0,0.2380447290039062
2026-02-25 10:43:14,690.6,2026-03-27,30,636.0,0.9209383145091224,put,2.57,2.59,2.58,0.02,29.0,157.0,0.2367019689941406
2026-02-25 10:43:14,690.6,2026-03-27,30,639.0,0.9252823631624674,put,2.78,2.8,2.79,0.02,38.0,150.0,0.2322464471435547
2026-02-25 10:43:14,690.6,2026-03-27,30,640.0,0.926730379380249,put,2.85,2.87,2.8600000000000003,0.02,43.0,1766.0,0.2306595489501953
2026-02-25 10:43:14,690.6,2026-03-27,30,641.0,0.9281783955980306,put,2.92,2.94,2.9299999999999997,0.02,22.0,213.0,0.2290116162109375
2026-02-25 10:43:14,690.6,2026-03-27,30,645.0,0.9339704604691572,put,3.27,3.28,3.275,0.0099999999999997,52.0,523.0,0.2232743688964843
2026-02-25 10:43:14,690.6,2026-03-27,30,646.0,0.9354184766869388,put,3.33,3.35,3.34,0.02,27.0,191.0,0.2213517807006835
2026-02-25 10:43:14,690.6,2026-03-27,30,648.0,0.938314509122502,put,3.54,3.56,3.55,0.02,66.0,225.0,0.2188798815917968
2026-02-25 10:43:14,690.6,2026-03-27,30,650.0,0.9412105415580654,put,3.71,3.74,3.725,0.0300000000000002,179.0,1611.0,0.2155229815673828
2026-02-25 10:43:14,690.6,2026-03-27,30,651.0,0.9426585577758472,put,3.82,3.84,3.83,0.02,26.0,82.0,0.2139360833740234
2026-02-25 10:43:14,690.6,2026-03-27,30,653.0,0.9455545902114104,put,4.07,4.1,4.085,0.0299999999999993,10.0,202.0,0.2117998742675781
2026-02-25 10:43:14,690.6,2026-03-27,30,654.0,0.947002606429192,put,4.17,4.19,4.18,0.0200000000000004,34.0,183.0,0.2098162515258789
2026-02-25 10:43:14,690.6,2026-03-27,30,655.0,0.9484506226469736,put,4.29,4.31,4.3,0.0199999999999995,46.0,584.0,0.2083819396972655
2026-02-25 10:43:14,690.6,2026-03-27,30,658.0,0.9527946713003186,put,4.63,4.66,4.645,0.0300000000000002,192.0,288.0,0.2033771069335937
2026-02-25 10:43:14,690.6,2026-03-27,30,659.0,0.9542426875181002,put,4.8,4.83,4.8149999999999995,0.0300000000000002,17.0,82.0,0.2025226232910155
2026-02-25 10:43:14,690.6,2026-03-27,30,660.0,0.9556907037358818,put,4.94,4.96,4.95,0.0199999999999995,114.0,1423.0,0.2008746905517577
2026-02-25 10:43:14,690.6,2026-03-27,30,661.0,0.9571387199536634,put,5.06,5.09,5.074999999999999,0.0300000000000002,13.0,111.0,0.1991657232666015
2026-02-25 10:43:14,690.6,2026-03-27,30,663.0,0.9600347523892268,put,5.34,5.37,5.355,0.0300000000000002,18.0,107.0,0.1958393405151367
2026-02-25 10:43:14,690.6,2026-03-27,30,665.0,0.96293078482479,put,5.66,5.69,5.675000000000001,0.0300000000000002,15.0,650.0,0.192818130493164
2026-02-25 10:43:14,690.6,2026-03-27,30,668.0,0.9672748334781348,put,6.15,6.18,6.165,0.0299999999999993,34.0,148.0,0.1878438150024414
2026-02-25 10:43:14,690.6,2026-03-27,30,670.0,0.9701708659136982,put,6.53,6.56,6.545,0.0299999999999993,30.0,992.0,0.1849141567993164
2026-02-25 10:43:14,690.6,2026-03-27,30,672.0,0.9730668983492616,put,6.85,6.88,6.865,0.0300000000000002,13.0,194.0,0.1807027731323242
2026-02-25 10:43:14,690.6,2026-03-27,30,673.0,0.9745149145670432,put,7.1,7.13,7.115,0.0300000000000002,78.0,198.0,0.1797872549438476
2026-02-25 10:43:14,690.6,2026-03-27,30,674.0,0.9759629307848248,put,7.29,7.32,7.305,0.0300000000000002,33.0,189.0,0.1778646667480468
2026-02-25 10:43:14,690.6,2026-03-27,30,675.0,0.9774109470026064,put,7.51,7.54,7.525,0.0300000000000002,2101.0,3462.0,0.1763082858276367
2026-02-25 10:43:14,690.6,2026-03-27,30,676.0,0.978858963220388,put,7.66,7.69,7.675000000000001,0.0300000000000002,35.0,261.0,0.1736532830810547
2026-02-25 10:43:14,690.6,2026-03-27,30,677.0,0.9803069794381696,put,7.97,8.0,7.984999999999999,0.0300000000000002,11.0,423.0,0.1731039721679687
2026-02-25 10:43:14,690.6,2026-03-27,30,679.0,0.9832030118737328,put,8.42,8.45,8.434999999999999,0.0299999999999993,22.0,404.0,0.1693198303222656
2026-02-25 10:43:14,690.6,2026-03-27,30,680.0,0.9846510280915146,put,8.63,8.67,8.65,0.0399999999999991,294.0,1170.0,0.1672141384887695
2026-02-25 10:43:14,690.6,2026-03-27,30,681.0,0.9860990443092962,put,8.95,8.98,8.965,0.0300000000000011,200.0,625.0,0.1661765512084961
2026-02-25 10:43:14,690.6,2026-03-27,30,682.0,0.987547060527078,put,9.11,9.14,9.125,0.0300000000000011,421.0,362.0,0.1630332720947265
2026-02-25 10:43:14,690.6,2026-03-27,30,683.0,0.9889950767448596,put,9.43,9.46,9.445,0.0300000000000011,19.0,964.0,0.1618736157226562
2026-02-25 10:43:14,690.6,2026-03-27,30,684.0,0.9904430929626412,put,9.74,9.77,9.755,0.0299999999999993,23.0,675.0,0.1604393038940429
2026-02-25 10:43:14,690.6,2026-03-27,30,685.0,0.9918911091804228,put,10.06,10.09,10.075,0.0299999999999993,387.0,1141.0,0.1590049920654297
2026-02-25 10:43:14,690.6,2026-03-27,30,686.0,0.9933391253982043,put,10.35,10.38,10.365,0.0300000000000011,17.0,496.0,0.1570518865966797
2026-02-25 10:43:14,690.6,2026-03-27,30,687.0,0.994787141615986,put,10.62,10.66,10.64,0.0400000000000009,140.0,599.0,0.1548241256713867
2026-02-25 10:43:14,690.6,2026-03-27,30,688.0,0.9962351578337676,put,10.91,10.94,10.925,0.0299999999999993,43.0,572.0,0.1524590370178223
2026-02-25 10:43:14,690.6,2026-03-27,30,689.0,0.9976831740515494,put,11.32,11.36,11.34,0.0399999999999991,29.0,320.0,0.1516961051940918
2026-02-25 10:43:14,690.6,2026-03-27,30,690.0,0.999131190269331,put,11.68,11.71,11.695,0.0300000000000011,167.0,967.0,0.1499108447265625
2026-02-25 10:43:14,690.6,2026-03-27,30,691.0,1.0005792064871126,put,12.03,12.06,12.045,0.0300000000000011,314.0,570.0,0.1479577392578125
2026-02-25 10:43:14,690.6,2026-03-27,30,692.0,1.0020272227048943,put,12.39,12.43,12.41,0.0399999999999991,335.0,174.0,0.1460809269714355
2026-02-25 10:43:14,690.6,2026-03-27,30,693.0,1.003475238922676,put,12.82,12.85,12.835,0.0299999999999993,31.0,394.0,0.1446618737792968
2026-02-25 10:43:14,690.6,2026-03-27,30,694.0,1.0049232551404574,put,13.11,13.14,13.125,0.0300000000000011,17.0,475.0,0.1414575601196289
2026-02-25 10:43:14,690.6,2026-03-27,30,695.0,1.0063712713582391,put,13.53,13.58,13.555,0.0500000000000007,18.0,231.0,0.1399164378356933
2026-02-25 10:43:14,690.6,2026-03-27,30,704.0,1.019403417318274,put,17.93,18.23,18.08,0.3000000000000007,13.0,14.0,0.125710647277832
2026-02-25 10:43:14,690.6,2026-03-31,34,635.0,0.9194902982913408,call,59.34,59.74,59.540000000000006,0.3999999999999986,14.0,1494.0,0.260200269165039
2026-02-25 10:43:14,690.6,2026-03-31,34,640.0,0.926730379380249,call,54.61,55.07,54.84,0.4600000000000008,44.0,3726.0,0.2500685345458984
2026-02-25 10:43:14,690.6,2026-03-31,34,645.0,0.9339704604691572,call,50.19,50.55,50.37,0.3599999999999994,37.0,560.0,0.2419509399414062
2026-02-25 10:43:14,690.6,2026-03-31,34,651.0,0.9426585577758472,call,44.73,45.21,44.97,0.480000000000004,50.0,54.0,0.2320938607788085
2026-02-25 10:43:14,690.6,2026-03-31,34,656.0,0.9498986388647552,call,40.23,40.61,40.42,0.3800000000000025,11.0,17.0,0.2201310897827147
2026-02-25 10:43:14,690.6,2026-03-31,34,664.0,0.9614827686070084,call,33.5,33.85,33.675,0.3500000000000014,16.0,12.0,0.2076800424194335
2026-02-25 10:43:14,690.6,2026-03-31,34,669.0,0.9687228496959166,call,29.02,29.4,29.21,0.379999999999999,33.0,35.0,0.1947102014160156
2026-02-25 10:43:14,690.6,2026-03-31,34,673.0,0.9745149145670432,call,26.01,26.35,26.18,0.3399999999999998,71.0,55.0,0.1900258000183106
2026-02-25 10:43:14,690.6,2026-03-31,34,675.0,0.9774109470026064,call,24.35,24.52,24.435,0.1699999999999981,15.0,1089.0,0.1832357067871093
2026-02-25 10:43:14,690.6,2026-03-31,34,676.0,0.978858963220388,call,23.54,23.86,23.7,0.3200000000000003,20.0,56.0,0.1829915686035156
2026-02-25 10:43:14,690.6,2026-03-31,34,679.0,0.9832030118737328,call,21.27,21.46,21.365,0.1900000000000012,12.0,343.0,0.1763693203735352
2026-02-25 10:43:14,690.6,2026-03-31,34,680.0,0.9846510280915146,call,20.6,20.74,20.67,0.139999999999997,33.0,6321.0,0.1749807844543457
2026-02-25 10:43:14,690.6,2026-03-31,34,681.0,0.9860990443092962,call,19.73,20.03,19.880000000000003,0.3000000000000007,58.0,604.0,0.1735922485351562
2026-02-25 10:43:14,690.6,2026-03-31,34,685.0,0.9918911091804228,call,16.94,17.06,17.0,0.1199999999999974,52.0,3715.0,0.1654441366577148
2026-02-25 10:43:14,690.6,2026-03-31,34,686.0,0.9933391253982043,call,16.21,16.41,16.310000000000002,0.1999999999999993,308.0,1043.0,0.1642387043762207
2026-02-25 10:43:14,690.6,2026-03-31,34,688.0,0.9962351578337676,call,14.75,15.01,14.88,0.2599999999999998,28.0,590.0,0.1602562002563476
2026-02-25 10:43:14,690.6,2026-03-31,34,689.0,0.9976831740515494,call,14.21,14.24,14.225,0.0299999999999993,11.0,1020.0,0.1572655075073242
2026-02-25 10:43:14,690.6,2026-03-31,34,690.0,0.999131190269331,call,13.53,13.57,13.55,0.0400000000000009,91.0,5739.0,0.1553124020385742
2026-02-25 10:43:14,690.6,2026-03-31,34,691.0,1.0005792064871126,call,12.87,12.9,12.885,0.0300000000000011,21.0,1332.0,0.1532372274780273
2026-02-25 10:43:14,690.6,2026-03-31,34,693.0,1.003475238922676,call,11.63,11.66,11.645,0.0299999999999993,25.0,727.0,0.1498192929077148
2026-02-25 10:43:14,690.6,2026-03-31,34,694.0,1.0049232551404574,call,11.0,11.03,11.015,0.0299999999999993,18.0,1144.0,0.147744118347168
2026-02-25 10:43:14,690.6,2026-03-31,34,695.0,1.0063712713582391,call,10.42,10.46,10.44,0.0400000000000009,69.0,3136.0,0.1462487719726562
2026-02-25 10:43:14,690.6,2026-03-31,34,696.0,1.0078192875760208,call,9.87,9.9,9.885,0.0300000000000011,17.0,792.0,0.1447076496887206
2026-02-25 10:43:14,690.6,2026-03-31,34,698.0,1.0107153200115842,call,8.74,8.77,8.754999999999999,0.0299999999999993,12.0,363.0,0.1409998010253906
2026-02-25 10:43:14,690.6,2026-03-31,34,700.0,1.0136113524471473,call,7.72,7.75,7.734999999999999,0.0300000000000002,131.0,4235.0,0.1378870391845703
2026-02-25 10:43:14,690.6,2026-03-31,34,701.0,1.015059368664929,call,7.18,7.21,7.195,0.0300000000000002,10.0,912.0,0.1356897955322266
2026-02-25 10:43:14,690.6,2026-03-31,34,703.0,1.0179554011004923,call,6.23,6.26,6.245,0.0299999999999993,12.0,462.0,0.1322871195983886
2026-02-25 10:43:14,690.6,2026-03-31,34,704.0,1.019403417318274,call,5.79,5.82,5.805,0.0300000000000002,174.0,670.0,0.1307154800415039
2026-02-25 10:43:14,690.6,2026-03-31,34,705.0,1.0208514335360557,call,5.32,5.35,5.335,0.0299999999999993,142.0,3814.0,0.1285182363891601
2026-02-25 10:43:14,690.6,2026-03-31,34,706.0,1.0222994497538371,call,4.96,4.98,4.970000000000001,0.0200000000000004,15.0,1966.0,0.1274501318359375
2026-02-25 10:43:14,690.6,2026-03-31,34,707.0,1.0237474659716188,call,4.57,4.59,4.58,0.0199999999999995,11.0,1119.0,0.1258632336425781
2026-02-25 10:43:14,690.6,2026-03-31,34,709.0,1.0266434984071822,call,3.83,3.85,3.84,0.02,15.0,675.0,0.1225368508911133
2026-02-25 10:43:14,690.6,2026-03-31,34,710.0,1.0280915146249638,call,3.51,3.52,3.5149999999999997,0.0100000000000002,433.0,5740.0,0.1210720217895507
2026-02-25 10:43:14,690.6,2026-03-31,34,711.0,1.0295395308427453,call,3.21,3.23,3.22,0.02,73.0,1073.0,0.1199733999633788
2026-02-25 10:43:14,690.6,2026-03-31,34,712.0,1.030987547060527,call,2.9,2.92,2.91,0.02,171.0,1284.0,0.1182644326782226
2026-02-25 10:43:14,690.6,2026-03-31,34,713.0,1.0324355632783089,call,2.64,2.66,2.6500000000000004,0.02,111.0,22467.0,0.1171352935791015
2026-02-25 10:43:14,690.6,2026-03-31,34,714.0,1.0338835794960903,call,2.39,2.41,2.4000000000000004,0.02,45.0,2052.0,0.1159146026611328
2026-02-25 10:43:14,690.6,2026-03-31,34,715.0,1.035331595713872,call,2.19,2.2,2.1950000000000003,0.0100000000000002,355.0,5137.0,0.1151211535644531
2026-02-25 10:43:14,690.6,2026-03-31,34,716.0,1.0367796119316537,call,1.96,1.97,1.965,0.01,92.0,310.0,0.1136868417358398
2026-02-25 10:43:14,690.6,2026-03-31,34,717.0,1.0382276281494351,call,1.76,1.78,1.77,0.02,42.0,654.0,0.1127713235473632
2026-02-25 10:43:14,690.6,2026-03-31,34,718.0,1.0396756443672168,call,1.58,1.6,1.59,0.02,34.0,754.0,0.111764253540039
2026-02-25 10:43:14,690.6,2026-03-31,34,720.0,1.0425716768027802,call,1.28,1.3,1.29,0.02,18.0,4457.0,0.1102994244384765
2026-02-25 10:43:14,690.6,2026-03-31,34,725.0,1.0498117578916883,call,0.75,0.76,0.755,0.01,15.0,4648.0,0.1075528698730468
2026-02-25 10:43:14,690.6,2026-03-31,34,735.0,1.064291920069505,call,0.27,0.28,0.275,0.01,30.0,2096.0,0.1073087316894531
2026-02-25 10:43:14,690.6,2026-03-31,34,736.0,1.0657399362872864,call,0.24,0.25,0.245,0.01,10.0,542.0,0.1071866625976562
2026-02-25 10:43:14,690.6,2026-03-31,34,740.0,1.0715320011584129,call,0.17,0.18,0.175,0.0099999999999999,49.0,5736.0,0.1088956298828125
2026-02-25 10:43:14,690.6,2026-03-31,34,741.0,1.0729800173761943,call,0.16,0.17,0.165,0.01,80.0,621.0,0.1096280444335937
2026-02-25 10:43:14,690.6,2026-03-31,34,750.0,1.0860121633362294,call,0.08,0.09,0.0849999999999999,0.0099999999999999,11.0,3400.0,0.1149990844726562
2026-02-25 10:43:14,690.6,2026-03-31,34,760.0,1.1004923255140455,call,0.05,0.06,0.055,0.0099999999999999,70.0,2361.0,0.1245204736328125
2026-02-25 10:43:14,690.6,2026-03-31,34,765.0,1.107732406602954,call,0.04,0.05,0.045,0.01,13.0,1410.0,0.1294032373046875
2026-02-25 10:43:14,690.6,2026-03-31,34,770.0,1.114972487691862,call,0.03,0.04,0.035,0.01,10.0,5366.0,0.133797724609375
2026-02-25 10:43:14,690.6,2026-03-31,34,775.0,1.1222125687807702,call,0.02,0.03,0.025,0.0099999999999999,1851.0,3151.0,0.1367273828125
2026-02-25 10:43:14,690.6,2026-03-31,34,790.0,1.143932812047495,call,0.01,0.02,0.015,0.01,58.0,5303.0,0.15039912109375
2026-02-25 10:43:14,690.6,2026-03-31,34,795.0,1.1511728931364031,call,0.01,0.02,0.015,0.01,116.0,2839.0,0.157234990234375
2026-02-25 10:43:14,690.6,2026-03-31,34,800.0,1.1584129742253113,call,0.01,0.02,0.015,0.01,20.0,11628.0,0.164070859375
2026-02-25 10:43:14,690.6,2026-03-31,34,805.0,1.1656530553142197,call,0.01,0.02,0.015,0.01,1680.0,3070.0,0.16993017578125
2026-02-25 10:43:14,690.6,2026-03-31,34,810.0,1.1728931364031276,call,0.01,0.02,0.015,0.01,3311.0,3503.0,0.1757894921875
2026-02-25 10:43:14,690.6,2026-03-31,34,820.0,1.187373298580944,call,0.01,0.02,0.015,0.01,5783.0,5793.0,0.187508125
2026-02-25 10:43:14,690.6,2026-03-31,34,830.0,1.2018534607587603,call,0.01,0.02,0.015,0.01,12.0,39.0,0.1992267578125
2026-02-25 10:43:14,690.6,2026-03-31,34,345.0,0.4995655951346655,put,0.03,0.04,0.035,0.01,116.0,8690.0,0.73437765625
2026-02-25 10:43:14,690.6,2026-03-31,34,355.0,0.5140457573124819,put,0.03,0.04,0.035,0.01,39.0,1982.0,0.7070341796875
2026-02-25 10:43:14,690.6,2026-03-31,34,365.0,0.5285259194902983,put,0.04,0.05,0.045,0.01,50.0,831.0,0.6914093359375001
2026-02-25 10:43:14,690.6,2026-03-31,34,370.0,0.5357660005792064,put,0.04,0.05,0.045,0.01,52.0,411.0,0.6796907031250001
2026-02-25 10:43:14,690.6,2026-03-31,34,380.0,0.5502461627570229,put,0.05,0.06,0.055,0.0099999999999999,20.0,417.0,0.6640658593750002
2026-02-25 10:43:14,690.6,2026-03-31,34,385.0,0.557486243845931,put,0.05,0.06,0.055,0.0099999999999999,10.0,563.0,0.65039412109375
2026-02-25 10:43:14,690.6,2026-03-31,34,400.0,0.5792064871126557,put,0.06,0.07,0.065,0.01,33.0,15758.0,0.6191444335937502
2026-02-25 10:43:14,690.6,2026-03-31,34,410.0,0.593686649290472,put,0.07,0.08,0.075,0.0099999999999999,20.0,1397.0,0.6015664843750002
2026-02-25 10:43:14,690.6,2026-03-31,34,435.0,0.629887054735013,put,0.1,0.11,0.105,0.0099999999999999,21.0,894.0,0.5566450585937501
2026-02-25 10:43:14,690.6,2026-03-31,34,455.0,0.6588473790906458,put,0.14,0.15,0.145,0.0099999999999999,240.0,384.0,0.5239305419921875
2026-02-25 10:43:14,690.6,2026-03-31,34,460.0,0.666087460179554,put,0.15,0.16,0.155,0.01,320.0,2939.0,0.5151415673828125
2026-02-25 10:43:14,690.6,2026-03-31,34,470.0,0.6805676223573703,put,0.17,0.18,0.175,0.0099999999999999,300.0,801.0,0.4985401708984375
2026-02-25 10:43:14,690.6,2026-03-31,34,480.0,0.6950477845351868,put,0.19,0.2,0.195,0.01,216.0,76303.0,0.4794973925781249
2026-02-25 10:43:14,690.6,2026-03-31,34,504.0,0.7298001737619461,put,0.27,0.28,0.275,0.01,19.0,630.0,0.43945873046875
2026-02-25 10:43:14,690.6,2026-03-31,34,506.0,0.7326962061975094,put,0.27,0.28,0.275,0.01,29.0,483.0,0.434575966796875
2026-02-25 10:43:14,690.6,2026-03-31,34,511.0,0.7399362872864176,put,0.3,0.31,0.305,0.01,39.0,361.0,0.42774009765625
2026-02-25 10:43:14,690.6,2026-03-31,34,514.0,0.7442803359397625,put,0.31,0.32,0.315,0.01,29.0,1447.0,0.4221249194335937
2026-02-25 10:43:14,690.6,2026-03-31,34,515.0,0.7457283521575442,put,0.31,0.32,0.315,0.01,42.0,2775.0,0.4196835375976562
2026-02-25 10:43:14,690.6,2026-03-31,34,516.0,0.7471763683753258,put,0.32,0.33,0.325,0.01,31.0,236.0,0.418951123046875
2026-02-25 10:43:14,690.6,2026-03-31,34,517.0,0.7486243845931074,put,0.32,0.33,0.325,0.01,15.0,166.0,0.4165097412109374
2026-02-25 10:43:14,690.6,2026-03-31,34,518.0,0.7500724008108891,put,0.33,0.34,0.335,0.01,196.0,459.0,0.4155331884765625
2026-02-25 10:43:14,690.6,2026-03-31,34,519.0,0.7515204170286707,put,0.33,0.34,0.335,0.01,10.0,1009.0,0.4130918066406249
2026-02-25 10:43:14,690.6,2026-03-31,34,521.0,0.754416449464234,put,0.34,0.35,0.345,0.0099999999999999,201.0,540.0,0.4099180102539062
2026-02-25 10:43:14,690.6,2026-03-31,34,528.0,0.7645525629887054,put,0.38,0.39,0.385,0.01,29.0,327.0,0.3986876538085938
2026-02-25 10:43:14,690.6,2026-03-31,34,529.0,0.7660005792064871,put,0.39,0.4,0.395,0.01,100.0,462.0,0.397466962890625
2026-02-25 10:43:14,690.6,2026-03-31,34,530.0,0.7674485954242687,put,0.39,0.4,0.395,0.01,163.0,151629.0,0.3950255810546875
2026-02-25 10:43:14,690.6,2026-03-31,34,532.0,0.770344627859832,put,0.4,0.41,0.405,0.0099999999999999,100.0,158.0,0.3916076464843749
2026-02-25 10:43:14,690.6,2026-03-31,34,535.0,0.774688676513177,put,0.42,0.43,0.425,0.01,30.0,708.0,0.3867248828124999
2026-02-25 10:43:14,690.6,2026-03-31,34,536.0,0.7761366927309585,put,0.42,0.43,0.425,0.01,250.0,517.0,0.3842835009765625
2026-02-25 10:43:14,690.6,2026-03-31,34,538.0,0.7790327251665219,put,0.44,0.45,0.445,0.01,168.0,244.0,0.3818421191406249
2026-02-25 10:43:14,690.6,2026-03-31,34,541.0,0.7833767738198668,put,0.46,0.47,0.4649999999999999,0.0099999999999999,307.0,807.0,0.3767152172851562
2026-02-25 10:43:14,690.6,2026-03-31,34,544.0,0.7877208224732116,put,0.48,0.49,0.485,0.01,160.0,548.0,0.3715883154296875
2026-02-25 10:43:14,690.6,2026-03-31,34,545.0,0.7891688386909933,put,0.48,0.49,0.485,0.01,50.0,19118.0,0.36914693359375
2026-02-25 10:43:14,690.6,2026-03-31,34,546.0,0.790616854908775,put,0.49,0.5,0.495,0.01,49.0,2852.0,0.3679262426757813
2026-02-25 10:43:14,690.6,2026-03-31,34,548.0,0.7935128873443382,put,0.51,0.52,0.515,0.01,26.0,433.0,0.3649965844726562
2026-02-25 10:43:14,690.6,2026-03-31,34,549.0,0.7949609035621199,put,0.51,0.52,0.515,0.01,29.0,485.0,0.3625552026367187
2026-02-25 10:43:14,690.6,2026-03-31,34,551.0,0.7978569359976831,put,0.53,0.54,0.535,0.01,16.0,267.0,0.3596255444335937
2026-02-25 10:43:14,690.6,2026-03-31,34,552.0,0.7993049522154648,put,0.54,0.55,0.545,0.01,14.0,479.0,0.3581607153320312
2026-02-25 10:43:14,690.6,2026-03-31,34,553.0,0.8007529684332464,put,0.55,0.56,0.555,0.01,509.0,808.0,0.3566958862304687
2026-02-25 10:43:14,690.6,2026-03-31,34,554.0,0.8022009846510281,put,0.56,0.57,0.565,0.0099999999999998,30.0,318.0,0.3552310571289062
2026-02-25 10:43:14,690.6,2026-03-31,34,556.0,0.8050970170865913,put,0.58,0.59,0.585,0.01,43.0,203.0,0.3520572607421874
2026-02-25 10:43:14,690.6,2026-03-31,34,557.0,0.806545033304373,put,0.58,0.59,0.585,0.01,62.0,377.0,0.3496158789062499
2026-02-25 10:43:14,690.6,2026-03-31,34,558.0,0.8079930495221547,put,0.59,0.6,0.595,0.01,130.0,430.0,0.3480289807128905
2026-02-25 10:43:14,690.6,2026-03-31,34,561.0,0.8123370981754995,put,0.62,0.63,0.625,0.01,305.0,770.0,0.3431462170410155
2026-02-25 10:43:14,690.6,2026-03-31,34,564.0,0.8166811468288444,put,0.65,0.66,0.655,0.01,56.0,316.0,0.3381413842773437
2026-02-25 10:43:14,690.6,2026-03-31,34,566.0,0.8195771792644078,put,0.68,0.69,0.685,0.0099999999999998,90.0,491.0,0.3357000024414062
2026-02-25 10:43:14,690.6,2026-03-31,34,567.0,0.8210251954821893,put,0.7,0.7,0.7,0.0,148.0,304.0,0.3338689660644531
2026-02-25 10:43:14,690.6,2026-03-31,34,569.0,0.8239212279177527,put,0.71,0.72,0.715,0.01,42.0,797.0,0.3303289624023437
2026-02-25 10:43:14,690.6,2026-03-31,34,570.0,0.8253692441355343,put,0.73,0.74,0.735,0.01,11.0,1492.0,0.3293524096679687
2026-02-25 10:43:14,690.6,2026-03-31,34,572.0,0.8282652765710976,put,0.75,0.76,0.755,0.01,170.0,795.0,0.3258124060058593
2026-02-25 10:43:14,690.6,2026-03-31,34,573.0,0.8297132927888792,put,0.76,0.77,0.765,0.01,302.0,352.0,0.3239813696289061
2026-02-25 10:43:14,690.6,2026-03-31,34,574.0,0.8311613090066609,put,0.78,0.79,0.785,0.01,76.0,2372.0,0.3228827478027343
2026-02-25 10:43:14,690.6,2026-03-31,34,576.0,0.8340573414422241,put,0.81,0.82,0.815,0.0099999999999998,112.0,722.0,0.3198310205078124
2026-02-25 10:43:14,690.6,2026-03-31,34,577.0,0.8355053576600058,put,0.82,0.83,0.825,0.01,79.0,2453.0,0.3179999841308593
2026-02-25 10:43:14,690.6,2026-03-31,34,579.0,0.838401390095569,put,0.86,0.87,0.865,0.01,116.0,613.0,0.3154365332031249
2026-02-25 10:43:14,690.6,2026-03-31,34,580.0,0.8398494063133507,put,0.86,0.87,0.865,0.01,15.0,81207.0,0.3128730822753905
2026-02-25 10:43:14,690.6,2026-03-31,34,581.0,0.8412974225311323,put,0.88,0.89,0.885,0.01,64.0,569.0,0.3115303222656249
2026-02-25 10:43:14,690.6,2026-03-31,34,584.0,0.8456414711844772,put,0.94,0.95,0.945,0.01,99.0,501.0,0.307502042236328
2026-02-25 10:43:14,690.6,2026-03-31,34,585.0,0.8470894874022589,put,0.95,0.96,0.955,0.01,43.0,3061.0,0.3055489367675781
2026-02-25 10:43:14,690.6,2026-03-31,34,590.0,0.854329568491167,put,1.05,1.06,1.0550000000000002,0.01,159.0,80263.0,0.2981027221679687
2026-02-25 10:43:14,690.6,2026-03-31,34,600.0,0.8688097306689835,put,1.27,1.29,1.28,0.02,92.0,25256.0,0.2828440856933593
2026-02-25 10:43:14,690.6,2026-03-31,34,605.0,0.8760498117578916,put,1.42,1.43,1.4249999999999998,0.01,41.0,7233.0,0.2753978710937499
2026-02-25 10:43:14,690.6,2026-03-31,34,610.0,0.8832898928467998,put,1.59,1.6,1.5950000000000002,0.01,53.0,2821.0,0.2683178637695312
2026-02-25 10:43:14,690.6,2026-03-31,34,615.0,0.8905299739357081,put,1.77,1.78,1.775,0.01,79.0,3281.0,0.2608106146240234
2026-02-25 10:43:14,690.6,2026-03-31,34,620.0,0.8977700550246163,put,1.97,1.98,1.975,0.01,61.0,9034.0,0.2531812963867187
2026-02-25 10:43:14,690.6,2026-03-31,34,621.0,0.8992180712423978,put,2.04,2.05,2.045,0.0099999999999997,18.0,714.0,0.2525099163818359
2026-02-25 10:43:14,690.6,2026-03-31,34,623.0,0.9021141036779612,put,2.15,2.16,2.155,0.0100000000000002,121.0,729.0,0.2500075
2026-02-25 10:43:14,690.6,2026-03-31,34,625.0,0.9050101361135244,put,2.24,2.25,2.245,0.0099999999999997,678.0,6238.0,0.2467726690673828
2026-02-25 10:43:14,690.6,2026-03-31,34,626.0,0.906458152331306,put,2.29,2.31,2.3,0.02,30.0,857.0,0.2454909436035156
2026-02-25 10:43:14,690.6,2026-03-31,34,627.0,0.9079061685490876,put,2.34,2.35,2.345,0.0100000000000002,38.0,1228.0,0.2436599072265625
2026-02-25 10:43:14,690.6,2026-03-31,34,628.0,0.9093541847668694,put,2.42,2.43,2.425,0.0100000000000002,22.0,507.0,0.2428664581298827
2026-02-25 10:43:14,690.6,2026-03-31,34,630.0,0.9122502172024326,put,2.54,2.56,2.55,0.02,84.0,7658.0,0.2403030072021484
2026-02-25 10:43:14,690.6,2026-03-31,34,634.0,0.9180422820735592,put,2.78,2.8,2.79,0.02,50.0,315.0,0.2341385180664062
2026-02-25 10:43:14,690.6,2026-03-31,34,635.0,0.9194902982913408,put,2.87,2.89,2.88,0.02,65.0,7484.0,0.2331924826049805
2026-02-25 10:43:14,690.6,2026-03-31,34,636.0,0.9209383145091224,put,2.91,2.92,2.915,0.0099999999999997,10.0,230.0,0.2307816180419922
2026-02-25 10:43:14,690.6,2026-03-31,34,638.0,0.9238343469446858,put,3.08,3.09,3.085,0.0099999999999997,10.0,872.0,0.2284317880249023
2026-02-25 10:43:14,690.6,2026-03-31,34,640.0,0.926730379380249,put,3.26,3.27,3.2649999999999997,0.0100000000000002,34.0,11163.0,0.2260819580078125
2026-02-25 10:43:14,690.6,2026-03-31,34,642.0,0.9296264118158124,put,3.41,3.43,3.42,0.02,98.0,845.0,0.2230607479858398
2026-02-25 10:43:14,690.6,2026-03-31,34,643.0,0.931074428033594,put,3.5,3.52,3.51,0.02,66.0,557.0,0.2216874707031249
2026-02-25 10:43:14,690.6,2026-03-31,34,645.0,0.9339704604691572,put,3.69,3.71,3.7,0.02,17.0,3300.0,0.2190019506835937
2026-02-25 10:43:14,690.6,2026-03-31,34,646.0,0.9354184766869388,put,3.78,3.8,3.79,0.02,47.0,18633.0,0.2174455697631835
2026-02-25 10:43:14,690.6,2026-03-31,34,647.0,0.9368664929047203,put,3.88,3.89,3.885,0.0100000000000002,62.0,1148.0,0.2158586715698242
2026-02-25 10:43:14,690.6,2026-03-31,34,648.0,0.938314509122502,put,3.98,3.99,3.985,0.0100000000000002,13.0,1356.0,0.2144243597412109
2026-02-25 10:43:14,690.6,2026-03-31,34,649.0,0.9397625253402838,put,4.09,4.11,4.1,0.0200000000000004,51.0,2554.0,0.2132647033691406
2026-02-25 10:43:14,690.6,2026-03-31,34,650.0,0.9412105415580654,put,4.19,4.2,4.195,0.0099999999999997,162.0,14402.0,0.2115252188110351
2026-02-25 10:43:14,690.6,2026-03-31,34,651.0,0.9426585577758472,put,4.26,4.28,4.27,0.0200000000000004,65.0,483.0,0.2095415960693359
2026-02-25 10:43:14,690.6,2026-03-31,34,652.0,0.9441065739936289,put,4.4,4.42,4.41,0.0199999999999995,87.0,10301.0,0.2085955606079101
2026-02-25 10:43:14,690.6,2026-03-31,34,653.0,0.9455545902114104,put,4.5,4.52,4.51,0.0199999999999995,14.0,380.0,0.2068560760498046
2026-02-25 10:43:14,690.6,2026-03-31,34,654.0,0.947002606429192,put,4.6,4.62,4.609999999999999,0.0200000000000004,15.0,649.0,0.2050555569458007
2026-02-25 10:43:14,690.6,2026-03-31,34,655.0,0.9484506226469736,put,4.72,4.74,4.73,0.0200000000000004,30.0,4134.0,0.203560210571289
2026-02-25 10:43:14,690.6,2026-03-31,34,656.0,0.9498986388647552,put,4.89,4.92,4.904999999999999,0.0300000000000002,11.0,263.0,0.2030108996582031
2026-02-25 10:43:14,690.6,2026-03-31,34,660.0,0.9556907037358818,put,5.39,5.41,5.4,0.0200000000000004,155.0,9727.0,0.1962665823364258
2026-02-25 10:43:14,690.6,2026-03-31,34,665.0,0.96293078482479,put,6.18,6.21,6.195,0.0300000000000002,48.0,5664.0,0.1892170922851562
2026-02-25 10:43:14,690.6,2026-03-31,34,666.0,0.9643788010425716,put,6.28,6.3,6.29,0.0199999999999995,18.0,602.0,0.1865468309020996
2026-02-25 10:43:14,690.6,2026-03-31,34,667.0,0.9658268172603532,put,6.48,6.51,6.495,0.0299999999999993,50.0,334.0,0.1855550195312499
2026-02-25 10:43:14,690.6,2026-03-31,34,670.0,0.9701708659136982,put,7.04,7.05,7.045,0.0099999999999997,146.0,6954.0,0.1808248422241211
2026-02-25 10:43:14,690.6,2026-03-31,34,672.0,0.9730668983492616,put,7.44,7.47,7.455,0.0299999999999993,62.0,1155.0,0.1780477703857422
2026-02-25 10:43:14,690.6,2026-03-31,34,674.0,0.9759629307848248,put,7.82,7.85,7.835,0.0299999999999993,17.0,331.0,0.1744009562683106
2026-02-25 10:43:14,690.6,2026-03-31,34,675.0,0.9774109470026064,put,8.01,8.04,8.024999999999999,0.0299999999999993,153.0,5500.0,0.1724325921630859
2026-02-25 10:43:14,690.6,2026-03-31,34,676.0,0.978858963220388,put,8.19,8.22,8.205,0.0300000000000011,11.0,482.0,0.1702658657836914
2026-02-25 10:43:14,690.6,2026-03-31,34,677.0,0.9803069794381696,put,8.45,8.48,8.465,0.0300000000000011,10.0,691.0,0.1690451748657226
2026-02-25 10:43:14,690.6,2026-03-31,34,679.0,0.9832030118737328,put,8.97,9.0,8.985,0.0299999999999993,29.0,1334.0,0.1662375857543945
2026-02-25 10:43:14,690.6,2026-03-31,34,680.0,0.9846510280915146,put,9.19,9.22,9.205,0.0300000000000011,276.0,4663.0,0.1641929284667969
2026-02-25 10:43:14,690.6,2026-03-31,34,681.0,0.9860990443092962,put,9.45,9.48,9.465,0.0300000000000011,11.0,871.0,0.162544995727539
2026-02-25 10:43:14,690.6,2026-03-31,34,684.0,0.9904430929626412,put,10.33,10.36,10.345,0.0299999999999993,12.0,627.0,0.1580894738769531
2026-02-25 10:43:14,690.6,2026-03-31,34,685.0,0.9918911091804228,put,10.57,10.61,10.59,0.0399999999999991,470.0,9329.0,0.1558617129516601
2026-02-25 10:43:14,690.6,2026-03-31,34,686.0,0.9933391253982043,put,10.93,10.96,10.945,0.0300000000000011,11.0,921.0,0.1547020565795898
2026-02-25 10:43:14,690.6,2026-03-31,34,687.0,0.994787141615986,put,11.18,11.21,11.195,0.0300000000000011,19.0,749.0,0.1522148988342285
2026-02-25 10:43:14,690.6,2026-03-31,34,688.0,0.9962351578337676,put,11.51,11.54,11.525,0.0299999999999993,165.0,972.0,0.1505517074584961
2026-02-25 10:43:14,690.6,2026-03-31,34,689.0,0.9976831740515494,put,11.88,11.9,11.89,0.0199999999999995,11.0,740.0,0.1491173956298828
2026-02-25 10:43:14,690.6,2026-03-31,34,690.0,0.999131190269331,put,12.25,12.26,12.255,0.0099999999999997,828.0,2724.0,0.1475304974365234
2026-02-25 10:43:14,690.6,2026-03-31,34,691.0,1.0005792064871126,put,12.6,12.63,12.615,0.0300000000000011,160.0,1548.0,0.1459283406066894
2026-02-25 10:43:14,690.6,2026-03-31,34,692.0,1.0020272227048943,put,12.96,12.99,12.975,0.0299999999999993,160.0,684.0,0.1440515283203124
2026-02-25 10:43:14,690.6,2026-03-31,34,694.0,1.0049232551404574,put,13.72,13.75,13.735,0.0299999999999993,23.0,774.0,0.1402979037475585
2026-02-25 10:43:14,690.6,2026-03-31,34,695.0,1.0063712713582391,put,14.03,14.07,14.05,0.0400000000000009,11.0,2127.0,0.1374750559997559
2026-02-25 10:43:14,690.6,2026-03-31,34,700.0,1.0136113524471473,put,16.36,16.55,16.455,0.1900000000000012,62.0,1513.0,0.1311122045898437
2026-02-25 10:43:14,690.6,2026-03-31,34,701.0,1.015059368664929,put,16.73,16.94,16.835,0.2100000000000008,30.0,266.0,0.127938408203125
2026-02-25 10:43:14,690.6,2026-03-31,34,703.0,1.0179554011004923,put,17.9,18.11,18.005,0.2100000000000008,301.0,1188.0,0.1258327163696289
2026-02-25 10:43:14,690.6,2026-03-31,34,707.0,1.0237474659716188,put,20.36,20.64,20.5,0.2800000000000011,202.0,150.0,0.1216213327026367
2026-02-25 10:43:14,690.6,2026-03-31,34,710.0,1.0280915146249638,put,22.31,22.63,22.47,0.3200000000000003,18.0,326.0,0.1173489144897461
2026-02-25 10:43:14,690.6,2026-03-31,34,711.0,1.0295395308427453,put,22.93,23.38,23.155,0.4499999999999993,26.0,36.0,0.1167385690307617
2026-02-25 10:43:14,690.6,2026-03-31,34,720.0,1.0425716768027802,put,29.93,30.34,30.135,0.4100000000000001,10.0,54.0,0.1023038989257812
2026-02-25 10:43:14,690.6,2026-04-02,36,675.0,0.9774109470026064,call,25.03,25.24,25.135,0.2099999999999973,106.0,92.0,0.1871724349975586
2026-02-25 10:43:14,690.6,2026-04-02,36,677.0,0.9803069794381696,call,23.32,23.64,23.48,0.3200000000000003,10.0,32.0,0.1830220858764648
2026-02-25 10:43:14,690.6,2026-04-02,36,679.0,0.9832030118737328,call,21.98,22.24,22.11,0.259999999999998,12.0,41.0,0.1809316526794433
2026-02-25 10:43:14,690.6,2026-04-02,36,681.0,0.9860990443092962,call,20.43,20.71,20.57,0.2800000000000011,40.0,138.0,0.1769186312866211
2026-02-25 10:43:14,690.6,2026-04-02,36,684.0,0.9904430929626412,call,18.31,18.55,18.43,0.240000000000002,52.0,144.0,0.1717612121582031
2026-02-25 10:43:14,690.6,2026-04-02,36,686.0,0.9933391253982043,call,16.9,17.12,17.009999999999998,0.2200000000000024,17.0,84.0,0.1679160357666015
2026-02-25 10:43:14,690.6,2026-04-02,36,689.0,0.9976831740515494,call,14.99,15.03,15.01,0.0399999999999991,12.0,136.0,0.1619804261779785
2026-02-25 10:43:14,690.6,2026-04-02,36,690.0,0.999131190269331,call,14.24,14.28,14.26,0.0399999999999991,52.0,175.0,0.1591575784301758
2026-02-25 10:43:14,690.6,2026-04-02,36,691.0,1.0005792064871126,call,13.71,13.75,13.73,0.0399999999999991,95.0,40.0,0.1587303366088867
2026-02-25 10:43:14,690.6,2026-04-02,36,692.0,1.0020272227048943,call,12.95,12.99,12.97,0.0400000000000009,22.0,28.0,0.1555260229492187
2026-02-25 10:43:14,690.6,2026-04-02,36,694.0,1.0049232551404574,call,11.72,11.76,11.74,0.0399999999999991,11.0,12.0,0.1520470538330078
2026-02-25 10:43:14,690.6,2026-04-02,36,695.0,1.0063712713582391,call,11.19,11.23,11.21,0.0400000000000009,16.0,192.0,0.1510705010986328
2026-02-25 10:43:14,690.6,2026-04-02,36,696.0,1.0078192875760208,call,10.6,10.64,10.62,0.0400000000000009,37.0,74.0,0.1492699819946289
2026-02-25 10:43:14,690.6,2026-04-02,36,697.0,1.0092673037938025,call,10.02,10.06,10.04,0.0400000000000009,23.0,61.0,0.1474084283447265
2026-02-25 10:43:14,690.6,2026-04-02,36,698.0,1.0107153200115842,call,9.44,9.48,9.46,0.0400000000000009,104.0,115.0,0.1454095469665527
2026-02-25 10:43:14,690.6,2026-04-02,36,700.0,1.0136113524471473,call,8.32,8.36,8.34,0.0399999999999991,22.0,385.0,0.1413660083007812
2026-02-25 10:43:14,690.6,2026-04-02,36,701.0,1.015059368664929,call,7.83,7.86,7.845000000000001,0.0300000000000002,16.0,54.0,0.1397791101074219
2026-02-25 10:43:14,690.6,2026-04-02,36,702.0,1.0165073848827106,call,7.31,7.34,7.324999999999999,0.0300000000000002,11.0,121.0,0.1377649700927734
2026-02-25 10:43:14,690.6,2026-04-02,36,703.0,1.0179554011004923,call,6.92,6.95,6.9350000000000005,0.0300000000000002,106.0,305.0,0.1371851419067383
2026-02-25 10:43:14,690.6,2026-04-02,36,704.0,1.019403417318274,call,6.41,6.45,6.43,0.04,12.0,132.0,0.135048932800293
2026-02-25 10:43:14,690.6,2026-04-02,36,706.0,1.0222994497538371,call,5.52,5.55,5.535,0.0300000000000002,409.0,347.0,0.1313868600463867
2026-02-25 10:43:14,690.6,2026-04-02,36,707.0,1.0237474659716188,call,5.13,5.17,5.15,0.04,21.0,988.0,0.1301661691284179
2026-02-25 10:43:14,690.6,2026-04-02,36,710.0,1.0280915146249638,call,4.04,4.07,4.055,0.0300000000000002,31.0,1517.0,0.125710647277832
2026-02-25 10:43:14,690.6,2026-04-02,36,720.0,1.0425716768027802,call,1.61,1.63,1.62,0.0199999999999997,51.0,1063.0,0.1146328771972656
2026-02-25 10:43:14,690.6,2026-04-02,36,725.0,1.0498117578916883,call,0.97,0.99,0.98,0.02,19.0,976.0,0.1115201153564453
2026-02-25 10:43:14,690.6,2026-04-02,36,750.0,1.0860121633362294,call,0.11,0.12,0.1149999999999999,0.0099999999999999,13.0,16.0,0.116219775390625
2026-02-25 10:43:14,690.6,2026-04-02,36,770.0,1.114972487691862,call,0.03,0.05,0.04,0.02,20.0,34.0,0.132821171875
2026-02-25 10:43:14,690.6,2026-04-02,36,785.0,1.1366927309585868,call,0.02,0.03,0.025,0.0099999999999999,490.0,492.0,0.145516357421875
2026-02-25 10:43:14,690.6,2026-04-02,36,795.0,1.1511728931364031,call,0.02,0.03,0.025,0.0099999999999999,10.0,12.0,0.15821154296875
2026-02-25 10:43:14,690.6,2026-04-02,36,510.0,0.7384882710686359,put,0.35,0.36,0.355,0.01,175.0,380.0,0.426763544921875
2026-02-25 10:43:14,690.6,2026-04-02,36,515.0,0.7457283521575442,put,0.37,0.38,0.375,0.01,15.0,66.0,0.4177304321289062
2026-02-25 10:43:14,690.6,2026-04-02,36,520.0,0.7529684332464524,put,0.39,0.4,0.395,0.01,10.0,61.0,0.4084531811523437
2026-02-25 10:43:14,690.6,2026-04-02,36,555.0,0.8036490008688097,put,0.66,0.68,0.67,0.02,12.0,34.0,0.3527896752929687
2026-02-25 10:43:14,690.6,2026-04-02,36,565.0,0.8181291630466261,put,0.78,0.79,0.785,0.01,11.0,57.0,0.3365544860839844
2026-02-25 10:43:14,690.6,2026-04-02,36,575.0,0.8326093252244425,put,0.92,0.93,0.925,0.01,11.0,49.0,0.3206855041503905
2026-02-25 10:43:14,690.6,2026-04-02,36,600.0,0.8688097306689835,put,1.46,1.47,1.465,0.01,127.0,5558.0,0.2828440856933593
2026-02-25 10:43:14,690.6,2026-04-02,36,605.0,0.8760498117578916,put,1.61,1.63,1.62,0.0199999999999997,118.0,1512.0,0.2757030438232422
2026-02-25 10:43:14,690.6,2026-04-02,36,610.0,0.8832898928467998,put,1.79,1.8,1.795,0.01,11.0,1433.0,0.2681957946777343
2026-02-25 10:43:14,690.6,2026-04-02,36,615.0,0.8905299739357081,put,1.97,1.99,1.98,0.02,12.0,132.0,0.2606275109863281
2026-02-25 10:43:14,690.6,2026-04-02,36,620.0,0.8977700550246163,put,2.22,2.25,2.2350000000000003,0.0299999999999998,26.0,415.0,0.2543714700317383
2026-02-25 10:43:14,690.6,2026-04-02,36,625.0,0.9050101361135244,put,2.49,2.51,2.5,0.0199999999999995,28.0,1192.0,0.2471388763427734
2026-02-25 10:43:14,690.6,2026-04-02,36,630.0,0.9122502172024326,put,2.79,2.82,2.8049999999999997,0.0299999999999998,10.0,1741.0,0.2402419726562499
2026-02-25 10:43:14,690.6,2026-04-02,36,635.0,0.9194902982913408,put,3.11,3.14,3.125,0.0300000000000002,11.0,857.0,0.2325516198730468
2026-02-25 10:43:14,690.6,2026-04-02,36,640.0,0.926730379380249,put,3.55,3.57,3.5599999999999996,0.02,11.0,600.0,0.2262040270996093
2026-02-25 10:43:14,690.6,2026-04-02,36,645.0,0.9339704604691572,put,4.01,4.04,4.025,0.0300000000000002,69.0,486.0,0.2193681579589843
2026-02-25 10:43:14,690.6,2026-04-02,36,650.0,0.9412105415580654,put,4.51,4.52,4.515,0.0099999999999997,181.0,843.0,0.2114336669921874
2026-02-25 10:43:14,690.6,2026-04-02,36,655.0,0.9484506226469736,put,5.13,5.16,5.145,0.0300000000000002,14.0,646.0,0.2049029705810546
2026-02-25 10:43:14,690.6,2026-04-02,36,656.0,0.9498986388647552,put,5.25,5.28,5.265000000000001,0.0300000000000002,13.0,26.0,0.203285555114746
2026-02-25 10:43:14,690.6,2026-04-02,36,660.0,0.9556907037358818,put,5.77,5.8,5.785,0.0300000000000002,14.0,576.0,0.1968464105224609
2026-02-25 10:43:14,690.6,2026-04-02,36,665.0,0.96293078482479,put,6.56,6.59,6.574999999999999,0.0300000000000002,21.0,208.0,0.1894307131958008
2026-02-25 10:43:14,690.6,2026-04-02,36,670.0,0.9701708659136982,put,7.47,7.5,7.484999999999999,0.0300000000000002,76.0,470.0,0.1818624295043945
2026-02-25 10:43:14,690.6,2026-04-02,36,671.0,0.9716188821314798,put,7.62,7.65,7.635,0.0300000000000002,11.0,156.0,0.1797109617614746
2026-02-25 10:43:14,690.6,2026-04-02,36,675.0,0.9774109470026064,put,8.53,8.56,8.545,0.0300000000000011,42.0,424.0,0.174263628540039
2026-02-25 10:43:14,690.6,2026-04-02,36,677.0,0.9803069794381696,put,8.98,9.02,9.0,0.0399999999999991,126.0,63.0,0.1710745735168457
2026-02-25 10:43:14,690.6,2026-04-02,36,680.0,0.9846510280915146,put,9.72,9.76,9.74,0.0399999999999991,192.0,878.0,0.1661765512084961
2026-02-25 10:43:14,690.6,2026-04-02,36,685.0,0.9918911091804228,put,11.1,11.14,11.12,0.0400000000000009,124.0,422.0,0.1577537838745117
2026-02-25 10:43:14,690.6,2026-04-02,36,688.0,0.9962351578337676,put,11.97,12.01,11.99,0.0399999999999991,92.0,221.0,0.1518334329223633
2026-02-25 10:43:14,690.6,2026-04-02,36,690.0,0.999131190269331,put,12.7,12.75,12.725,0.0500000000000007,1820.0,121.0,0.1490868783569335
2026-02-25 10:43:14,690.6,2026-04-02,36,691.0,1.0005792064871126,put,13.09,13.14,13.115,0.0500000000000007,163.0,17.0,0.147744118347168
2026-02-25 10:43:14,690.6,2026-04-02,36,692.0,1.0020272227048943,put,13.32,13.37,13.345,0.0499999999999989,120.0,23.0,0.1444482528686523
2026-02-25 10:43:14,690.6,2026-04-02,36,695.0,1.0063712713582391,put,14.64,14.68,14.66,0.0399999999999991,12.0,36.0,0.1407251455688477
2026-02-25 10:43:14,690.6,2026-04-02,36,710.0,1.0280915146249638,put,22.79,23.12,22.955,0.3300000000000018,20.0,34.0,0.1213771945190429
2026-02-25 10:43:14,690.6,2026-04-17,51,635.0,0.9194902982913408,call,61.92,62.26,62.09,0.3399999999999963,31.0,488.0,0.2538526763916016
2026-02-25 10:43:14,690.6,2026-04-17,51,650.0,0.9412105415580654,call,48.83,49.07,48.95,0.240000000000002,24.0,551.0,0.2316055844116211
2026-02-25 10:43:14,690.6,2026-04-17,51,655.0,0.9484506226469736,call,44.38,44.64,44.510000000000005,0.259999999999998,11.0,191.0,0.2221452297973632
2026-02-25 10:43:14,690.6,2026-04-17,51,661.0,0.9571387199536634,call,39.35,39.67,39.510000000000005,0.3200000000000003,12.0,33.0,0.2136461692810058
2026-02-25 10:43:14,690.6,2026-04-17,51,662.0,0.9585867361714452,call,38.52,38.84,38.68000000000001,0.3200000000000003,10.0,7.0,0.2120592710876464
2026-02-25 10:43:14,690.6,2026-04-17,51,663.0,0.9600347523892268,call,37.79,38.12,37.955,0.3299999999999983,10.0,67.0,0.211647287902832
2026-02-25 10:43:14,690.6,2026-04-17,51,670.0,0.9701708659136982,call,31.98,32.26,32.12,0.2799999999999976,22.0,563.0,0.1983722741699218
2026-02-25 10:43:14,690.6,2026-04-17,51,675.0,0.9774109470026064,call,28.2,28.39,28.295,0.1900000000000012,17.0,1216.0,0.1907276972961425
2026-02-25 10:43:14,690.6,2026-04-17,51,677.0,0.9803069794381696,call,26.57,26.81,26.69,0.2399999999999984,22.0,276.0,0.1869435554504394
2026-02-25 10:43:14,690.6,2026-04-17,51,679.0,0.9832030118737328,call,25.15,25.38,25.265,0.2300000000000004,35.0,194.0,0.1844258804321288
2026-02-25 10:43:14,690.6,2026-04-17,51,681.0,0.9860990443092962,call,23.69,23.91,23.8,0.2199999999999988,48.0,787.0,0.1812520840454101
2026-02-25 10:43:14,690.6,2026-04-17,51,683.0,0.9889950767448596,call,22.17,22.44,22.305,0.2699999999999996,12.0,1019.0,0.1778036322021484
2026-02-25 10:43:14,690.6,2026-04-17,51,685.0,0.9918911091804228,call,20.82,20.95,20.885,0.129999999999999,77.0,3342.0,0.1738974212646484
2026-02-25 10:43:14,690.6,2026-04-17,51,687.0,0.994787141615986,call,19.4,19.58,19.49,0.1799999999999997,17.0,1265.0,0.1708456939697266
2026-02-25 10:43:14,690.6,2026-04-17,51,688.0,0.9962351578337676,call,18.71,18.9,18.805,0.1899999999999977,24.0,2118.0,0.1692587957763672
2026-02-25 10:43:14,690.6,2026-04-17,51,689.0,0.9976831740515494,call,18.11,18.26,18.185,0.1500000000000021,12.0,1249.0,0.1679618116760254
2026-02-25 10:43:14,690.6,2026-04-17,51,690.0,0.999131190269331,call,17.47,17.5,17.485,0.0300000000000011,278.0,5154.0,0.1654441366577148
2026-02-25 10:43:14,690.6,2026-04-17,51,691.0,1.0005792064871126,call,16.87,16.9,16.884999999999998,0.0299999999999975,29.0,1054.0,0.1643607734680175
2026-02-25 10:43:14,690.6,2026-04-17,51,692.0,1.0020272227048943,call,16.19,16.22,16.205,0.0299999999999975,39.0,916.0,0.1624381852722168
2026-02-25 10:43:14,690.6,2026-04-17,51,695.0,1.0063712713582391,call,14.43,14.45,14.44,0.0199999999999995,74.0,6222.0,0.1586998193359375
2026-02-25 10:43:14,690.6,2026-04-17,51,696.0,1.0078192875760208,call,13.73,13.76,13.745,0.0299999999999993,13.0,955.0,0.1562889547729492
2026-02-25 10:43:14,690.6,2026-04-17,51,700.0,1.0136113524471473,call,11.43,11.46,11.445,0.0300000000000011,197.0,8068.0,0.1500786897277832
2026-02-25 10:43:14,690.6,2026-04-17,51,702.0,1.0165073848827106,call,10.42,10.45,10.435,0.0299999999999993,72.0,1078.0,0.1476983424377441
2026-02-25 10:43:14,690.6,2026-04-17,51,703.0,1.0179554011004923,call,9.86,9.88,9.87,0.0200000000000013,87.0,1032.0,0.1456689437866211
2026-02-25 10:43:14,690.6,2026-04-17,51,704.0,1.019403417318274,call,9.36,9.38,9.37,0.0200000000000013,79.0,551.0,0.1442346319580078
2026-02-25 10:43:14,690.6,2026-04-17,51,705.0,1.0208514335360557,call,8.87,8.9,8.885,0.0300000000000011,64.0,2652.0,0.1428766133117676
2026-02-25 10:43:14,690.6,2026-04-17,51,707.0,1.0237474659716188,call,7.95,7.98,7.965,0.0300000000000002,77.0,1463.0,0.1401910932922363
2026-02-25 10:43:14,690.6,2026-04-17,51,710.0,1.0280915146249638,call,6.68,6.7,6.6899999999999995,0.0200000000000004,179.0,3895.0,0.1362085891723632
2026-02-25 10:43:14,690.6,2026-04-17,51,711.0,1.0295395308427453,call,6.28,6.3,6.29,0.0199999999999995,17.0,1849.0,0.1348963464355469
2026-02-25 10:43:14,690.6,2026-04-17,51,714.0,1.0338835794960903,call,5.22,5.24,5.23,0.0200000000000004,55.0,1301.0,0.1316462568664551
2026-02-25 10:43:14,690.6,2026-04-17,51,715.0,1.035331595713872,call,4.88,4.9,4.890000000000001,0.0200000000000004,258.0,3730.0,0.1304255659484863
2026-02-25 10:43:14,690.6,2026-04-17,51,716.0,1.0367796119316537,call,4.54,4.56,4.55,0.0199999999999995,36.0,705.0,0.1290370300292968
2026-02-25 10:43:14,690.6,2026-04-17,51,717.0,1.0382276281494351,call,4.25,4.27,4.26,0.0199999999999995,37.0,989.0,0.1281215118408203
2026-02-25 10:43:14,690.6,2026-04-17,51,718.0,1.0396756443672168,call,3.97,3.99,3.98,0.02,23.0,436.0,0.1271754763793945
2026-02-25 10:43:14,690.6,2026-04-17,51,719.0,1.0411236605849985,call,3.71,3.74,3.725,0.0300000000000002,51.0,1456.0,0.1264735791015624
2026-02-25 10:43:14,690.6,2026-04-17,51,720.0,1.0425716768027802,call,3.43,3.45,3.4400000000000004,0.02,225.0,8373.0,0.125085043182373
2026-02-25 10:43:14,690.6,2026-04-17,51,721.0,1.044019693020562,call,3.2,3.21,3.205,0.0099999999999997,17.0,1886.0,0.1242153009033203
2026-02-25 10:43:14,690.6,2026-04-17,51,722.0,1.0454677092383435,call,2.96,2.98,2.97,0.02,25.0,1134.0,0.1232997827148437
2026-02-25 10:43:14,690.6,2026-04-17,51,723.0,1.046915725456125,call,2.77,2.79,2.78,0.02,37.0,959.0,0.1228420236206054
2026-02-25 10:43:14,690.6,2026-04-17,51,724.0,1.048363741673907,call,2.55,2.57,2.5599999999999996,0.02,97.0,468.0,0.1217739190673828
2026-02-25 10:43:14,690.6,2026-04-17,51,725.0,1.0498117578916883,call,2.35,2.38,2.365,0.0299999999999998,117.0,5578.0,0.1210109872436523
2026-02-25 10:43:14,690.6,2026-04-17,51,727.0,1.0527077903272517,call,2.02,2.04,2.03,0.02,31.0,534.0,0.1196682272338867
2026-02-25 10:43:14,690.6,2026-04-17,51,729.0,1.0556038227628148,call,1.72,1.74,1.73,0.02,45.0,629.0,0.1183865017700195
2026-02-25 10:43:14,690.6,2026-04-17,51,730.0,1.0570518389805963,call,1.61,1.62,1.6150000000000002,0.01,143.0,7852.0,0.1181118463134765
2026-02-25 10:43:14,690.6,2026-04-17,51,731.0,1.0584998551983782,call,1.46,1.48,1.47,0.02,16.0,505.0,0.1172573626708984
2026-02-25 10:43:14,690.6,2026-04-17,51,733.0,1.0613958876339415,call,1.25,1.26,1.255,0.01,280.0,902.0,0.1163418444824218
2026-02-25 10:43:14,690.6,2026-04-17,51,735.0,1.064291920069505,call,1.06,1.07,1.065,0.01,334.0,3309.0,0.1155483953857422
2026-02-25 10:43:14,690.6,2026-04-17,51,736.0,1.0657399362872864,call,0.98,1.0,0.99,0.02,42.0,650.0,0.1156094299316406
2026-02-25 10:43:14,690.6,2026-04-17,51,740.0,1.0715320011584129,call,0.71,0.73,0.72,0.02,107.0,3634.0,0.1148159808349609
2026-02-25 10:43:14,690.6,2026-04-17,51,745.0,1.0787720822473212,call,0.48,0.5,0.49,0.02,82.0,1259.0,0.1146328771972656
2026-02-25 10:43:14,690.6,2026-04-17,51,746.0,1.0802200984651027,call,0.46,0.47,0.4649999999999999,0.0099999999999999,12.0,631.0,0.1149990844726562
2026-02-25 10:43:14,690.6,2026-04-17,51,747.0,1.0816681146828844,call,0.42,0.44,0.43,0.02,64.0,592.0,0.11524322265625
2026-02-25 10:43:14,690.6,2026-04-17,51,755.0,1.0932522444251376,call,0.24,0.25,0.245,0.01,11.0,1725.0,0.1164639135742187
2026-02-25 10:43:14,690.6,2026-04-17,51,790.0,1.143932812047495,call,0.04,0.05,0.045,0.01,301.0,305.0,0.1352625537109375
2026-02-25 10:43:14,690.6,2026-04-17,51,795.0,1.1511728931364031,call,0.04,0.05,0.045,0.01,105.0,140.0,0.1411218701171875
2026-02-25 10:43:14,690.6,2026-04-17,51,800.0,1.1584129742253113,call,0.03,0.04,0.035,0.01,408.0,1786.0,0.143563251953125
2026-02-25 10:43:14,690.6,2026-04-17,51,810.0,1.1728931364031276,call,0.03,0.04,0.035,0.01,980.0,1097.0,0.15430533203125
2026-02-25 10:43:14,690.6,2026-04-17,51,830.0,1.2018534607587603,call,0.02,0.03,0.025,0.0099999999999999,556.0,1876.0,0.16993017578125
2026-02-25 10:43:14,690.6,2026-04-17,51,840.0,1.2163336229365769,call,0.02,0.03,0.025,0.0099999999999999,700.0,2363.0,0.179695703125
2026-02-25 10:43:14,690.6,2026-04-17,51,845.0,1.223573704025485,call,0.01,0.02,0.015,0.01,14.0,1140.0,0.17774259765625
2026-02-25 10:43:14,690.6,2026-04-17,51,850.0,1.2308137851143932,call,0.01,0.02,0.015,0.01,35.0,138.0,0.1836019140624999
2026-02-25 10:43:14,690.6,2026-04-17,51,870.0,1.259774109470026,call,0.01,0.02,0.015,0.01,180.0,225.0,0.2011798632812499
2026-02-25 10:43:14,690.6,2026-04-17,51,880.0,1.2742542716478424,call,0.01,0.02,0.015,0.01,13.0,509.0,0.2109453906249999
2026-02-25 10:43:14,690.6,2026-04-17,51,900.0,1.3032145960034751,call,0.01,0.01,0.01,0.0,51.0,503.0,0.2148516015625
2026-02-25 10:43:14,690.6,2026-04-17,51,305.0,0.4416449464233999,put,0.05,0.06,0.055,0.0099999999999999,21.0,2529.0,0.7304714453125
2026-02-25 10:43:14,690.6,2026-04-17,51,310.0,0.4488850275123081,put,0.05,0.06,0.055,0.0099999999999999,24.0,948.0,0.71679970703125
2026-02-25 10:43:14,690.6,2026-04-17,51,320.0,0.4633651896901245,put,0.06,0.07,0.065,0.01,155.0,8029.0,0.70117486328125
2026-02-25 10:43:14,690.6,2026-04-17,51,325.0,0.4706052707790327,put,0.07,0.08,0.075,0.0099999999999999,14.0,2628.0,0.6972686523437501
2026-02-25 10:43:14,690.6,2026-04-17,51,330.0,0.4778453518679409,put,0.07,0.08,0.075,0.0099999999999999,15.0,1955.0,0.6835969140625001
2026-02-25 10:43:14,690.6,2026-04-17,51,335.0,0.4850854329568491,put,0.08,0.09,0.0849999999999999,0.0099999999999999,390.0,8421.0,0.6777375976562501
2026-02-25 10:43:14,690.6,2026-04-17,51,340.0,0.4923255140457573,put,0.08,0.09,0.0849999999999999,0.0099999999999999,885.0,2437.0,0.6650424121093752
2026-02-25 10:43:14,690.6,2026-04-17,51,345.0,0.4995655951346655,put,0.09,0.1,0.095,0.01,51.0,1102.0,0.659183095703125
2026-02-25 10:43:14,690.6,2026-04-17,51,350.0,0.5068056762235736,put,0.1,0.11,0.105,0.0099999999999999,15.0,16470.0,0.6523472265625001
2026-02-25 10:43:14,690.6,2026-04-17,51,355.0,0.5140457573124819,put,0.1,0.11,0.105,0.0099999999999999,10.0,176.0,0.639652041015625
2026-02-25 10:43:14,690.6,2026-04-17,51,360.0,0.5212858384013901,put,0.11,0.12,0.1149999999999999,0.0099999999999999,84.0,409.0,0.632816171875
2026-02-25 10:43:14,690.6,2026-04-17,51,365.0,0.5285259194902983,put,0.11,0.12,0.1149999999999999,0.0099999999999999,10.0,235.0,0.6201209863281252
2026-02-25 10:43:14,690.6,2026-04-17,51,390.0,0.5647263249348392,put,0.16,0.17,0.165,0.01,15.0,363.0,0.5820354296875
2026-02-25 10:43:14,690.6,2026-04-17,51,410.0,0.593686649290472,put,0.21,0.22,0.215,0.01,57.0,938.0,0.5507857421875001
2026-02-25 10:43:14,690.6,2026-04-17,51,425.0,0.6154068925571966,put,0.25,0.26,0.255,0.01,18.0,1148.0,0.526371923828125
2026-02-25 10:43:14,690.6,2026-04-17,51,435.0,0.629887054735013,put,0.28,0.29,0.285,0.0099999999999999,16.0,236.0,0.5100146655273439
2026-02-25 10:43:14,690.6,2026-04-17,51,450.0,0.6516072980017376,put,0.34,0.35,0.345,0.0099999999999999,204.0,5490.0,0.4882863671875
2026-02-25 10:43:14,690.6,2026-04-17,51,480.0,0.6950477845351868,put,0.48,0.49,0.485,0.01,161.0,1881.0,0.4414118359375
2026-02-25 10:43:14,690.6,2026-04-17,51,485.0,0.702287865624095,put,0.51,0.52,0.515,0.01,206.0,4170.0,0.4338435522460938
2026-02-25 10:43:14,690.6,2026-04-17,51,490.0,0.7095279467130031,put,0.55,0.56,0.555,0.01,386.0,1051.0,0.4272518212890626
2026-02-25 10:43:14,690.6,2026-04-17,51,495.0,0.7167680278019114,put,0.58,0.59,0.585,0.01,10.0,1351.0,0.4191952612304687
2026-02-25 10:43:14,690.6,2026-04-17,51,500.0,0.7240081088908196,put,0.62,0.63,0.625,0.01,17.0,6366.0,0.41211525390625
2026-02-25 10:43:14,690.6,2026-04-17,51,505.0,0.7312481899797277,put,0.66,0.67,0.665,0.01,60.0,1167.0,0.4047911083984374
2026-02-25 10:43:14,690.6,2026-04-17,51,515.0,0.7457283521575442,put,0.74,0.75,0.745,0.01,682.0,2950.0,0.3894104028320312
2026-02-25 10:43:14,690.6,2026-04-17,51,520.0,0.7529684332464524,put,0.78,0.79,0.785,0.01,54.0,5266.0,0.3813538427734374
2026-02-25 10:43:14,690.6,2026-04-17,51,525.0,0.7602085143353605,put,0.82,0.84,0.83,0.02,41.0,5388.0,0.3740296972656249
2026-02-25 10:43:14,690.6,2026-04-17,51,530.0,0.7674485954242687,put,0.88,0.89,0.885,0.01,400.0,992.0,0.3663393444824219
2026-02-25 10:43:14,690.6,2026-04-17,51,535.0,0.774688676513177,put,0.94,0.96,0.95,0.02,61.0,791.0,0.3598696826171874
2026-02-25 10:43:14,690.6,2026-04-17,51,540.0,0.7819287576020851,put,1.0,1.01,1.005,0.01,207.0,5140.0,0.3516910534667968
2026-02-25 10:43:14,690.6,2026-04-17,51,545.0,0.7891688386909933,put,1.06,1.08,1.07,0.02,52.0,2582.0,0.3446110461425781
2026-02-25 10:43:14,690.6,2026-04-17,51,560.0,0.8108890819577179,put,1.31,1.32,1.315,0.01,231.0,7008.0,0.3230048168945311
2026-02-25 10:43:14,690.6,2026-04-17,51,565.0,0.8181291630466261,put,1.39,1.4,1.395,0.01,118.0,5379.0,0.3151923950195311
2026-02-25 10:43:14,690.6,2026-04-17,51,575.0,0.8326093252244425,put,1.62,1.63,1.625,0.0099999999999997,355.0,6889.0,0.3016427258300781
2026-02-25 10:43:14,690.6,2026-04-17,51,590.0,0.854329568491167,put,2.05,2.07,2.0599999999999996,0.02,10.0,15335.0,0.2815013256835937
2026-02-25 10:43:14,690.6,2026-04-17,51,595.0,0.8615696495800753,put,2.23,2.25,2.24,0.02,17.0,5181.0,0.2749095947265625
2026-02-25 10:43:14,690.6,2026-04-17,51,600.0,0.8688097306689835,put,2.43,2.44,2.435,0.0099999999999997,890.0,22738.0,0.2680737255859374
2026-02-25 10:43:14,690.6,2026-04-17,51,605.0,0.8760498117578916,put,2.65,2.66,2.655,0.0100000000000002,14.0,9874.0,0.2615430291748046
2026-02-25 10:43:14,690.6,2026-04-17,51,610.0,0.8832898928467998,put,2.89,2.91,2.9000000000000004,0.02,111.0,6877.0,0.2551038845825196
2026-02-25 10:43:14,690.6,2026-04-17,51,615.0,0.8905299739357081,put,3.19,3.2,3.1950000000000003,0.0100000000000002,36.0,12855.0,0.2489393954467773
2026-02-25 10:43:14,690.6,2026-04-17,51,620.0,0.8977700550246163,put,3.49,3.5,3.495,0.0099999999999997,108.0,10380.0,0.2423171472167968
2026-02-25 10:43:14,690.6,2026-04-17,51,625.0,0.9050101361135244,put,3.84,3.86,3.85,0.02,127.0,16376.0,0.2361526580810546
2026-02-25 10:43:14,690.6,2026-04-17,51,630.0,0.9122502172024326,put,4.23,4.24,4.235,0.0099999999999997,132.0,15820.0,0.2295914443969726
2026-02-25 10:43:14,690.6,2026-04-17,51,635.0,0.9194902982913408,put,4.63,4.65,4.640000000000001,0.0200000000000004,57.0,9365.0,0.2227555752563476
2026-02-25 10:43:14,690.6,2026-04-17,51,640.0,0.926730379380249,put,5.14,5.15,5.145,0.0100000000000006,511.0,19587.0,0.2165605688476562
2026-02-25 10:43:14,690.6,2026-04-17,51,645.0,0.9339704604691572,put,5.68,5.71,5.695,0.0300000000000002,166.0,9772.0,0.2102740106201172
2026-02-25 10:43:14,690.6,2026-04-17,51,650.0,0.9412105415580654,put,6.25,6.27,6.26,0.0199999999999995,1026.0,23201.0,0.2030414169311523
2026-02-25 10:43:14,690.6,2026-04-17,51,651.0,0.9426585577758472,put,6.42,6.45,6.4350000000000005,0.0300000000000002,91.0,788.0,0.2023700369262694
2026-02-25 10:43:14,690.6,2026-04-17,51,652.0,0.9441065739936289,put,6.55,6.58,6.5649999999999995,0.0300000000000002,48.0,553.0,0.2009967596435546
2026-02-25 10:43:14,690.6,2026-04-17,51,655.0,0.9484506226469736,put,6.95,6.98,6.965,0.0300000000000002,83.0,6375.0,0.1967548587036132
2026-02-25 10:43:14,690.6,2026-04-17,51,657.0,0.9513466550825368,put,7.25,7.28,7.265000000000001,0.0300000000000002,14.0,618.0,0.1941303732299805
2026-02-25 10:43:14,690.6,2026-04-17,51,658.0,0.9527946713003186,put,7.37,7.4,7.385,0.0300000000000002,83.0,788.0,0.1923603713989258
2026-02-25 10:43:14,690.6,2026-04-17,51,659.0,0.9542426875181002,put,7.57,7.6,7.585,0.0299999999999993,50.0,670.0,0.1915364050292969
2026-02-25 10:43:14,690.6,2026-04-17,51,660.0,0.9556907037358818,put,7.71,7.74,7.725,0.0300000000000002,99.0,9260.0,0.1899495068359375
2026-02-25 10:43:14,690.6,2026-04-17,51,662.0,0.9585867361714452,put,8.07,8.1,8.085,0.0299999999999993,17.0,816.0,0.1875386422729492
2026-02-25 10:43:14,690.6,2026-04-17,51,665.0,0.96293078482479,put,8.61,8.64,8.625,0.0300000000000011,132.0,17343.0,0.1835103622436523
2026-02-25 10:43:14,690.6,2026-04-17,51,670.0,0.9701708659136982,put,9.54,9.57,9.555,0.0300000000000011,399.0,11520.0,0.176064147644043
2026-02-25 10:43:14,690.6,2026-04-17,51,675.0,0.9774109470026064,put,10.65,10.69,10.67,0.0399999999999991,355.0,10640.0,0.1691977612304687
2026-02-25 10:43:14,690.6,2026-04-17,51,677.0,0.9803069794381696,put,11.09,11.13,11.11,0.0400000000000009,21.0,633.0,0.1659018957519531
2026-02-25 10:43:14,690.6,2026-04-17,51,678.0,0.9817549956559514,put,11.37,11.4,11.385,0.0300000000000011,48.0,703.0,0.1646659461975098
2026-02-25 10:43:14,690.6,2026-04-17,51,679.0,0.9832030118737328,put,11.59,11.63,11.61,0.0400000000000009,70.0,1206.0,0.1629569789123535
2026-02-25 10:43:14,690.6,2026-04-17,51,680.0,0.9846510280915146,put,11.93,11.95,11.94,0.0199999999999995,602.0,10939.0,0.1620719779968261
2026-02-25 10:43:14,690.6,2026-04-17,51,681.0,0.9860990443092962,put,12.18,12.21,12.195,0.0300000000000011,14.0,1099.0,0.160515597076416
2026-02-25 10:43:14,690.6,2026-04-17,51,682.0,0.987547060527078,put,12.47,12.5,12.485,0.0299999999999993,81.0,2104.0,0.159188095703125
2026-02-25 10:43:14,690.6,2026-04-17,51,683.0,0.9889950767448596,put,12.7,12.74,12.72,0.0400000000000009,15.0,1487.0,0.1572655075073242
2026-02-25 10:43:14,690.6,2026-04-17,51,685.0,0.9918911091804228,put,13.35,13.37,13.36,0.0199999999999995,511.0,8192.0,0.1547020565795898
2026-02-25 10:43:14,690.6,2026-04-17,51,686.0,0.9933391253982043,put,13.66,13.7,13.68,0.0399999999999991,44.0,920.0,0.1534203311157226
2026-02-25 10:43:14,690.6,2026-04-17,51,687.0,0.994787141615986,put,13.98,14.02,14.0,0.0399999999999991,62.0,1550.0,0.1519555020141602
2026-02-25 10:43:14,690.6,2026-04-17,51,688.0,0.9962351578337676,put,14.32,14.37,14.345,0.0499999999999989,32.0,2279.0,0.1507042938232422
2026-02-25 10:43:14,690.6,2026-04-17,51,690.0,0.999131190269331,put,14.98,15.02,15.0,0.0399999999999991,334.0,8682.0,0.1474389456176758
2026-02-25 10:43:14,690.6,2026-04-17,51,691.0,1.0005792064871126,put,15.38,15.41,15.395,0.0299999999999993,176.0,634.0,0.1462792892456054
2026-02-25 10:43:14,690.6,2026-04-17,51,692.0,1.0020272227048943,put,15.7,15.75,15.725,0.0500000000000007,67.0,857.0,0.1445398046875
2026-02-25 10:43:14,690.6,2026-04-17,51,695.0,1.0063712713582391,put,16.8,16.85,16.825000000000003,0.0500000000000007,170.0,4620.0,0.1394891960144043
2026-02-25 10:43:14,690.6,2026-04-17,51,699.0,1.0121633362293658,put,18.39,18.69,18.54,0.3000000000000007,20.0,322.0,0.13477427734375
2026-02-25 10:43:14,690.6,2026-04-17,51,700.0,1.0136113524471473,put,19.05,19.2,19.125,0.1499999999999985,79.0,4358.0,0.133797724609375
2026-02-25 10:43:14,690.6,2026-04-17,51,702.0,1.0165073848827106,put,19.94,20.18,20.06,0.2399999999999984,26.0,66.0,0.1310664286804199
2026-02-25 10:43:14,690.6,2026-04-17,51,709.0,1.0266434984071822,put,23.78,24.09,23.935,0.3099999999999987,55.0,107.0,0.1220180572509765
2026-02-25 10:43:14,690.6,2026-04-17,51,710.0,1.0280915146249638,put,24.46,24.7,24.58,0.2399999999999984,24.0,403.0,0.1206752972412109
2026-02-25 10:43:14,690.6,2026-04-30,64,629.0,0.910802200984651,call,69.25,69.74,69.495,0.4899999999999949,12.0,8.0,0.2620007882690429
2026-02-25 10:43:14,690.6,2026-04-30,64,667.0,0.9658268172603532,call,36.88,37.19,37.035,0.3099999999999951,46.0,54.0,0.2054980574035644
2026-02-25 10:43:14,690.6,2026-04-30,64,675.0,0.9774109470026064,call,30.79,31.04,30.915,0.25,24.0,951.0,0.1943134768676758
2026-02-25 10:43:14,690.6,2026-04-30,64,680.0,0.9846510280915146,call,27.02,27.19,27.105,0.1700000000000017,96.0,1633.0,0.1857838990783691
2026-02-25 10:43:14,690.6,2026-04-30,64,681.0,0.9860990443092962,call,26.24,26.55,26.395,0.3100000000000023,22.0,821.0,0.1850667431640624
2026-02-25 10:43:14,690.6,2026-04-30,64,683.0,0.9889950767448596,call,24.82,25.13,24.975,0.3099999999999987,19.0,511.0,0.1822591540527343
2026-02-25 10:43:14,690.6,2026-04-30,64,684.0,0.9904430929626412,call,24.13,24.39,24.26,0.2600000000000015,15.0,422.0,0.1805044108581542
2026-02-25 10:43:14,690.6,2026-04-30,64,685.0,0.9918911091804228,call,23.6,23.78,23.69,0.1799999999999997,32.0,3513.0,0.1798177722167968
2026-02-25 10:43:14,690.6,2026-04-30,64,690.0,0.999131190269331,call,20.19,20.21,20.200000000000003,0.0199999999999995,65.0,1283.0,0.1709982803344726
2026-02-25 10:43:14,690.6,2026-04-30,64,695.0,1.0063712713582391,call,17.06,17.09,17.075,0.0300000000000011,11.0,2197.0,0.1644065493774414
2026-02-25 10:43:14,690.6,2026-04-30,64,696.0,1.0078192875760208,call,16.41,16.45,16.43,0.0399999999999991,15.0,461.0,0.1627433580017089
2026-02-25 10:43:14,690.6,2026-04-30,64,698.0,1.0107153200115842,call,15.25,15.28,15.265,0.0299999999999993,10.0,771.0,0.1601188725280761
2026-02-25 10:43:14,690.6,2026-04-30,64,700.0,1.0136113524471473,call,14.11,14.14,14.125,0.0300000000000011,49.0,2393.0,0.1574486111450195
2026-02-25 10:43:14,690.6,2026-04-30,64,701.0,1.015059368664929,call,13.55,13.58,13.565,0.0299999999999993,42.0,393.0,0.1560753338623047
2026-02-25 10:43:14,690.6,2026-04-30,64,703.0,1.0179554011004923,call,12.42,12.45,12.435,0.0299999999999993,25.0,144.0,0.1529625720214844
2026-02-25 10:43:14,690.6,2026-04-30,64,706.0,1.0222994497538371,call,10.86,10.89,10.875,0.0300000000000011,61.0,238.0,0.1488274815368652
2026-02-25 10:43:14,690.6,2026-04-30,64,707.0,1.0237474659716188,call,10.4,10.44,10.42,0.0399999999999991,96.0,290.0,0.147896704711914
2026-02-25 10:43:14,690.6,2026-04-30,64,710.0,1.0280915146249638,call,9.0,9.03,9.015,0.0299999999999993,44.0,7189.0,0.1439599765014648
2026-02-25 10:43:14,690.6,2026-04-30,64,712.0,1.030987547060527,call,8.2,8.23,8.215,0.0300000000000011,20.0,268.0,0.1421441987609863
2026-02-25 10:43:14,690.6,2026-04-30,64,720.0,1.0425716768027802,call,5.25,5.28,5.265000000000001,0.0300000000000002,19.0,2508.0,0.1330653100585937
2026-02-25 10:43:14,690.6,2026-04-30,64,722.0,1.0454677092383435,call,4.66,4.68,4.67,0.0199999999999995,29.0,31.0,0.1310816873168945
2026-02-25 10:43:14,690.6,2026-04-30,64,723.0,1.046915725456125,call,4.42,4.45,4.4350000000000005,0.0300000000000002,90.0,18744.0,0.1307154800415039
2026-02-25 10:43:14,690.6,2026-04-30,64,724.0,1.048363741673907,call,4.12,4.15,4.135,0.0300000000000002,13.0,28.0,0.1294184959411621
2026-02-25 10:43:14,690.6,2026-04-30,64,725.0,1.0498117578916883,call,3.89,3.92,3.905,0.0299999999999998,29.0,4728.0,0.1288386677551269
2026-02-25 10:43:14,690.6,2026-04-30,64,727.0,1.0527077903272517,call,3.41,3.44,3.425,0.0299999999999998,11.0,101.0,0.1270534072875976
2026-02-25 10:43:14,690.6,2026-04-30,64,730.0,1.0570518389805963,call,2.8,2.82,2.8099999999999996,0.02,15.0,2067.0,0.1247646118164062
2026-02-25 10:43:14,690.6,2026-04-30,64,735.0,1.064291920069505,call,2.01,2.03,2.0199999999999996,0.02,22.0,2092.0,0.1221096090698242
2026-02-25 10:43:14,690.6,2026-04-30,64,742.0,1.0744280335939762,call,1.23,1.24,1.235,0.01,20.0,146.0,0.1189663299560546
2026-02-25 10:43:14,690.6,2026-04-30,64,745.0,1.0787720822473212,call,1.0,1.01,1.005,0.01,351.0,3109.0,0.1182949499511718
2026-02-25 10:43:14,690.6,2026-04-30,64,746.0,1.0802200984651027,call,0.92,0.94,0.93,0.0199999999999999,35.0,39.0,0.1180202944946288
2026-02-25 10:43:14,690.6,2026-04-30,64,747.0,1.0816681146828844,call,0.86,0.88,0.87,0.02,24.0,56.0,0.1179287426757812
2026-02-25 10:43:14,690.6,2026-04-30,64,749.0,1.0845641471184475,call,0.75,0.77,0.76,0.02,20.0,38.0,0.1177456390380859
2026-02-25 10:43:14,690.6,2026-04-30,64,755.0,1.0932522444251376,call,0.51,0.53,0.52,0.02,11.0,1422.0,0.1180508117675781
2026-02-25 10:43:14,690.6,2026-04-30,64,760.0,1.1004923255140455,call,0.37,0.38,0.375,0.01,18.0,1113.0,0.1181118463134765
2026-02-25 10:43:14,690.6,2026-04-30,64,775.0,1.1222125687807702,call,0.16,0.18,0.1699999999999999,0.0199999999999999,10.0,390.0,0.1234218518066406
2026-02-25 10:43:14,690.6,2026-04-30,64,795.0,1.1511728931364031,call,0.06,0.08,0.07,0.02,10.0,386.0,0.132821171875
2026-02-25 10:43:14,690.6,2026-04-30,64,800.0,1.1584129742253113,call,0.05,0.06,0.055,0.0099999999999999,20.0,1533.0,0.133797724609375
2026-02-25 10:43:14,690.6,2026-04-30,64,805.0,1.1656530553142197,call,0.04,0.06,0.05,0.0199999999999999,40.0,397.0,0.13868048828125
2026-02-25 10:43:14,690.6,2026-04-30,64,810.0,1.1728931364031276,call,0.04,0.05,0.045,0.01,50.0,525.0,0.14063359375
2026-02-25 10:43:14,690.6,2026-04-30,64,815.0,1.1801332174920358,call,0.03,0.04,0.035,0.01,15.0,1844.0,0.14258669921875
2026-02-25 10:43:14,690.6,2026-04-30,64,820.0,1.187373298580944,call,0.03,0.04,0.035,0.01,10.0,1751.0,0.147469462890625
2026-02-25 10:43:14,690.6,2026-04-30,64,830.0,1.2018534607587603,call,0.02,0.03,0.025,0.0099999999999999,11.0,10300.0,0.1523522265625
2026-02-25 10:43:14,690.6,2026-04-30,64,835.0,1.2090935418476687,call,0.02,0.03,0.025,0.0099999999999999,193.0,182.0,0.1562584375
2026-02-25 10:43:14,690.6,2026-04-30,64,840.0,1.2163336229365769,call,0.02,0.03,0.025,0.0099999999999999,193.0,298.0,0.161141201171875
2026-02-25 10:43:14,690.6,2026-04-30,64,845.0,1.223573704025485,call,0.02,0.03,0.025,0.0099999999999999,98.0,98.0,0.165047412109375
2026-02-25 10:43:14,690.6,2026-04-30,64,850.0,1.2308137851143932,call,0.01,0.03,0.02,0.0199999999999999,82.0,87.0,0.16993017578125
2026-02-25 10:43:14,690.6,2026-04-30,64,430.0,0.6226469736461048,put,0.43,0.44,0.435,0.01,26.0,3384.0,0.4929249926757813
2026-02-25 10:43:14,690.6,2026-04-30,64,435.0,0.629887054735013,put,0.45,0.46,0.455,0.01,15.0,164.0,0.4848684326171875
2026-02-25 10:43:14,690.6,2026-04-30,64,440.0,0.6371271358239212,put,0.48,0.49,0.485,0.01,17.0,240.0,0.4780325634765625
2026-02-25 10:43:14,690.6,2026-04-30,64,450.0,0.6516072980017376,put,0.54,0.55,0.545,0.01,221.0,17015.0,0.4641166870117187
2026-02-25 10:43:14,690.6,2026-04-30,64,460.0,0.666087460179554,put,0.59,0.6,0.595,0.01,15.0,511.0,0.4482477050781249
2026-02-25 10:43:14,690.6,2026-04-30,64,470.0,0.6805676223573703,put,0.66,0.67,0.665,0.01,27.0,1846.0,0.4340876904296875
2026-02-25 10:43:14,690.6,2026-04-30,64,485.0,0.702287865624095,put,0.78,0.8,0.79,0.02,31.0,672.0,0.4137021520996093
2026-02-25 10:43:14,690.6,2026-04-30,64,505.0,0.7312481899797277,put,0.97,0.98,0.975,0.01,200.0,107.0,0.3846497082519531
2026-02-25 10:43:14,690.6,2026-04-30,64,510.0,0.7384882710686359,put,1.03,1.04,1.035,0.01,13.0,1230.0,0.3779359082031249
2026-02-25 10:43:14,690.6,2026-04-30,64,520.0,0.7529684332464524,put,1.15,1.17,1.16,0.02,11.0,689.0,0.3645083081054688
2026-02-25 10:43:14,690.6,2026-04-30,64,525.0,0.7602085143353605,put,1.22,1.24,1.23,0.02,14.0,455.0,0.3576724389648437
2026-02-25 10:43:14,690.6,2026-04-30,64,530.0,0.7674485954242687,put,1.29,1.3,1.295,0.01,16.0,1437.0,0.3502262243652343
2026-02-25 10:43:14,690.6,2026-04-30,64,535.0,0.774688676513177,put,1.36,1.37,1.3650000000000002,0.01,18.0,467.0,0.3430241479492187
2026-02-25 10:43:14,690.6,2026-04-30,64,540.0,0.7819287576020851,put,1.45,1.46,1.455,0.01,38.0,1205.0,0.3365544860839844
2026-02-25 10:43:14,690.6,2026-04-30,64,545.0,0.7891688386909933,put,1.54,1.56,1.55,0.02,130.0,473.0,0.3302068933105468
2026-02-25 10:43:14,690.6,2026-04-30,64,550.0,0.7964089197799015,put,1.64,1.66,1.65,0.02,14.0,25872.0,0.323554127807617
2026-02-25 10:43:14,690.6,2026-04-30,64,585.0,0.8470894874022589,put,2.63,2.65,2.6399999999999997,0.02,54.0,801.0,0.2782664947509765
2026-02-25 10:43:14,690.6,2026-04-30,64,600.0,0.8688097306689835,put,3.31,3.34,3.325,0.0299999999999998,18.0,9080.0,0.2601697518920898
2026-02-25 10:43:14,690.6,2026-04-30,64,610.0,0.8832898928467998,put,3.89,3.91,3.9,0.02,259.0,7356.0,0.2479933599853515
2026-02-25 10:43:14,690.6,2026-04-30,64,611.0,0.8847379090645815,put,3.95,3.97,3.96,0.02,14.0,58.0,0.2467116345214844
2026-02-25 10:43:14,690.6,2026-04-30,64,615.0,0.8905299739357081,put,4.2,4.22,4.21,0.0199999999999995,21.0,981.0,0.2415847326660156
2026-02-25 10:43:14,690.6,2026-04-30,64,625.0,0.9050101361135244,put,4.99,5.02,5.005,0.0299999999999993,17.0,747.0,0.2300492034912109
2026-02-25 10:43:14,690.6,2026-04-30,64,629.0,0.910802200984651,put,5.36,5.39,5.375,0.0299999999999993,72.0,511.0,0.2254410952758789
2026-02-25 10:43:14,690.6,2026-04-30,64,630.0,0.9122502172024326,put,5.45,5.47,5.46,0.0199999999999995,16.0,6248.0,0.224067817993164
2026-02-25 10:43:14,690.6,2026-04-30,64,634.0,0.9180422820735592,put,5.84,5.87,5.855,0.0300000000000002,24.0,46.0,0.2193376406860351
2026-02-25 10:43:14,690.6,2026-04-30,64,635.0,0.9194902982913408,put,5.96,5.98,5.970000000000001,0.0200000000000004,82.0,17128.0,0.2182390188598632
2026-02-25 10:43:14,690.6,2026-04-30,64,638.0,0.9238343469446858,put,6.26,6.29,6.275,0.0300000000000002,10.0,280.0,0.2144243597412109
2026-02-25 10:43:14,690.6,2026-04-30,64,640.0,0.926730379380249,put,6.51,6.54,6.525,0.0300000000000002,105.0,16857.0,0.2123186679077148
2026-02-25 10:43:14,690.6,2026-04-30,64,642.0,0.9296264118158124,put,6.74,6.76,6.75,0.0199999999999995,12.0,31.0,0.2096789237976073
2026-02-25 10:43:14,690.6,2026-04-30,64,645.0,0.9339704604691572,put,7.11,7.14,7.125,0.0299999999999993,21.0,5082.0,0.2061236614990234
2026-02-25 10:43:14,690.6,2026-04-30,64,649.0,0.9397625253402838,put,7.65,7.68,7.665,0.0299999999999993,38.0,149.0,0.2012866737365722
2026-02-25 10:43:14,690.6,2026-04-30,64,650.0,0.9412105415580654,put,7.74,7.76,7.75,0.0199999999999995,30.0,3721.0,0.1993488269042968
2026-02-25 10:43:14,690.6,2026-04-30,64,651.0,0.9426585577758472,put,7.9,7.93,7.915,0.0299999999999993,14.0,198.0,0.1984333087158203
2026-02-25 10:43:14,690.6,2026-04-30,64,652.0,0.9441065739936289,put,8.09,8.13,8.11,0.0400000000000009,71.0,301.0,0.1977924459838867
2026-02-25 10:43:14,690.6,2026-04-30,64,653.0,0.9455545902114104,put,8.24,8.27,8.254999999999999,0.0299999999999993,35.0,152.0,0.1964496859741211
2026-02-25 10:43:14,690.6,2026-04-30,64,656.0,0.9498986388647552,put,8.69,8.72,8.705,0.0300000000000011,27.0,167.0,0.1925282164001465
2026-02-25 10:43:14,690.6,2026-04-30,64,660.0,0.9556907037358818,put,9.31,9.34,9.325,0.0299999999999993,266.0,4651.0,0.1869740727233886
2026-02-25 10:43:14,690.6,2026-04-30,64,666.0,0.9643788010425716,put,10.49,10.53,10.51,0.0399999999999991,26.0,241.0,0.1800619104003906
2026-02-25 10:43:14,690.6,2026-04-30,64,668.0,0.9672748334781348,put,10.88,10.91,10.895,0.0299999999999993,11.0,346.0,0.1772238040161132
2026-02-25 10:43:14,690.6,2026-04-30,64,670.0,0.9701708659136982,put,11.33,11.36,11.345,0.0299999999999993,73.0,5294.0,0.1748739739990234
2026-02-25 10:43:14,690.6,2026-04-30,64,672.0,0.9730668983492616,put,11.71,11.75,11.73,0.0399999999999991,15.0,350.0,0.1717612121582031
2026-02-25 10:43:14,690.6,2026-04-30,64,675.0,0.9774109470026064,put,12.41,12.45,12.43,0.0399999999999991,64.0,1445.0,0.1677939666748047
2026-02-25 10:43:14,690.6,2026-04-30,64,680.0,0.9846510280915146,put,13.74,13.78,13.76,0.0399999999999991,712.0,4524.0,0.1615379257202148
2026-02-25 10:43:14,690.6,2026-04-30,64,681.0,0.9860990443092962,put,14.0,14.04,14.02,0.0399999999999991,59.0,277.0,0.1600578379821777
2026-02-25 10:43:14,690.6,2026-04-30,64,682.0,0.987547060527078,put,14.33,14.38,14.355,0.0500000000000007,82.0,592.0,0.1592338716125488
2026-02-25 10:43:14,690.6,2026-04-30,64,683.0,0.9889950767448596,put,14.62,14.66,14.64,0.0400000000000009,32.0,1119.0,0.1577995597839355
2026-02-25 10:43:14,690.6,2026-04-30,64,684.0,0.9904430929626412,put,14.86,14.91,14.885,0.0500000000000007,26.0,266.0,0.1560448165893554
2026-02-25 10:43:14,690.6,2026-04-30,64,685.0,0.9918911091804228,put,15.16,15.21,15.185,0.0500000000000007,80.0,2051.0,0.154656280670166
2026-02-25 10:43:14,690.6,2026-04-30,64,687.0,0.994787141615986,put,15.8,15.85,15.825,0.0499999999999989,37.0,389.0,0.1520317951965332
2026-02-25 10:43:14,690.6,2026-04-30,64,688.0,0.9962351578337676,put,16.19,16.24,16.215,0.0499999999999971,15.0,574.0,0.1512230874633789
2026-02-25 10:43:14,690.6,2026-04-30,64,690.0,0.999131190269331,put,16.89,16.94,16.915,0.0500000000000007,180.0,1786.0,0.1486901538085937
2026-02-25 10:43:14,690.6,2026-04-30,64,691.0,1.0005792064871126,put,17.17,17.22,17.195,0.0499999999999971,15.0,329.0,0.1467065310668945
2026-02-25 10:43:14,690.6,2026-04-30,64,692.0,1.0020272227048943,put,17.59,17.65,17.619999999999997,0.0599999999999987,21.0,252.0,0.1459283406066894
2026-02-25 10:43:14,690.6,2026-04-30,64,693.0,1.003475238922676,put,17.91,17.96,17.935000000000002,0.0500000000000007,14.0,975.0,0.1440362696838378
2026-02-25 10:43:14,690.6,2026-04-30,64,695.0,1.0063712713582391,put,18.68,18.73,18.705,0.0500000000000007,32.0,568.0,0.1413049737548828
2026-02-25 10:43:14,690.6,2026-04-30,64,700.0,1.0136113524471473,put,20.91,20.96,20.935,0.0500000000000007,65.0,1163.0,0.1355524678039551
2026-02-25 10:43:14,690.6,2026-04-30,64,715.0,1.035331595713872,put,29.1,29.4,29.25,0.2999999999999971,50.0,78.0,0.1184017604064941
2026-02-25 10:43:14,690.6,2026-04-30,64,720.0,1.0425716768027802,put,32.54,32.96,32.75,0.4200000000000017,23.0,45.0,0.1140530490112304
2026-02-25 10:43:14,690.6,2026-05-15,79,600.0,0.8688097306689835,call,98.2,98.63,98.415,0.4299999999999926,46.0,205.0,0.3062813513183594
2026-02-25 10:43:14,690.6,2026-05-15,79,605.0,0.8760498117578916,call,93.59,94.0,93.795,0.4099999999999966,43.0,74.0,0.2988656539916992
2026-02-25 10:43:14,690.6,2026-05-15,79,610.0,0.8832898928467998,call,89.02,89.4,89.21000000000001,0.3800000000000096,27.0,139.0,0.2915415084838866
2026-02-25 10:43:14,690.6,2026-05-15,79,640.0,0.926730379380249,call,62.27,62.58,62.425,0.3099999999999951,11.0,86.0,0.2484511190795898
2026-02-25 10:43:14,690.6,2026-05-15,79,660.0,0.9556907037358818,call,45.58,45.83,45.705,0.25,10.0,296.0,0.2208787629699706
2026-02-25 10:43:14,690.6,2026-05-15,79,664.0,0.9614827686070084,call,42.25,42.56,42.405,0.3100000000000023,16.0,19.0,0.2148210842895507
2026-02-25 10:43:14,690.6,2026-05-15,79,666.0,0.9643788010425716,call,40.72,41.12,40.92,0.3999999999999986,40.0,1.0,0.2132647033691406
2026-02-25 10:43:14,690.6,2026-05-15,79,667.0,0.9658268172603532,call,39.94,40.33,40.135,0.3900000000000005,40.0,33.0,0.2118303915405273
2026-02-25 10:43:14,690.6,2026-05-15,79,668.0,0.9672748334781348,call,39.11,39.4,39.254999999999995,0.2899999999999991,200.0,201.0,0.2092059060668945
2026-02-25 10:43:14,690.6,2026-05-15,79,669.0,0.9687228496959166,call,38.35,38.63,38.49,0.2800000000000011,620.0,203.0,0.207893663330078
2026-02-25 10:43:14,690.6,2026-05-15,79,671.0,0.9716188821314798,call,36.88,37.16,37.02,0.279999999999994,204.0,214.0,0.2057421955871581
2026-02-25 10:43:14,690.6,2026-05-15,79,675.0,0.9774109470026064,call,33.87,34.07,33.97,0.2000000000000028,34.0,748.0,0.1997608100891113
2026-02-25 10:43:14,690.6,2026-05-15,79,676.0,0.978858963220388,call,33.03,33.29,33.16,0.259999999999998,420.0,419.0,0.1981128773498535
2026-02-25 10:43:14,690.6,2026-05-15,79,678.0,0.9817549956559514,call,31.55,31.81,31.68,0.259999999999998,206.0,568.0,0.1953510641479492
2026-02-25 10:43:14,690.6,2026-05-15,79,679.0,0.9832030118737328,call,30.96,31.24,31.1,0.2799999999999976,421.0,504.0,0.1952595123291015
2026-02-25 10:43:14,690.6,2026-05-15,79,682.0,0.987547060527078,call,28.65,28.96,28.805,0.3100000000000023,107.0,221.0,0.1902089036560059
2026-02-25 10:43:14,690.6,2026-05-15,79,685.0,0.9918911091804228,call,26.67,26.85,26.76,0.1799999999999997,63.0,4425.0,0.1861195890808105
2026-02-25 10:43:14,690.6,2026-05-15,79,686.0,0.9933391253982043,call,25.88,26.11,25.994999999999997,0.2300000000000004,11.0,456.0,0.1843801045227051
2026-02-25 10:43:14,690.6,2026-05-15,79,689.0,0.9976831740515494,call,23.86,24.1,23.98,0.240000000000002,13.0,741.0,0.1805044108581542
2026-02-25 10:43:14,690.6,2026-05-15,79,690.0,0.999131190269331,call,23.21,23.39,23.3,0.1799999999999997,35.0,1176.0,0.1788107022094726
2026-02-25 10:43:14,690.6,2026-05-15,79,691.0,1.0005792064871126,call,22.65,22.69,22.67,0.0400000000000027,18.0,476.0,0.1771322521972656
2026-02-25 10:43:14,690.6,2026-05-15,79,693.0,1.003475238922676,call,21.37,21.4,21.385,0.0299999999999975,31.0,577.0,0.1744925080871582
2026-02-25 10:43:14,690.6,2026-05-15,79,695.0,1.0063712713582391,call,20.15,20.19,20.17,0.0400000000000027,134.0,871.0,0.1722494885253906
2026-02-25 10:43:14,690.6,2026-05-15,79,697.0,1.0092673037938025,call,18.89,18.92,18.905,0.0300000000000011,255.0,655.0,0.1693198303222656
2026-02-25 10:43:14,690.6,2026-05-15,79,700.0,1.0136113524471473,call,17.17,17.2,17.185000000000002,0.0299999999999975,221.0,4031.0,0.1659018957519531
2026-02-25 10:43:14,690.6,2026-05-15,79,703.0,1.0179554011004923,call,15.47,15.5,15.485,0.0299999999999993,28.0,710.0,0.1620872366333007
2026-02-25 10:43:14,690.6,2026-05-15,79,704.0,1.019403417318274,call,14.87,14.9,14.885,0.0300000000000011,64.0,744.0,0.1604087866210937
2026-02-25 10:43:14,690.6,2026-05-15,79,705.0,1.0208514335360557,call,14.37,14.41,14.39,0.0400000000000009,85.0,710.0,0.1595543029785156
2026-02-25 10:43:14,690.6,2026-05-15,79,706.0,1.0222994497538371,call,13.79,13.83,13.81,0.0400000000000009,62.0,309.0,0.1579063702392578
2026-02-25 10:43:14,690.6,2026-05-15,79,707.0,1.0237474659716188,call,13.34,13.38,13.36,0.0400000000000009,28.0,311.0,0.1572197315979004
2026-02-25 10:43:14,690.6,2026-05-15,79,710.0,1.0280915146249638,call,11.8,11.83,11.815,0.0299999999999993,35.0,2076.0,0.1531304170227051
2026-02-25 10:43:14,690.6,2026-05-15,79,711.0,1.0295395308427453,call,11.32,11.35,11.335,0.0299999999999993,28.0,107.0,0.1519097261047363
2026-02-25 10:43:14,690.6,2026-05-15,79,713.0,1.0324355632783089,call,10.45,10.48,10.465,0.0300000000000011,15.0,334.0,0.1500023965454102
2026-02-25 10:43:14,690.6,2026-05-15,79,714.0,1.0338835794960903,call,10.03,10.05,10.04,0.0200000000000013,12.0,1892.0,0.1489648092651367
2026-02-25 10:43:14,690.6,2026-05-15,79,715.0,1.035331595713872,call,9.55,9.58,9.565,0.0299999999999993,79.0,2199.0,0.1475152388000488
2026-02-25 10:43:14,690.6,2026-05-15,79,720.0,1.0425716768027802,call,7.63,7.66,7.645,0.0300000000000002,38.0,1568.0,0.1427087683105468
2026-02-25 10:43:14,690.6,2026-05-15,79,725.0,1.0498117578916883,call,5.94,5.97,5.955,0.0299999999999993,27.0,1958.0,0.1378107460021972
2026-02-25 10:43:14,690.6,2026-05-15,79,730.0,1.0570518389805963,call,4.57,4.59,4.58,0.0199999999999995,53.0,1503.0,0.1337061727905273
2026-02-25 10:43:14,690.6,2026-05-15,79,740.0,1.0715320011584129,call,2.59,2.61,2.5999999999999996,0.02,28.0,2030.0,0.1273585800170898
2026-02-25 10:43:14,690.6,2026-05-15,79,745.0,1.0787720822473212,call,1.92,1.94,1.93,0.02,28.0,515.0,0.1250697845458984
2026-02-25 10:43:14,690.6,2026-05-15,79,750.0,1.0860121633362294,call,1.41,1.43,1.42,0.02,41.0,2252.0,0.1232387481689453
2026-02-25 10:43:14,690.6,2026-05-15,79,755.0,1.0932522444251376,call,1.04,1.06,1.05,0.02,114.0,800.0,0.1221401263427734
2026-02-25 10:43:14,690.6,2026-05-15,79,765.0,1.107732406602954,call,0.58,0.59,0.585,0.01,85.0,1325.0,0.1213466772460937
2026-02-25 10:43:14,690.6,2026-05-15,79,770.0,1.114972487691862,call,0.44,0.46,0.45,0.02,23.0,1427.0,0.1222011608886718
2026-02-25 10:43:14,690.6,2026-05-15,79,780.0,1.1294526498696784,call,0.27,0.28,0.275,0.01,47.0,2841.0,0.124032197265625
2026-02-25 10:43:14,690.6,2026-05-15,79,810.0,1.1728931364031276,call,0.07,0.08,0.075,0.0099999999999999,10.0,52.0,0.1333094482421875
2026-02-25 10:43:14,690.6,2026-05-15,79,840.0,1.2163336229365769,call,0.03,0.04,0.035,0.01,100.0,150.0,0.149422568359375
2026-02-25 10:43:14,690.6,2026-05-15,79,845.0,1.223573704025485,call,0.03,0.04,0.035,0.01,100.0,1.0,0.153328779296875
2026-02-25 10:43:14,690.6,2026-05-15,79,850.0,1.2308137851143932,call,0.03,0.04,0.035,0.01,40.0,68.0,0.157234990234375
2026-02-25 10:43:14,690.6,2026-05-15,79,855.0,1.2380538662033014,call,0.02,0.04,0.03,0.02,102.0,127.0,0.161141201171875
2026-02-25 10:43:14,690.6,2026-05-15,79,860.0,1.2452939472922095,call,0.02,0.03,0.025,0.0099999999999999,70.0,639.0,0.161141201171875
2026-02-25 10:43:14,690.6,2026-05-15,79,865.0,1.252534028381118,call,0.02,0.03,0.025,0.0099999999999999,400.0,438.0,0.165047412109375
2026-02-25 10:43:14,690.6,2026-05-15,79,870.0,1.259774109470026,call,0.02,0.03,0.025,0.0099999999999999,398.0,198.0,0.1679770703125
2026-02-25 10:43:14,690.6,2026-05-15,79,875.0,1.2670141905589345,call,0.02,0.03,0.025,0.0099999999999999,100.0,200.0,0.17188328125
2026-02-25 10:43:14,690.6,2026-05-15,79,880.0,1.2742542716478424,call,0.02,0.03,0.025,0.0099999999999999,100.0,745.0,0.1757894921875
2026-02-25 10:43:14,690.6,2026-05-15,79,885.0,1.2814943527367506,call,0.01,0.02,0.015,0.01,355.0,601.0,0.17383638671875
2026-02-25 10:43:14,690.6,2026-05-15,79,400.0,0.5792064871126557,put,0.48,0.49,0.485,0.01,23.0,4165.0,0.5117236328125
2026-02-25 10:43:14,690.6,2026-05-15,79,410.0,0.593686649290472,put,0.54,0.55,0.545,0.01,41.0,161.0,0.499028447265625
2026-02-25 10:43:14,690.6,2026-05-15,79,425.0,0.6154068925571966,put,0.62,0.63,0.625,0.01,122.0,201.0,0.4768118725585937
2026-02-25 10:43:14,690.6,2026-05-15,79,430.0,0.6226469736461048,put,0.65,0.66,0.655,0.01,101.0,356.0,0.4694877270507813
2026-02-25 10:43:14,690.6,2026-05-15,79,450.0,0.6516072980017376,put,0.8,0.82,0.81,0.0199999999999999,21.0,3061.0,0.4431208032226562
2026-02-25 10:43:14,690.6,2026-05-15,79,455.0,0.6588473790906458,put,0.85,0.86,0.855,0.01,10.0,129.0,0.4361628649902344
2026-02-25 10:43:14,690.6,2026-05-15,79,465.0,0.6733275412684622,put,0.94,0.95,0.945,0.01,16.0,445.0,0.4226131958007812
2026-02-25 10:43:14,690.6,2026-05-15,79,495.0,0.7167680278019114,put,1.27,1.28,1.275,0.01,21.0,257.0,0.3825745336914062
2026-02-25 10:43:14,690.6,2026-05-15,79,500.0,0.7240081088908196,put,1.32,1.34,1.33,0.02,18.0,2529.0,0.3756776300048828
2026-02-25 10:43:14,690.6,2026-05-15,79,520.0,0.7529684332464524,put,1.62,1.63,1.625,0.0099999999999997,10.0,3167.0,0.3490055334472656
2026-02-25 10:43:14,690.6,2026-05-15,79,530.0,0.7674485954242687,put,1.81,1.83,1.82,0.02,24.0,702.0,0.3367986242675781
2026-02-25 10:43:14,690.6,2026-05-15,79,535.0,0.774688676513177,put,1.91,1.92,1.915,0.01,138.0,1130.0,0.3300237896728515
2026-02-25 10:43:14,690.6,2026-05-15,79,540.0,0.7819287576020851,put,2.02,2.03,2.025,0.0099999999999997,17.0,1333.0,0.3237372314453124
2026-02-25 10:43:14,690.6,2026-05-15,79,545.0,0.7891688386909933,put,2.12,2.14,2.13,0.02,47.0,2289.0,0.317267569580078
2026-02-25 10:43:14,690.6,2026-05-15,79,555.0,0.8036490008688097,put,2.41,2.42,2.415,0.0099999999999997,37.0,938.0,0.3054268676757812
2026-02-25 10:43:14,690.6,2026-05-15,79,565.0,0.8181291630466261,put,2.72,2.74,2.7300000000000004,0.02,77.0,144.0,0.2935251312255859
2026-02-25 10:43:14,690.6,2026-05-15,79,585.0,0.8470894874022589,put,3.52,3.54,3.53,0.02,20.0,906.0,0.2698437274169921
2026-02-25 10:43:14,690.6,2026-05-15,79,600.0,0.8688097306689835,put,4.37,4.39,4.38,0.0199999999999995,135.0,8938.0,0.2532423309326171
2026-02-25 10:43:14,690.6,2026-05-15,79,605.0,0.8760498117578916,put,4.7,4.72,4.71,0.0199999999999995,10.0,665.0,0.2476271527099609
2026-02-25 10:43:14,690.6,2026-05-15,79,610.0,0.8832898928467998,put,5.06,5.07,5.0649999999999995,0.0100000000000006,103.0,1681.0,0.2418899053955078
2026-02-25 10:43:14,690.6,2026-05-15,79,625.0,0.9050101361135244,put,6.36,6.38,6.37,0.0199999999999995,37.0,3435.0,0.2254105780029296
2026-02-25 10:43:14,690.6,2026-05-15,79,630.0,0.9122502172024326,put,6.85,6.87,6.859999999999999,0.0200000000000004,126.0,2012.0,0.2195512615966796
2026-02-25 10:43:14,690.6,2026-05-15,79,635.0,0.9194902982913408,put,7.42,7.46,7.44,0.04,51.0,2045.0,0.2142717733764648
2026-02-25 10:43:14,690.6,2026-05-15,79,640.0,0.926730379380249,put,8.04,8.07,8.055,0.0300000000000011,12.0,1880.0,0.2085650433349609
2026-02-25 10:43:14,690.6,2026-05-15,79,650.0,0.9412105415580654,put,9.47,9.49,9.48,0.0199999999999995,41.0,7964.0,0.1972431350708007
2026-02-25 10:43:14,690.6,2026-05-15,79,651.0,0.9426585577758472,put,9.57,9.6,9.585,0.0299999999999993,123.0,284.0,0.1956409782409668
2026-02-25 10:43:14,690.6,2026-05-15,79,652.0,0.9441065739936289,put,9.74,9.77,9.755,0.0299999999999993,56.0,552.0,0.1945881323242187
2026-02-25 10:43:14,690.6,2026-05-15,79,653.0,0.9455545902114104,put,9.92,9.95,9.935,0.0299999999999993,25.0,160.0,0.1936115795898437
2026-02-25 10:43:14,690.6,2026-05-15,79,654.0,0.947002606429192,put,10.03,10.07,10.05,0.0400000000000009,10.0,574.0,0.1920246813964844
2026-02-25 10:43:14,690.6,2026-05-15,79,655.0,0.9484506226469736,put,10.27,10.31,10.29,0.0400000000000009,20.0,836.0,0.1915516636657714
2026-02-25 10:43:14,690.6,2026-05-15,79,656.0,0.9498986388647552,put,10.39,10.43,10.41,0.0399999999999991,406.0,445.0,0.1899037309265137
2026-02-25 10:43:14,690.6,2026-05-15,79,660.0,0.9556907037358818,put,11.15,11.18,11.165,0.0299999999999993,12.0,4803.0,0.1855245022583007
2026-02-25 10:43:14,690.6,2026-05-15,79,661.0,0.9571387199536634,put,11.31,11.35,11.33,0.0399999999999991,12.0,470.0,0.1841817422485351
2026-02-25 10:43:14,690.6,2026-05-15,79,662.0,0.9585867361714452,put,11.52,11.56,11.54,0.0400000000000009,17.0,92.0,0.1831594136047363
2026-02-25 10:43:14,690.6,2026-05-15,79,663.0,0.9600347523892268,put,11.69,11.72,11.705,0.0300000000000011,10.0,50.0,0.1816640672302246
2026-02-25 10:43:14,690.6,2026-05-15,79,665.0,0.96293078482479,put,12.15,12.19,12.17,0.0399999999999991,35.0,1777.0,0.1798788067626953
2026-02-25 10:43:14,690.6,2026-05-15,79,666.0,0.9643788010425716,put,12.33,12.37,12.35,0.0399999999999991,11.0,1393.0,0.178444494934082
2026-02-25 10:43:14,690.6,2026-05-15,79,667.0,0.9658268172603532,put,12.57,12.61,12.59,0.0399999999999991,10.0,762.0,0.1774984594726562
2026-02-25 10:43:14,690.6,2026-05-15,79,670.0,0.9701708659136982,put,13.23,13.27,13.25,0.0399999999999991,86.0,1614.0,0.1738821626281738
2026-02-25 10:43:14,690.6,2026-05-15,79,671.0,0.9716188821314798,put,13.4,13.45,13.425,0.0499999999999989,79.0,225.0,0.1722647471618652
2026-02-25 10:43:14,690.6,2026-05-15,79,672.0,0.9730668983492616,put,13.66,13.7,13.68,0.0399999999999991,24.0,99.0,0.1711966426086426
2026-02-25 10:43:14,690.6,2026-05-15,79,673.0,0.9745149145670432,put,13.92,13.97,13.945,0.0500000000000007,82.0,186.0,0.1702353485107422
2026-02-25 10:43:14,690.6,2026-05-15,79,674.0,0.9759629307848248,put,14.1,14.15,14.125,0.0500000000000007,52.0,128.0,0.1684958639526367
2026-02-25 10:43:14,690.6,2026-05-15,79,675.0,0.9774109470026064,put,14.41,14.46,14.435,0.0500000000000007,32.0,1975.0,0.1677939666748047
2026-02-25 10:43:14,690.6,2026-05-15,79,678.0,0.9817549956559514,put,15.18,15.23,15.205,0.0500000000000007,60.0,157.0,0.1640556007385254
2026-02-25 10:43:14,690.6,2026-05-15,79,679.0,0.9832030118737328,put,15.38,15.43,15.405,0.0499999999999989,33.0,145.0,0.162270340270996
2026-02-25 10:43:14,690.6,2026-05-15,79,680.0,0.9846510280915146,put,15.76,15.8,15.78,0.0400000000000009,22.0,1973.0,0.1617973225402831
2026-02-25 10:43:14,690.6,2026-05-15,79,681.0,0.9860990443092962,put,16.03,16.08,16.055,0.0499999999999971,10.0,724.0,0.1605461143493652
2026-02-25 10:43:14,690.6,2026-05-15,79,684.0,0.9904430929626412,put,16.89,16.94,16.915,0.0500000000000007,82.0,371.0,0.1566399034118652
2026-02-25 10:43:14,690.6,2026-05-15,79,685.0,0.9918911091804228,put,17.18,17.23,17.205,0.0500000000000007,110.0,5861.0,0.1552666261291504
2026-02-25 10:43:14,690.6,2026-05-15,79,686.0,0.9933391253982043,put,17.54,17.59,17.564999999999998,0.0500000000000007,183.0,579.0,0.154381625213623
2026-02-25 10:43:14,690.6,2026-05-15,79,687.0,0.994787141615986,put,17.87,17.92,17.895000000000003,0.0500000000000007,124.0,625.0,0.1532067102050781
2026-02-25 10:43:14,690.6,2026-05-15,79,688.0,0.9962351578337676,put,18.2,18.25,18.225,0.0500000000000007,36.0,1163.0,0.1519707606506348
2026-02-25 10:43:14,690.6,2026-05-15,79,689.0,0.9976831740515494,put,18.55,18.6,18.575000000000003,0.0500000000000007,11.0,1067.0,0.1508263629150391
2026-02-25 10:43:14,690.6,2026-05-15,79,690.0,0.999131190269331,put,18.85,18.9,18.875,0.0499999999999971,268.0,2527.0,0.1492394647216797
2026-02-25 10:43:14,690.6,2026-05-15,79,691.0,1.0005792064871126,put,19.15,19.21,19.18,0.0600000000000022,52.0,1335.0,0.1476830838012695
2026-02-25 10:43:14,690.6,2026-05-15,79,694.0,1.0049232551404574,put,20.29,20.34,20.315,0.0500000000000007,11.0,340.0,0.1441278215026855
2026-02-25 10:43:14,690.6,2026-05-15,79,695.0,1.0063712713582391,put,20.66,20.72,20.69,0.0599999999999987,13.0,1495.0,0.1428460960388183
2026-02-25 10:43:14,690.6,2026-05-15,79,696.0,1.0078192875760208,put,21.0,21.06,21.03,0.0599999999999987,10.0,238.0,0.1411676460266113
2026-02-25 10:43:14,690.6,2026-05-15,79,700.0,1.0136113524471473,put,22.82,22.88,22.85,0.0599999999999987,26.0,1946.0,0.137352986907959
2026-02-25 10:43:14,690.6,2026-05-15,79,701.0,1.015059368664929,put,23.27,23.33,23.299999999999997,0.0599999999999987,24.0,568.0,0.136178071899414
2026-02-25 10:43:14,690.6,2026-05-15,79,704.0,1.019403417318274,put,24.54,24.84,24.69,0.3000000000000007,13.0,14.0,0.1334315173339843
2026-02-25 10:43:14,690.6,2026-05-15,79,705.0,1.0208514335360557,put,24.94,25.25,25.095,0.3099999999999987,11.0,261.0,0.1316004809570312
2026-02-25 10:43:14,690.6,2026-05-29,93,600.0,0.8688097306689835,call,100.18,100.68,100.43,0.5,40.0,92.0,0.3071053176879882
2026-02-25 10:43:14,690.6,2026-05-29,93,625.0,0.9050101361135244,call,77.53,77.92,77.725,0.3900000000000005,76.0,66.0,0.2701794174194336
2026-02-25 10:43:14,690.6,2026-05-29,93,662.0,0.9585867361714452,call,46.28,46.63,46.455,0.3500000000000014,24.0,12.0,0.2202836761474609
2026-02-25 10:43:14,690.6,2026-05-29,93,663.0,0.9600347523892268,call,45.65,46.03,45.84,0.3800000000000025,16.0,7.0,0.2204667797851562
2026-02-25 10:43:14,690.6,2026-05-29,93,665.0,0.96293078482479,call,43.91,44.1,44.004999999999995,0.1900000000000048,12.0,1274.0,0.2150804811096191
2026-02-25 10:43:14,690.6,2026-05-29,93,675.0,0.9774109470026064,call,36.37,36.59,36.48,0.2200000000000059,19.0,438.0,0.2030261582946776
2026-02-25 10:43:14,690.6,2026-05-29,93,681.0,0.9860990443092962,call,31.9,32.17,32.035,0.2700000000000031,27.0,213.0,0.1949238223266601
2026-02-25 10:43:14,690.6,2026-05-29,93,700.0,1.0136113524471473,call,19.56,19.6,19.58,0.0400000000000027,125.0,1455.0,0.1703345296478271
2026-02-25 10:43:14,690.6,2026-05-29,93,715.0,1.035331595713872,call,11.72,11.76,11.74,0.0399999999999991,11.0,809.0,0.1532219688415527
2026-02-25 10:43:14,690.6,2026-05-29,93,720.0,1.0425716768027802,call,9.61,9.65,9.63,0.0400000000000009,11.0,986.0,0.1482018774414062
2026-02-25 10:43:14,690.6,2026-05-29,93,750.0,1.0860121633362294,call,2.2,2.21,2.205,0.0099999999999997,18.0,1350.0,0.1269923727416992
2026-02-25 10:43:14,690.6,2026-05-29,93,755.0,1.0932522444251376,call,1.68,1.7,1.69,0.02,13.0,576.0,0.1256190954589844
2026-02-25 10:43:14,690.6,2026-05-29,93,765.0,1.107732406602954,call,0.97,0.99,0.98,0.02,27.0,1173.0,0.1236659899902343
2026-02-25 10:43:14,690.6,2026-05-29,93,770.0,1.114972487691862,call,0.74,0.76,0.75,0.02,15.0,858.0,0.1232387481689453
2026-02-25 10:43:14,690.6,2026-05-29,93,775.0,1.1222125687807702,call,0.57,0.59,0.58,0.02,87.0,604.0,0.1232997827148437
2026-02-25 10:43:14,690.6,2026-05-29,93,780.0,1.1294526498696784,call,0.45,0.46,0.455,0.01,21.0,809.0,0.1236049554443359
2026-02-25 10:43:14,690.6,2026-05-29,93,815.0,1.1801332174920358,call,0.1,0.11,0.105,0.0099999999999999,11.0,57.0,0.131844619140625
2026-02-25 10:43:14,690.6,2026-05-29,93,820.0,1.187373298580944,call,0.08,0.1,0.09,0.02,10.0,208.0,0.13477427734375
2026-02-25 10:43:14,690.6,2026-05-29,93,845.0,1.223573704025485,call,0.04,0.06,0.05,0.0199999999999999,10.0,17.0,0.1469811865234375
2026-02-25 10:43:14,690.6,2026-05-29,93,860.0,1.2452939472922095,call,0.03,0.04,0.035,0.01,200.0,50.0,0.1523522265625
2026-02-25 10:43:14,690.6,2026-05-29,93,900.0,1.3032145960034751,call,0.02,0.03,0.025,0.0099999999999999,100.0,1100.0,0.1757894921875
2026-02-25 10:43:14,690.6,2026-05-29,93,435.0,0.629887054735013,put,0.9,0.92,0.91,0.02,12.0,1275.0,0.4449518395996094
2026-02-25 10:43:14,690.6,2026-05-29,93,450.0,0.6516072980017376,put,1.05,1.06,1.0550000000000002,0.01,16.0,390.0,0.4254207849121094
2026-02-25 10:43:14,690.6,2026-05-29,93,470.0,0.6805676223573703,put,1.25,1.27,1.26,0.02,10.0,176.0,0.3991759301757813
2026-02-25 10:43:14,690.6,2026-05-29,93,480.0,0.6950477845351868,put,1.38,1.4,1.39,0.02,20.0,355.0,0.3867248828124999
2026-02-25 10:43:14,690.6,2026-05-29,93,515.0,0.7457283521575442,put,1.93,1.94,1.935,0.01,19.0,174.0,0.3424138024902343
2026-02-25 10:43:14,690.6,2026-05-29,93,550.0,0.7964089197799015,put,2.82,2.84,2.83,0.02,503.0,1647.0,0.3017342776489258
2026-02-25 10:43:14,690.6,2026-05-29,93,575.0,0.8326093252244425,put,3.81,3.83,3.82,0.02,10.0,507.0,0.2739940765380859
2026-02-25 10:43:14,690.6,2026-05-29,93,592.0,0.8572256009267304,put,4.73,4.76,4.745,0.0299999999999993,21.0,103.0,0.2556531954956055
2026-02-25 10:43:14,690.6,2026-05-29,93,594.0,0.8601216333622936,put,4.86,4.89,4.875,0.0299999999999993,130.0,209.0,0.2535780209350586
2026-02-25 10:43:14,690.6,2026-05-29,93,600.0,0.8688097306689835,put,5.27,5.3,5.285,0.0300000000000002,14.0,47863.0,0.2472304281616211
2026-02-25 10:43:14,690.6,2026-05-29,93,614.0,0.8890819577179264,put,6.41,6.44,6.425000000000001,0.0300000000000002,13.0,18.0,0.2326736889648437
2026-02-25 10:43:14,690.6,2026-05-29,93,620.0,0.8977700550246163,put,6.97,7.0,6.984999999999999,0.0300000000000002,44.0,3812.0,0.2262803202819824
2026-02-25 10:43:14,690.6,2026-05-29,93,623.0,0.9021141036779612,put,7.27,7.31,7.289999999999999,0.04,32.0,56.0,0.2231828170776367
2026-02-25 10:43:14,690.6,2026-05-29,93,625.0,0.9050101361135244,put,7.48,7.52,7.5,0.0399999999999991,31.0,1160.0,0.2210466079711914
2026-02-25 10:43:14,690.6,2026-05-29,93,628.0,0.9093541847668694,put,7.8,7.84,7.82,0.04,41.0,401.0,0.2177507424926758
2026-02-25 10:43:14,690.6,2026-05-29,93,635.0,0.9194902982913408,put,8.64,8.68,8.66,0.0399999999999991,36.0,275.0,0.2103503038024902
2026-02-25 10:43:14,690.6,2026-05-29,93,640.0,0.926730379380249,put,9.28,9.33,9.305,0.0500000000000007,89.0,490.0,0.2049029705810546
2026-02-25 10:43:14,690.6,2026-05-29,93,642.0,0.9296264118158124,put,9.54,9.58,9.56,0.0400000000000009,47.0,98.0,0.2024615887451171
2026-02-25 10:43:14,690.6,2026-05-29,93,649.0,0.9397625253402838,put,10.63,10.67,10.65,0.0399999999999991,63.0,392.0,0.1951832191467285
2026-02-25 10:43:14,690.6,2026-05-29,93,660.0,0.9556907037358818,put,12.59,12.63,12.61,0.0400000000000009,26.0,15536.0,0.1832204481506347
2026-02-25 10:43:14,690.6,2026-05-29,93,665.0,0.96293078482479,put,13.56,13.62,13.59,0.0599999999999987,34.0,640.0,0.1774221662902831
2026-02-25 10:43:14,690.6,2026-05-29,93,675.0,0.9774109470026064,put,15.92,15.98,15.95,0.0600000000000005,11.0,376.0,0.1662528443908691
2026-02-25 10:43:14,690.6,2026-05-29,93,676.0,0.978858963220388,put,16.2,16.25,16.225,0.0500000000000007,206.0,342.0,0.1651847398376464
2026-02-25 10:43:14,690.6,2026-05-29,93,678.0,0.9817549956559514,put,16.68,16.73,16.705,0.0500000000000007,206.0,478.0,0.1624992198181152
2026-02-25 10:43:14,690.6,2026-05-29,93,680.0,0.9846510280915146,put,17.29,17.35,17.32,0.0600000000000022,42.0,882.0,0.1606681834411621
2026-02-25 10:43:14,690.6,2026-05-29,93,690.0,0.999131190269331,put,20.35,20.42,20.385,0.0700000000000002,52.0,1557.0,0.1485833433532715
2026-02-25 10:43:14,690.6,2026-05-29,93,700.0,1.0136113524471473,put,24.22,24.29,24.255,0.0700000000000002,34.0,1054.0,0.1369562623596191
2026-02-25 10:43:14,690.6,2026-05-29,93,705.0,1.0208514335360557,put,26.47,26.73,26.6,0.2600000000000015,12.0,106.0,0.1324397059631348
2026-02-25 10:43:14,690.6,2026-06-18,113,650.0,0.9412105415580654,call,59.08,59.37,59.224999999999994,0.2899999999999991,46.0,6126.0,0.2368850726318359
2026-02-25 10:43:14,690.6,2026-06-18,113,665.0,0.96293078482479,call,47.12,47.36,47.239999999999995,0.240000000000002,56.0,4912.0,0.2181016911315917
2026-02-25 10:43:14,690.6,2026-06-18,113,675.0,0.9774109470026064,call,39.71,39.9,39.805,0.1899999999999977,62.0,4495.0,0.2066119378662109
2026-02-25 10:43:14,690.6,2026-06-18,113,680.0,0.9846510280915146,call,36.01,36.2,36.105,0.1900000000000048,37.0,4537.0,0.2001117587280273
2026-02-25 10:43:14,690.6,2026-06-18,113,685.0,0.9918911091804228,call,32.5,32.67,32.585,0.1700000000000017,12.0,9474.0,0.1940235627746582
2026-02-25 10:43:14,690.6,2026-06-18,113,690.0,0.999131190269331,call,29.1,29.29,29.195,0.1899999999999977,550.0,9119.0,0.1881489877319335
2026-02-25 10:43:14,690.6,2026-06-18,113,695.0,1.0063712713582391,call,25.87,25.92,25.895000000000003,0.0500000000000007,17.0,7603.0,0.1814962222290039
2026-02-25 10:43:14,690.6,2026-06-18,113,700.0,1.0136113524471473,call,22.87,22.89,22.880000000000003,0.0199999999999995,51.0,23236.0,0.1761328115081787
2026-02-25 10:43:14,690.6,2026-06-18,113,705.0,1.0208514335360557,call,19.91,19.96,19.935,0.0500000000000007,23.0,9614.0,0.1704184521484375
2026-02-25 10:43:14,690.6,2026-06-18,113,710.0,1.0280915146249638,call,17.18,17.22,17.2,0.0399999999999991,81.0,9432.0,0.1648643084716797
2026-02-25 10:43:14,690.6,2026-06-18,113,715.0,1.035331595713872,call,14.67,14.7,14.685,0.0299999999999993,103.0,18716.0,0.1596000788879394
2026-02-25 10:43:14,690.6,2026-06-18,113,720.0,1.0425716768027802,call,12.47,12.5,12.485,0.0299999999999993,90.0,9053.0,0.155281884765625
2026-02-25 10:43:14,690.6,2026-06-18,113,725.0,1.0498117578916883,call,10.4,10.44,10.42,0.0399999999999991,69.0,22462.0,0.1506127420043945
2026-02-25 10:43:14,690.6,2026-06-18,113,730.0,1.0570518389805963,call,8.55,8.58,8.565000000000001,0.0299999999999993,17.0,13767.0,0.1460046337890624
2026-02-25 10:43:14,690.6,2026-06-18,113,740.0,1.0715320011584129,call,5.69,5.72,5.705,0.0299999999999993,1046.0,11814.0,0.1391687646484375
2026-02-25 10:43:14,690.6,2026-06-18,113,745.0,1.0787720822473212,call,4.54,4.57,4.555,0.0300000000000002,34.0,15556.0,0.1359339337158203
2026-02-25 10:43:14,690.6,2026-06-18,113,750.0,1.0860121633362294,call,3.62,3.65,3.635,0.0299999999999998,34.0,17968.0,0.1334772932434081
2026-02-25 10:43:14,690.6,2026-06-18,113,755.0,1.0932522444251376,call,2.86,2.89,2.875,0.0300000000000002,22.0,8572.0,0.131295308227539
2026-02-25 10:43:14,690.6,2026-06-18,113,760.0,1.1004923255140455,call,2.25,2.28,2.2649999999999997,0.0299999999999998,10.0,8033.0,0.1294947891235351
2026-02-25 10:43:14,690.6,2026-06-18,113,770.0,1.114972487691862,call,1.39,1.4,1.395,0.01,67.0,7538.0,0.1267787518310547
2026-02-25 10:43:14,690.6,2026-06-18,113,775.0,1.1222125687807702,call,1.09,1.11,1.1,0.02,663.0,4310.0,0.1262294409179687
2026-02-25 10:43:14,690.6,2026-06-18,113,780.0,1.1294526498696784,call,0.87,0.88,0.875,0.01,60.0,3928.0,0.1258632336425781
2026-02-25 10:43:14,690.6,2026-06-18,113,790.0,1.143932812047495,call,0.55,0.56,0.555,0.01,1040.0,5358.0,0.1258632336425781
2026-02-25 10:43:14,690.6,2026-06-18,113,800.0,1.1584129742253113,call,0.36,0.37,0.365,0.01,32.0,16445.0,0.12696185546875
2026-02-25 10:43:14,690.6,2026-06-18,113,810.0,1.1728931364031276,call,0.24,0.25,0.245,0.01,20.0,1483.0,0.1285487536621093
2026-02-25 10:43:14,690.6,2026-06-18,113,820.0,1.187373298580944,call,0.17,0.18,0.175,0.0099999999999999,114.0,11099.0,0.1313563427734375
2026-02-25 10:43:14,690.6,2026-06-18,113,835.0,1.2090935418476687,call,0.1,0.11,0.105,0.0099999999999999,16.0,351.0,0.1350184155273437
2026-02-25 10:43:14,690.6,2026-06-18,113,840.0,1.2163336229365769,call,0.09,0.1,0.095,0.01,40.0,1087.0,0.1372156591796875
2026-02-25 10:43:14,690.6,2026-06-18,113,855.0,1.2380538662033014,call,0.06,0.07,0.065,0.01,20.0,3645.0,0.14258669921875
2026-02-25 10:43:14,690.6,2026-06-18,113,860.0,1.2452939472922095,call,0.06,0.07,0.065,0.01,98.0,1510.0,0.1460046337890624
2026-02-25 10:43:14,690.6,2026-06-18,113,865.0,1.252534028381118,call,0.05,0.06,0.055,0.0099999999999999,98.0,1629.0,0.1469811865234375
2026-02-25 10:43:14,690.6,2026-06-18,113,875.0,1.2670141905589345,call,0.05,0.06,0.055,0.0099999999999999,16.0,455.0,0.1538170556640625
2026-02-25 10:43:14,690.6,2026-06-18,113,880.0,1.2742542716478424,call,0.04,0.05,0.045,0.01,1000.0,446.0,0.15430533203125
2026-02-25 10:43:14,690.6,2026-06-18,113,885.0,1.2814943527367506,call,0.03,0.05,0.04,0.02,300.0,1509.0,0.1577232666015625
2026-02-25 10:43:14,690.6,2026-06-18,113,890.0,1.2887344338256588,call,0.04,0.04,0.04,0.0,300.0,399.0,0.157234990234375
2026-02-25 10:43:14,690.6,2026-06-18,113,895.0,1.295974514914567,call,0.03,0.04,0.035,0.01,188.0,1355.0,0.1606529248046875
2026-02-25 10:43:14,690.6,2026-06-18,113,900.0,1.3032145960034751,call,0.03,0.04,0.035,0.01,501.0,3262.0,0.164070859375
2026-02-25 10:43:14,690.6,2026-06-18,113,910.0,1.3176947581812917,call,0.02,0.03,0.025,0.0099999999999999,600.0,1208.0,0.16602396484375
2026-02-25 10:43:14,690.6,2026-06-18,113,245.0,0.3547639733565015,put,0.17,0.18,0.175,0.0099999999999999,80.0,22455.0,0.6914093359375001
2026-02-25 10:43:14,690.6,2026-06-18,113,250.0,0.3620040544454098,put,0.18,0.19,0.185,0.01,70.0,19728.0,0.6821320849609377
2026-02-25 10:43:14,690.6,2026-06-18,113,280.0,0.4054445409788589,put,0.26,0.28,0.27,0.02,200.0,4059.0,0.6352575537109376
2026-02-25 10:43:14,690.6,2026-06-18,113,300.0,0.4344048653344917,put,0.34,0.35,0.345,0.0099999999999999,12106.0,21701.0,0.6064492480468751
2026-02-25 10:43:14,690.6,2026-06-18,113,305.0,0.4416449464233999,put,0.36,0.37,0.365,0.01,30.0,854.0,0.5991251025390626
2026-02-25 10:43:14,690.6,2026-06-18,113,310.0,0.4488850275123081,put,0.38,0.39,0.385,0.01,156.0,1135.0,0.5918009570312501
2026-02-25 10:43:14,690.6,2026-06-18,113,325.0,0.4706052707790327,put,0.44,0.45,0.445,0.01,35.0,1728.0,0.569340244140625
2026-02-25 10:43:14,690.6,2026-06-18,113,330.0,0.4778453518679409,put,0.47,0.48,0.475,0.01,11.0,1287.0,0.5632367895507813
2026-02-25 10:43:14,690.6,2026-06-18,113,335.0,0.4850854329568491,put,0.49,0.5,0.495,0.01,35.0,438.0,0.5556685058593751
2026-02-25 10:43:14,690.6,2026-06-18,113,385.0,0.557486243845931,put,0.81,0.82,0.815,0.0099999999999998,12.0,2993.0,0.4896291271972657
2026-02-25 10:43:14,690.6,2026-06-18,113,390.0,0.5647263249348392,put,0.84,0.85,0.845,0.01,806.0,1164.0,0.48242705078125
2026-02-25 10:43:14,690.6,2026-06-18,113,400.0,0.5792064871126557,put,0.93,0.93,0.93,0.0,15.0,16330.0,0.4693656579589844
2026-02-25 10:43:14,690.6,2026-06-18,113,420.0,0.6081668114682884,put,1.11,1.12,1.1150000000000002,0.01,26.0,11864.0,0.4443414941406249
2026-02-25 10:43:14,690.6,2026-06-18,113,425.0,0.6154068925571966,put,1.16,1.17,1.165,0.01,12.0,9701.0,0.4381159704589844
2026-02-25 10:43:14,690.6,2026-06-18,113,440.0,0.6371271358239212,put,1.32,1.33,1.3250000000000002,0.01,21.0,3127.0,0.4191342266845703
2026-02-25 10:43:14,690.6,2026-06-18,113,445.0,0.6443672169128294,put,1.38,1.39,1.3849999999999998,0.01,14.0,4129.0,0.412969737548828
2026-02-25 10:43:14,690.6,2026-06-18,113,455.0,0.6588473790906458,put,1.51,1.52,1.515,0.01,22.0,1642.0,0.4008848974609375
2026-02-25 10:43:14,690.6,2026-06-18,113,460.0,0.666087460179554,put,1.57,1.59,1.58,0.02,10.0,7685.0,0.3949035119628906
2026-02-25 10:43:14,690.6,2026-06-18,113,475.0,0.6878077034462786,put,1.79,1.8,1.795,0.01,155.0,2890.0,0.3763490100097656
2026-02-25 10:43:14,690.6,2026-06-18,113,480.0,0.6950477845351868,put,1.87,1.88,1.875,0.0099999999999997,16.0,13438.0,0.3703065899658203
2026-02-25 10:43:14,690.6,2026-06-18,113,500.0,0.7240081088908196,put,2.25,2.26,2.255,0.0099999999999997,2608.0,25323.0,0.3471744970703124
2026-02-25 10:43:14,690.6,2026-06-18,113,505.0,0.7312481899797277,put,2.35,2.37,2.3600000000000003,0.02,17.0,5064.0,0.3414982843017577
2026-02-25 10:43:14,690.6,2026-06-18,113,510.0,0.7384882710686359,put,2.45,2.47,2.46,0.02,20.0,8742.0,0.335394829711914
2026-02-25 10:43:14,690.6,2026-06-18,113,515.0,0.7457283521575442,put,2.59,2.6,2.595,0.0100000000000002,108.0,5953.0,0.3300237896728515
2026-02-25 10:43:14,690.6,2026-06-18,113,525.0,0.7602085143353605,put,2.86,2.88,2.87,0.02,10.0,4363.0,0.319220675048828
2026-02-25 10:43:14,690.6,2026-06-18,113,530.0,0.7674485954242687,put,3.0,3.01,3.005,0.0099999999999997,29.0,6943.0,0.3133003240966796
2026-02-25 10:43:14,690.6,2026-06-18,113,535.0,0.774688676513177,put,3.17,3.18,3.175,0.0100000000000002,127.0,8144.0,0.3081734222412109
2026-02-25 10:43:14,690.6,2026-06-18,113,540.0,0.7819287576020851,put,3.33,3.34,3.335,0.0099999999999997,41.0,6015.0,0.3026192785644531
2026-02-25 10:43:14,690.6,2026-06-18,113,560.0,0.8108890819577179,put,4.17,4.19,4.18,0.0200000000000004,30.0,9244.0,0.2823863265991211
2026-02-25 10:43:14,690.6,2026-06-18,113,565.0,0.8181291630466261,put,4.41,4.43,4.42,0.0199999999999995,15.0,5374.0,0.277228907470703
2026-02-25 10:43:14,690.6,2026-06-18,113,600.0,0.8688097306689835,put,6.73,6.75,6.74,0.0199999999999995,1052.0,22048.0,0.242622319946289
2026-02-25 10:43:14,690.6,2026-06-18,113,605.0,0.8760498117578916,put,7.17,7.19,7.18,0.0200000000000004,1140.0,5058.0,0.2377700735473632
2026-02-25 10:43:14,690.6,2026-06-18,113,610.0,0.8832898928467998,put,7.58,7.61,7.595000000000001,0.0300000000000002,10.0,7906.0,0.2323379989624023
2026-02-25 10:43:14,690.6,2026-06-18,113,615.0,0.8905299739357081,put,8.12,8.15,8.135,0.0300000000000011,12.0,4887.0,0.2278519598388672
2026-02-25 10:43:14,690.6,2026-06-18,113,620.0,0.8977700550246163,put,8.67,8.69,8.68,0.0199999999999995,131.0,51343.0,0.2229234202575683
2026-02-25 10:43:14,690.6,2026-06-18,113,625.0,0.9050101361135244,put,9.24,9.27,9.255,0.0299999999999993,31.0,22260.0,0.2179796220397948
2026-02-25 10:43:14,690.6,2026-06-18,113,630.0,0.9122502172024326,put,9.88,9.9,9.89,0.0199999999999995,159.0,150046.0,0.2130663410949707
2026-02-25 10:43:14,690.6,2026-06-18,113,635.0,0.9194902982913408,put,10.55,10.57,10.56,0.0199999999999995,10.0,7955.0,0.2080462496948241
2026-02-25 10:43:14,690.6,2026-06-18,113,640.0,0.926730379380249,put,11.28,11.31,11.295,0.0300000000000011,1360.0,105537.0,0.2031634860229492
2026-02-25 10:43:14,690.6,2026-06-18,113,645.0,0.9339704604691572,put,12.0,12.03,12.015,0.0299999999999993,13.0,7906.0,0.1976093423461914
2026-02-25 10:43:14,690.6,2026-06-18,113,650.0,0.9412105415580654,put,12.88,12.91,12.895,0.0299999999999993,39.0,36854.0,0.1928333891296386
2026-02-25 10:43:14,690.6,2026-06-18,113,655.0,0.9484506226469736,put,13.76,13.79,13.775,0.0299999999999993,20.0,9451.0,0.1874623490905761
2026-02-25 10:43:14,690.6,2026-06-18,113,660.0,0.9556907037358818,put,14.71,14.75,14.73,0.0399999999999991,38.0,18592.0,0.1821065676879882
2026-02-25 10:43:14,690.6,2026-06-18,113,665.0,0.96293078482479,put,15.75,15.79,15.77,0.0399999999999991,21.0,8427.0,0.1767050103759765
2026-02-25 10:43:14,690.6,2026-06-18,113,670.0,0.9701708659136982,put,16.92,16.96,16.94,0.0399999999999991,29.0,20164.0,0.1715170739746093
2026-02-25 10:43:14,690.6,2026-06-18,113,675.0,0.9774109470026064,put,18.15,18.18,18.165,0.0300000000000011,19.0,8571.0,0.1659324130249023
2026-02-25 10:43:14,690.6,2026-06-18,113,680.0,0.9846510280915146,put,19.54,19.58,19.56,0.0399999999999991,128.0,12631.0,0.1607597352600098
2026-02-25 10:43:14,690.6,2026-06-18,113,685.0,0.9918911091804228,put,21.07,21.13,21.1,0.0599999999999987,84.0,5673.0,0.1556786093139648
2026-02-25 10:43:14,690.6,2026-06-18,113,690.0,0.999131190269331,put,22.75,22.8,22.775,0.0500000000000007,209.0,8079.0,0.15039912109375
2026-02-25 10:43:14,690.6,2026-06-18,113,695.0,1.0063712713582391,put,24.55,24.6,24.575000000000003,0.0500000000000007,73.0,7581.0,0.1449060119628906
2026-02-25 10:43:14,690.6,2026-06-18,113,700.0,1.0136113524471473,put,26.57,26.62,26.595,0.0500000000000007,2087.0,22074.0,0.1396722996520996
2026-02-25 10:43:14,690.6,2026-06-18,113,710.0,1.0280915146249638,put,31.0,31.22,31.11,0.2199999999999988,12.0,3133.0,0.1288081504821777
2026-02-25 10:43:14,690.6,2026-06-18,113,725.0,1.0498117578916883,put,39.88,40.19,40.035,0.3099999999999951,46.0,718.0,0.1146633944702148
2026-02-25 10:43:14,690.6,2026-06-30,125,625.0,0.9050101361135244,call,80.93,81.34,81.135,0.4099999999999966,46.0,189.0,0.2615430291748046
2026-02-25 10:43:14,690.6,2026-06-30,125,634.0,0.9180422820735592,call,73.16,73.65,73.405,0.4900000000000091,12.0,27.0,0.2510298286437988
2026-02-25 10:43:14,690.6,2026-06-30,125,640.0,0.926730379380249,call,68.17,68.52,68.345,0.3499999999999943,78.0,680.0,0.2434005104064941
2026-02-25 10:43:14,690.6,2026-06-30,125,645.0,0.9339704604691572,call,64.02,64.35,64.185,0.3299999999999983,152.0,285.0,0.2374038662719726
2026-02-25 10:43:14,690.6,2026-06-30,125,650.0,0.9412105415580654,call,60.11,60.42,60.265,0.3100000000000023,11.0,1633.0,0.2327347235107422
2026-02-25 10:43:14,690.6,2026-06-30,125,675.0,0.9774109470026064,call,40.63,40.88,40.755,0.25,45.0,485.0,0.2027667614746093
2026-02-25 10:43:14,690.6,2026-06-30,125,695.0,1.0063712713582391,call,27.04,27.09,27.065,0.0500000000000007,13.0,1772.0,0.1798635481262206
2026-02-25 10:43:14,690.6,2026-06-30,125,700.0,1.0136113524471473,call,23.94,23.99,23.965,0.0499999999999971,26.0,2812.0,0.1743475510406494
2026-02-25 10:43:14,690.6,2026-06-30,125,705.0,1.0208514335360557,call,21.04,21.09,21.065,0.0500000000000007,10.0,1235.0,0.1691672439575195
2026-02-25 10:43:14,690.6,2026-06-30,125,725.0,1.0498117578916883,call,11.4,11.44,11.42,0.0399999999999991,77.0,2215.0,0.1503380865478515
2026-02-25 10:43:14,690.6,2026-06-30,125,730.0,1.0570518389805963,call,9.51,9.53,9.52,0.0199999999999995,11.0,591.0,0.1459741165161132
2026-02-25 10:43:14,690.6,2026-06-30,125,740.0,1.0715320011584129,call,6.44,6.48,6.460000000000001,0.04,74.0,906.0,0.1389856610107422
2026-02-25 10:43:14,690.6,2026-06-30,125,755.0,1.0932522444251376,call,3.39,3.42,3.405,0.0299999999999998,43.0,664.0,0.1311884977722168
2026-02-25 10:43:14,690.6,2026-06-30,125,775.0,1.1222125687807702,call,1.36,1.38,1.37,0.0199999999999997,35.0,1012.0,0.1256801300048828
2026-02-25 10:43:14,690.6,2026-06-30,125,780.0,1.1294526498696784,call,1.08,1.11,1.0950000000000002,0.03,36.0,807.0,0.1253139227294922
2026-02-25 10:43:14,690.6,2026-06-30,125,790.0,1.143932812047495,call,0.7,0.72,0.71,0.02,272.0,679.0,0.12500875
2026-02-25 10:43:14,690.6,2026-06-30,125,795.0,1.1511728931364031,call,0.57,0.58,0.575,0.01,100.0,503.0,0.1250697845458984
2026-02-25 10:43:14,690.6,2026-06-30,125,800.0,1.1584129742253113,call,0.46,0.47,0.4649999999999999,0.0099999999999999,23.0,5544.0,0.1253139227294922
2026-02-25 10:43:14,690.6,2026-06-30,125,810.0,1.1728931364031276,call,0.31,0.32,0.315,0.01,43.0,1194.0,0.1265956481933593
2026-02-25 10:43:14,690.6,2026-06-30,125,815.0,1.1801332174920358,call,0.26,0.27,0.265,0.01,200.0,892.0,0.1276942700195312
2026-02-25 10:43:14,690.6,2026-06-30,125,820.0,1.187373298580944,call,0.21,0.22,0.215,0.01,52.0,819.0,0.1281825463867187
2026-02-25 10:43:14,690.6,2026-06-30,125,830.0,1.2018534607587603,call,0.15,0.16,0.155,0.01,24.0,2563.0,0.1306239282226562
2026-02-25 10:43:14,690.6,2026-06-30,125,840.0,1.2163336229365769,call,0.11,0.13,0.12,0.02,39.0,2007.0,0.1345301391601562
2026-02-25 10:43:14,690.6,2026-06-30,125,850.0,1.2308137851143932,call,0.09,0.1,0.095,0.01,121.0,3823.0,0.1374597973632813
2026-02-25 10:43:14,690.6,2026-06-30,125,865.0,1.252534028381118,call,0.06,0.07,0.065,0.01,25.0,175.0,0.1420984228515625
2026-02-25 10:43:14,690.6,2026-06-30,125,870.0,1.259774109470026,call,0.06,0.07,0.065,0.01,496.0,3948.0,0.145516357421875
2026-02-25 10:43:14,690.6,2026-06-30,125,880.0,1.2742542716478424,call,0.05,0.06,0.055,0.0099999999999999,430.0,949.0,0.149422568359375
2026-02-25 10:43:14,690.6,2026-06-30,125,885.0,1.2814943527367506,call,0.04,0.06,0.05,0.0199999999999999,819.0,820.0,0.1528405029296875
2026-02-25 10:43:14,690.6,2026-06-30,125,895.0,1.295974514914567,call,0.04,0.05,0.045,0.01,1074.0,1214.0,0.1562584375
2026-02-25 10:43:14,690.6,2026-06-30,125,410.0,0.593686649290472,put,1.18,1.19,1.185,0.01,44.0,2037.0,0.4449518395996094
2026-02-25 10:43:14,690.6,2026-06-30,125,445.0,0.6443672169128294,put,1.59,1.6,1.5950000000000002,0.01,16.0,321.0,0.4023497265625
2026-02-25 10:43:14,690.6,2026-06-30,125,450.0,0.6516072980017376,put,1.65,1.66,1.6549999999999998,0.01,77.0,605.0,0.396063168334961
2026-02-25 10:43:14,690.6,2026-06-30,125,455.0,0.6588473790906458,put,1.73,1.74,1.735,0.01,60.0,186.0,0.3905090246582031
2026-02-25 10:43:14,690.6,2026-06-30,125,465.0,0.6733275412684622,put,1.88,1.89,1.885,0.01,10.0,698.0,0.3786072882080078
2026-02-25 10:43:14,690.6,2026-06-30,125,475.0,0.6878077034462786,put,2.03,2.05,2.04,0.02,35.0,847.0,0.3667055517578125
2026-02-25 10:43:14,690.6,2026-06-30,125,500.0,0.7240081088908196,put,2.54,2.56,2.55,0.02,16.0,4109.0,0.3386906951904296
2026-02-25 10:43:14,690.6,2026-06-30,125,520.0,0.7529684332464524,put,3.07,3.1,3.085,0.0300000000000002,10.0,354.0,0.3173286041259765
2026-02-25 10:43:14,690.6,2026-06-30,125,530.0,0.7674485954242687,put,3.39,3.42,3.405,0.0299999999999998,18.0,368.0,0.3068306622314453
2026-02-25 10:43:14,690.6,2026-06-30,125,540.0,0.7819287576020851,put,3.75,3.78,3.765,0.0299999999999998,100.0,580.0,0.2964547894287109
2026-02-25 10:43:14,690.6,2026-06-30,125,550.0,0.7964089197799015,put,4.18,4.2,4.1899999999999995,0.0200000000000004,21.0,3326.0,0.2864451239013671
2026-02-25 10:43:14,690.6,2026-06-30,125,554.0,0.8022009846510281,put,4.38,4.4,4.390000000000001,0.0200000000000004,30.0,99.0,0.2827220166015625
2026-02-25 10:43:14,690.6,2026-06-30,125,560.0,0.8108890819577179,put,4.65,4.68,4.665,0.0299999999999993,30.0,300.0,0.2765575274658203
2026-02-25 10:43:14,690.6,2026-06-30,125,565.0,0.8181291630466261,put,4.94,4.97,4.955,0.0299999999999993,14.0,190.0,0.2720409710693359
2026-02-25 10:43:14,690.6,2026-06-30,125,568.0,0.822473211699971,put,5.11,5.14,5.125,0.0299999999999993,10.0,19.0,0.2691418301391601
2026-02-25 10:43:14,690.6,2026-06-30,125,570.0,0.8253692441355343,put,5.23,5.26,5.245,0.0299999999999993,20.0,392.0,0.2672497592163085
2026-02-25 10:43:14,690.6,2026-06-30,125,576.0,0.8340573414422241,put,5.6,5.63,5.615,0.0300000000000002,30.0,183.0,0.2614819946289062
2026-02-25 10:43:14,690.6,2026-06-30,125,580.0,0.8398494063133507,put,5.87,5.9,5.885,0.0300000000000002,13.0,637.0,0.2577283700561523
2026-02-25 10:43:14,690.6,2026-06-30,125,586.0,0.8485375036200405,put,6.29,6.32,6.305,0.0300000000000002,11.0,38.0,0.25196060546875
2026-02-25 10:43:14,690.6,2026-06-30,125,592.0,0.8572256009267304,put,6.75,6.79,6.77,0.04,10.0,33.0,0.246375944519043
2026-02-25 10:43:14,690.6,2026-06-30,125,594.0,0.8601216333622936,put,6.91,6.94,6.925000000000001,0.0300000000000002,10.0,596.0,0.2443312872314453
2026-02-25 10:43:14,690.6,2026-06-30,125,600.0,0.8688097306689835,put,7.45,7.47,7.46,0.0199999999999995,130.0,2488.0,0.2388381781005859
2026-02-25 10:43:14,690.6,2026-06-30,125,609.0,0.8818418766290183,put,8.28,8.32,8.3,0.0400000000000009,10.0,23.0,0.2302628244018554
2026-02-25 10:43:14,690.6,2026-06-30,125,610.0,0.8832898928467998,put,8.39,8.43,8.41,0.0399999999999991,10.0,433.0,0.2294083407592773
2026-02-25 10:43:14,690.6,2026-06-30,125,615.0,0.8905299739357081,put,8.91,8.95,8.93,0.0399999999999991,12.0,6214.0,0.2245560943603515
2026-02-25 10:43:14,690.6,2026-06-30,125,617.0,0.8934260063712713,put,9.15,9.18,9.165,0.0299999999999993,10.0,245.0,0.222740316619873
2026-02-25 10:43:14,690.6,2026-06-30,125,623.0,0.9021141036779612,put,9.86,9.9,9.88,0.0400000000000009,10.0,254.0,0.217155655670166
2026-02-25 10:43:14,690.6,2026-06-30,125,625.0,0.9050101361135244,put,10.14,10.17,10.155,0.0299999999999993,13.0,4511.0,0.2154314297485351
2026-02-25 10:43:14,690.6,2026-06-30,125,629.0,0.910802200984651,put,10.66,10.7,10.68,0.0399999999999991,12.0,155.0,0.2116930638122558
2026-02-25 10:43:14,690.6,2026-06-30,125,637.0,0.922386330726904,put,11.74,11.79,11.765,0.0499999999999989,10.0,276.0,0.2036517623901367
2026-02-25 10:43:14,690.6,2026-06-30,125,639.0,0.9252823631624674,put,12.08,12.12,12.1,0.0399999999999991,34.0,44.0,0.2019275364685058
2026-02-25 10:43:14,690.6,2026-06-30,125,640.0,0.926730379380249,put,12.24,12.27,12.255,0.0299999999999993,17.0,5574.0,0.2009204664611816
2026-02-25 10:43:14,690.6,2026-06-30,125,643.0,0.931074428033594,put,12.7,12.75,12.725,0.0500000000000007,11.0,285.0,0.1980060668945312
2026-02-25 10:43:14,690.6,2026-06-30,125,650.0,0.9412105415580654,put,13.92,13.96,13.94,0.0400000000000009,62.0,2936.0,0.1912159736633301
2026-02-25 10:43:14,690.6,2026-06-30,125,680.0,0.9846510280915146,put,20.75,20.81,20.78,0.0599999999999987,45.0,2818.0,0.1606987007141113
2026-02-25 10:43:14,690.6,2026-06-30,125,690.0,0.999131190269331,put,23.9,23.96,23.93,0.0600000000000022,85.0,3128.0,0.1502465347290039
2026-02-25 10:43:14,690.6,2026-06-30,125,695.0,1.0063712713582391,put,25.68,25.75,25.715,0.0700000000000002,44.0,1979.0,0.1449517878723144
2026-02-25 10:43:14,690.6,2026-06-30,125,700.0,1.0136113524471473,put,27.6,27.67,27.635,0.0700000000000002,48.0,1208.0,0.1393976441955566
2026-02-25 10:43:14,690.6,2026-06-30,125,705.0,1.0208514335360557,put,29.7,29.78,29.74,0.0800000000000018,12.0,808.0,0.1338435005187988
2026-02-25 10:43:14,690.6,2026-06-30,125,730.0,1.0570518389805963,put,44.04,44.43,44.235,0.3900000000000005,897.0,914.0,0.1111691667175292
2026-02-25 10:43:14,690.6,2026-06-30,125,735.0,1.064291920069505,put,47.64,48.12,47.879999999999995,0.4799999999999969,10.0,3270.0,0.1070340762329101
2026-02-25 10:43:14,690.6,2026-07-31,156,635.0,0.9194902982913408,call,76.72,77.13,76.925,0.4099999999999966,10.0,2.0,0.2527693132019042
2026-02-25 10:43:14,690.6,2026-07-31,156,648.0,0.938314509122502,call,66.1,66.57,66.335,0.4699999999999988,11.0,5.0,0.2390136524200439
2026-02-25 10:43:14,690.6,2026-07-31,156,665.0,0.96293078482479,call,52.93,53.25,53.09,0.3200000000000003,24.0,74.0,0.2204972970581054
2026-02-25 10:43:14,690.6,2026-07-31,156,676.0,0.978858963220388,call,44.93,45.29,45.11,0.3599999999999994,61.0,27.0,0.2098315101623535
2026-02-25 10:43:14,690.6,2026-07-31,156,681.0,0.9860990443092962,call,41.26,41.61,41.435,0.3500000000000014,22.0,31.0,0.2038882712554931
2026-02-25 10:43:14,690.6,2026-07-31,156,685.0,0.9918911091804228,call,38.54,38.8,38.67,0.259999999999998,10.0,351.0,0.1995166719055175
2026-02-25 10:43:14,690.6,2026-07-31,156,690.0,0.999131190269331,call,35.06,35.46,35.260000000000005,0.3999999999999986,46.0,306.0,0.1945270977783203
2026-02-25 10:43:14,690.6,2026-07-31,156,703.0,1.0179554011004923,call,27.16,27.22,27.19,0.0599999999999987,61.0,239.0,0.1811529029083251
2026-02-25 10:43:14,690.6,2026-07-31,156,704.0,1.019403417318274,call,26.6,26.65,26.625,0.0499999999999971,10.0,306.0,0.1802907899475098
2026-02-25 10:43:14,690.6,2026-07-31,156,706.0,1.0222994497538371,call,25.44,25.49,25.465,0.0499999999999971,66.0,318.0,0.1783758310699462
2026-02-25 10:43:14,690.6,2026-07-31,156,708.0,1.0251954821894005,call,24.31,24.36,24.335,0.0500000000000007,18.0,264.0,0.1765066481018066
2026-02-25 10:43:14,690.6,2026-07-31,156,709.0,1.0266434984071822,call,23.74,23.79,23.765,0.0500000000000007,13.0,180.0,0.1754995780944824
2026-02-25 10:43:14,690.6,2026-07-31,156,712.0,1.030987547060527,call,22.03,22.08,22.055,0.0499999999999971,13.0,162.0,0.1722952644348144
2026-02-25 10:43:14,690.6,2026-07-31,156,715.0,1.035331595713872,call,20.54,20.59,20.565,0.0500000000000007,27.0,218.0,0.1700369862365723
2026-02-25 10:43:14,690.6,2026-07-31,156,725.0,1.0498117578916883,call,15.73,15.78,15.755,0.0499999999999989,32.0,243.0,0.1612785289001465
2026-02-25 10:43:14,690.6,2026-07-31,156,730.0,1.0570518389805963,call,13.61,13.65,13.63,0.0400000000000009,44.0,404.0,0.1571586970520019
2026-02-25 10:43:14,690.6,2026-07-31,156,745.0,1.0787720822473212,call,8.41,8.45,8.43,0.0399999999999991,26.0,119.0,0.1464318756103515
2026-02-25 10:43:14,690.6,2026-07-31,156,750.0,1.0860121633362294,call,7.1,7.14,7.119999999999999,0.04,15.0,625.0,0.1437158383178711
2026-02-25 10:43:14,690.6,2026-07-31,156,755.0,1.0932522444251376,call,5.94,5.98,5.960000000000001,0.04,15.0,84.0,0.1411066114807129
2026-02-25 10:43:14,690.6,2026-07-31,156,760.0,1.1004923255140455,call,4.92,4.96,4.9399999999999995,0.04,45.0,520.0,0.1385736778259277
2026-02-25 10:43:14,690.6,2026-07-31,156,775.0,1.1222125687807702,call,2.75,2.79,2.77,0.04,17.0,382.0,0.1331263446044921
2026-02-25 10:43:14,690.6,2026-07-31,156,785.0,1.1366927309585868,call,1.86,1.89,1.875,0.0299999999999998,23.0,426.0,0.1308985836791992
2026-02-25 10:43:14,690.6,2026-07-31,156,795.0,1.1511728931364031,call,1.25,1.27,1.26,0.02,50.0,347.0,0.1293116854858398
2026-02-25 10:43:14,690.6,2026-07-31,156,815.0,1.1801332174920358,call,0.58,0.59,0.585,0.01,21.0,93.0,0.1284877191162109
2026-02-25 10:43:14,690.6,2026-07-31,156,825.0,1.1946133796698524,call,0.41,0.42,0.415,0.01,13.0,56.0,0.129342202758789
2026-02-25 10:43:14,690.6,2026-07-31,156,445.0,0.6443672169128294,put,2.19,2.21,2.2,0.02,10.0,130.0,0.3820862573242187
2026-02-25 10:43:14,690.6,2026-07-31,156,500.0,0.7240081088908196,put,3.46,3.48,3.47,0.02,10.0,154.0,0.3240424041748045
2026-02-25 10:43:14,690.6,2026-07-31,156,505.0,0.7312481899797277,put,3.61,3.64,3.625,0.0300000000000002,14.0,339.0,0.3191291232299803
2026-02-25 10:43:14,690.6,2026-07-31,156,535.0,0.774688676513177,put,4.79,4.82,4.805,0.0300000000000002,20.0,148.0,0.2905344384765624
2026-02-25 10:43:14,690.6,2026-07-31,156,540.0,0.7819287576020851,put,5.05,5.07,5.0600000000000005,0.0200000000000004,21.0,363.0,0.2860483993530273
2026-02-25 10:43:14,690.6,2026-07-31,156,555.0,0.8036490008688097,put,5.9,5.93,5.915,0.0299999999999993,25.0,57.0,0.2729870065307617
2026-02-25 10:43:14,690.6,2026-07-31,156,560.0,0.8108890819577179,put,6.18,6.22,6.199999999999999,0.04,18.0,382.0,0.2682568292236328
2026-02-25 10:43:14,690.6,2026-07-31,156,570.0,0.8253692441355343,put,6.89,6.91,6.9,0.0200000000000004,21.0,759.0,0.2595288891601562
2026-02-25 10:43:14,690.6,2026-07-31,156,580.0,0.8398494063133507,put,7.65,7.7,7.675000000000001,0.0499999999999998,33.0,392.0,0.2509993113708496
2026-02-25 10:43:14,690.6,2026-07-31,156,615.0,0.8905299739357081,put,11.31,11.34,11.325,0.0299999999999993,12.0,255.0,0.2211534184265136
2026-02-25 10:43:14,690.6,2026-07-31,156,632.0,0.915146249637996,put,13.71,13.76,13.735,0.0499999999999989,81.0,81.0,0.2065509033203124
2026-02-25 10:43:14,690.6,2026-07-31,156,640.0,0.926730379380249,put,14.97,15.02,14.995,0.0499999999999989,19.0,1034.0,0.1991352059936523
2026-02-25 10:43:14,690.6,2026-07-31,156,643.0,0.931074428033594,put,15.49,15.55,15.52,0.0600000000000005,16.0,60.0,0.1964802032470703
2026-02-25 10:43:14,690.6,2026-07-31,156,646.0,0.9354184766869388,put,16.03,16.09,16.060000000000002,0.0599999999999987,20.0,328.0,0.1937641659545898
2026-02-25 10:43:14,690.6,2026-07-31,156,647.0,0.9368664929047203,put,16.28,16.33,16.305,0.0499999999999971,82.0,169.0,0.1932148550415039
2026-02-25 10:43:14,690.6,2026-07-31,156,650.0,0.9412105415580654,put,16.8,16.85,16.825000000000003,0.0500000000000007,11.0,556.0,0.1901478691101074
2026-02-25 10:43:14,690.6,2026-07-31,156,665.0,0.96293078482479,put,20.0,20.07,20.035,0.0700000000000002,135.0,1478.0,0.1763311737823486
2026-02-25 10:43:14,690.6,2026-07-31,156,671.0,0.9716188821314798,put,21.55,21.61,21.58,0.0599999999999987,600.0,343.0,0.1710364269256592
2026-02-25 10:43:14,690.6,2026-07-31,156,678.0,0.9817549956559514,put,23.42,23.49,23.455,0.0699999999999967,10.0,125.0,0.1642997389221191
2026-02-25 10:43:14,690.6,2026-07-31,156,679.0,0.9832030118737328,put,23.65,23.72,23.685,0.0700000000000002,10.0,114.0,0.1630180134582519
2026-02-25 10:43:14,690.6,2026-07-31,156,681.0,0.9860990443092962,put,24.25,24.32,24.285,0.0700000000000002,115.0,203.0,0.1611869770812988
2026-02-25 10:43:14,690.6,2026-07-31,156,683.0,0.9889950767448596,put,24.86,24.93,24.895,0.0700000000000002,10.0,197.0,0.1592949061584472
2026-02-25 10:43:14,690.6,2026-07-31,156,684.0,0.9904430929626412,put,25.17,25.25,25.21,0.0799999999999983,11.0,244.0,0.1583946466064453
2026-02-25 10:43:14,690.6,2026-07-31,156,689.0,0.9976831740515494,put,26.77,26.85,26.81,0.0800000000000018,16.0,192.0,0.1534813656616211
2026-02-25 10:43:14,690.6,2026-07-31,156,691.0,1.0005792064871126,put,27.43,27.51,27.47,0.0800000000000018,41.0,176.0,0.1514214497375488
2026-02-25 10:43:14,690.6,2026-07-31,156,693.0,1.003475238922676,put,28.22,28.3,28.26,0.0800000000000018,15.0,296.0,0.1499566206359863
2026-02-25 10:43:14,690.6,2026-07-31,156,695.0,1.0063712713582391,put,28.93,29.01,28.97,0.0800000000000018,22.0,215.0,0.147919592666626
2026-02-25 10:43:14,690.6,2026-07-31,156,696.0,1.0078192875760208,put,29.24,29.32,29.28,0.0800000000000018,13.0,166.0,0.1465997206115722
2026-02-25 10:43:14,690.6,2026-07-31,156,697.0,1.0092673037938025,put,29.6,29.68,29.64,0.0799999999999983,11.0,639.0,0.1455316160583495
2026-02-25 10:43:14,690.6,2026-07-31,156,698.0,1.0107153200115842,put,29.97,30.05,30.01,0.0800000000000018,11.0,126.0,0.1444787701416015
2026-02-25 10:43:14,690.6,2026-07-31,156,700.0,1.0136113524471473,put,30.86,30.94,30.9,0.0800000000000018,78.0,626.0,0.1431054928588867
2026-02-25 10:43:14,690.6,2026-07-31,156,725.0,1.0498117578916883,put,42.91,43.35,43.129999999999995,0.4400000000000048,66.0,187.0,0.1193325372314453
2026-02-25 10:43:14,690.6,2026-08-21,177,625.0,0.9050101361135244,call,88.1,88.52,88.31,0.4200000000000017,151.0,103.0,0.2669445864868164
2026-02-25 10:43:14,690.6,2026-08-21,177,650.0,0.9412105415580654,call,67.7,68.02,67.86,0.3199999999999932,20.0,182.0,0.2400893862915039
2026-02-25 10:43:14,690.6,2026-08-21,177,655.0,0.9484506226469736,call,63.79,64.1,63.94499999999999,0.3099999999999951,400.0,403.0,0.2349243378448486
2026-02-25 10:43:14,690.6,2026-08-21,177,685.0,0.9918911091804228,call,41.83,42.12,41.974999999999994,0.2899999999999991,19.0,154.0,0.204811418762207
2026-02-25 10:43:14,690.6,2026-08-21,177,700.0,1.0136113524471473,call,32.31,32.36,32.335,0.0499999999999971,16.0,568.0,0.1902775675201416
2026-02-25 10:43:14,690.6,2026-08-21,177,710.0,1.0280915146249638,call,26.32,26.37,26.345,0.0500000000000007,41.0,317.0,0.1804891522216797
2026-02-25 10:43:14,690.6,2026-08-21,177,715.0,1.035331595713872,call,23.53,23.57,23.55,0.0399999999999991,38.0,406.0,0.1756521644592285
2026-02-25 10:43:14,690.6,2026-08-21,177,735.0,1.064291920069505,call,14.28,14.32,14.3,0.0400000000000009,17.0,982.0,0.1596000788879394
2026-02-25 10:43:14,690.6,2026-08-21,177,740.0,1.0715320011584129,call,12.36,12.4,12.38,0.0400000000000009,34.0,2032.0,0.1557930490875244
2026-02-25 10:43:14,690.6,2026-08-21,177,745.0,1.0787720822473212,call,10.69,10.73,10.71,0.0400000000000009,497.0,3651.0,0.1526497699737549
2026-02-25 10:43:14,690.6,2026-08-21,177,755.0,1.0932522444251376,call,7.79,7.83,7.81,0.04,196.0,354.0,0.1465234274291992
2026-02-25 10:43:14,690.6,2026-08-21,177,760.0,1.1004923255140455,call,6.62,6.66,6.640000000000001,0.04,17.0,463.0,0.1440667869567871
2026-02-25 10:43:14,690.6,2026-08-21,177,785.0,1.1366927309585868,call,2.75,2.78,2.7649999999999997,0.0299999999999998,18.0,179.0,0.1348810877990723
2026-02-25 10:43:14,690.6,2026-08-21,177,825.0,1.1946133796698524,call,0.66,0.67,0.665,0.01,300.0,382.0,0.1306239282226562
2026-02-25 10:43:14,690.6,2026-08-21,177,860.0,1.2452939472922095,call,0.21,0.22,0.215,0.01,50.0,201.0,0.1330653100585937
2026-02-25 10:43:14,690.6,2026-08-21,177,890.0,1.2887344338256588,call,0.1,0.11,0.105,0.0099999999999999,51.0,102.0,0.1394129028320312
2026-02-25 10:43:14,690.6,2026-08-21,177,940.0,1.361135244714741,call,0.05,0.06,0.055,0.0099999999999999,1170.0,1170.0,0.1557701611328125
2026-02-25 10:43:14,690.6,2026-08-21,177,965.0,1.3973356501592815,call,0.04,0.05,0.045,0.01,559.0,559.0,0.165047412109375
2026-02-25 10:43:14,690.6,2026-08-21,177,400.0,0.5792064871126557,put,1.82,1.84,1.83,0.02,19.0,603.0,0.4190731921386719
2026-02-25 10:43:14,690.6,2026-08-21,177,420.0,0.6081668114682884,put,2.12,2.14,2.13,0.02,43.0,308.0,0.3967345483398438
2026-02-25 10:43:14,690.6,2026-08-21,177,450.0,0.6516072980017376,put,2.67,2.69,2.6799999999999997,0.02,51.0,214.0,0.3645693426513672
2026-02-25 10:43:14,690.6,2026-08-21,177,470.0,0.6805676223573703,put,3.13,3.15,3.1399999999999997,0.02,18.0,170.0,0.3440922525024413
2026-02-25 10:43:14,690.6,2026-08-21,177,480.0,0.6950477845351868,put,3.4,3.42,3.41,0.02,482.0,490.0,0.3342351733398437
2026-02-25 10:43:14,690.6,2026-08-21,177,485.0,0.702287865624095,put,3.55,3.58,3.565,0.0300000000000002,16.0,571.0,0.3296575823974609
2026-02-25 10:43:14,690.6,2026-08-21,177,495.0,0.7167680278019114,put,3.86,3.88,3.87,0.02,75.0,76.0,0.3197394686889647
2026-02-25 10:43:14,690.6,2026-08-21,177,500.0,0.7240081088908196,put,4.04,4.07,4.055,0.0300000000000002,78.0,170.0,0.3153754986572264
2026-02-25 10:43:14,690.6,2026-08-21,177,525.0,0.7602085143353605,put,5.07,5.1,5.085,0.0299999999999993,115.0,241.0,0.2926401303100585
2026-02-25 10:43:14,690.6,2026-08-21,177,540.0,0.7819287576020851,put,5.87,5.89,5.88,0.0199999999999995,14.0,10146.0,0.2797008065795897
2026-02-25 10:43:14,690.6,2026-08-21,177,575.0,0.8326093252244425,put,8.34,8.37,8.355,0.0299999999999993,11.0,970.0,0.2506331040954589
2026-02-25 10:43:14,690.6,2026-08-21,177,580.0,0.8398494063133507,put,8.78,8.82,8.8,0.0400000000000009,47.0,295.0,0.2466353413391113
2026-02-25 10:43:14,690.6,2026-08-21,177,620.0,0.8977700550246163,put,13.38,13.43,13.405,0.0499999999999989,15.0,11600.0,0.2140123765563965
2026-02-25 10:43:14,690.6,2026-08-21,177,625.0,0.9050101361135244,put,14.19,14.23,14.21,0.0400000000000009,152.0,770.0,0.210319786529541
2026-02-25 10:43:14,690.6,2026-08-21,177,630.0,0.9122502172024326,put,14.92,14.98,14.95,0.0600000000000005,721.0,3525.0,0.2059558164978027
2026-02-25 10:43:14,690.6,2026-08-21,177,645.0,0.9339704604691572,put,17.57,17.62,17.595,0.0500000000000007,85.0,348.0,0.1933827000427246
2026-02-25 10:43:14,690.6,2026-08-21,177,655.0,0.9484506226469736,put,19.63,19.69,19.66,0.0600000000000022,16.0,377.0,0.1850133379364013
2026-02-25 10:43:14,690.6,2026-08-21,177,660.0,0.9556907037358818,put,20.68,20.75,20.715,0.0700000000000002,61.0,583.0,0.1803670831298828
2026-02-25 10:43:14,690.6,2026-08-21,177,665.0,0.96293078482479,put,21.9,21.97,21.935,0.0700000000000002,43.0,59.0,0.1761862167358398
2026-02-25 10:43:14,690.6,2026-08-21,177,675.0,0.9774109470026064,put,24.49,24.56,24.525,0.0700000000000002,47.0,224.0,0.1672065091705322
2026-02-25 10:43:14,690.6,2026-08-21,177,695.0,1.0063712713582391,put,30.83,30.92,30.875,0.0900000000000034,39.0,126.0,0.1488122229003906
2026-02-25 10:43:14,690.6,2026-08-21,177,725.0,1.0498117578916883,put,44.58,44.96,44.77,0.3800000000000025,200.0,151.0,0.1217739190673828
2026-02-25 10:43:14,690.6,2026-08-21,177,730.0,1.0570518389805963,put,47.57,47.98,47.775,0.4099999999999966,147.0,997.0,0.1173946903991699
2026-02-25 10:43:14,690.6,2026-09-18,205,660.0,0.9556907037358818,call,63.87,64.21,64.03999999999999,0.3399999999999963,10.0,1597.0,0.2340011903381347
2026-02-25 10:43:14,690.6,2026-09-18,205,675.0,0.9774109470026064,call,52.79,53.09,52.94,0.3000000000000042,21.0,1378.0,0.2192232009124755
2026-02-25 10:43:14,690.6,2026-09-18,205,700.0,1.0136113524471473,call,36.07,36.13,36.1,0.0600000000000022,27.0,6619.0,0.1950764086914062
2026-02-25 10:43:14,690.6,2026-09-18,205,710.0,1.0280915146249638,call,30.16,30.22,30.19,0.0599999999999987,47.0,3336.0,0.1865468309020996
2026-02-25 10:43:14,690.6,2026-09-18,205,715.0,1.035331595713872,call,27.32,27.38,27.35,0.0599999999999987,2634.0,6580.0,0.1820607917785644
2026-02-25 10:43:14,690.6,2026-09-18,205,725.0,1.0498117578916883,call,22.13,22.19,22.16,0.0600000000000022,2597.0,10336.0,0.1737753521728515
2026-02-25 10:43:14,690.6,2026-09-18,205,750.0,1.0860121633362294,call,11.89,11.94,11.915,0.0499999999999989,36.0,57937.0,0.1557701611328125
2026-02-25 10:43:14,690.6,2026-09-18,205,780.0,1.1294526498696784,call,4.86,4.89,4.875,0.0299999999999993,165.0,6213.0,0.1414117842102051
2026-02-25 10:43:14,690.6,2026-09-18,205,785.0,1.1366927309585868,call,4.12,4.15,4.135,0.0300000000000002,167.0,8066.0,0.1395960064697265
2026-02-25 10:43:14,690.6,2026-09-18,205,790.0,1.143932812047495,call,3.5,3.54,3.52,0.04,134.0,9876.0,0.1382685050964355
2026-02-25 10:43:14,690.6,2026-09-18,205,805.0,1.1656530553142197,call,2.13,2.16,2.145,0.0300000000000002,562.0,2045.0,0.1349573809814453
2026-02-25 10:43:14,690.6,2026-09-18,205,820.0,1.187373298580944,call,1.29,1.31,1.3,0.02,20.0,3345.0,0.1328822064208984
2026-02-25 10:43:14,690.6,2026-09-18,205,825.0,1.1946133796698524,call,1.1,1.12,1.11,0.02,48.0,1873.0,0.1326685855102539
2026-02-25 10:43:14,690.6,2026-09-18,205,830.0,1.2018534607587603,call,0.94,0.95,0.945,0.01,10.0,562.0,0.1323328955078125
2026-02-25 10:43:14,690.6,2026-09-18,205,845.0,1.223573704025485,call,0.58,0.6,0.59,0.02,100.0,1014.0,0.1324549645996094
2026-02-25 10:43:14,690.6,2026-09-18,205,850.0,1.2308137851143932,call,0.5,0.52,0.51,0.02,17.0,3715.0,0.1327601373291015
2026-02-25 10:43:14,690.6,2026-09-18,205,860.0,1.2452939472922095,call,0.37,0.39,0.38,0.02,102.0,3325.0,0.1333704827880859
2026-02-25 10:43:14,690.6,2026-09-18,205,865.0,1.252534028381118,call,0.32,0.33,0.325,0.01,20.0,437.0,0.1333094482421875
2026-02-25 10:43:14,690.6,2026-09-18,205,880.0,1.2742542716478424,call,0.21,0.22,0.215,0.01,61.0,5823.0,0.13477427734375
2026-02-25 10:43:14,690.6,2026-09-18,205,890.0,1.2887344338256588,call,0.17,0.18,0.175,0.0099999999999999,50.0,470.0,0.1369715209960937
2026-02-25 10:43:14,690.6,2026-09-18,205,895.0,1.295974514914567,call,0.15,0.16,0.155,0.01,26.0,1156.0,0.137703935546875
2026-02-25 10:43:14,690.6,2026-09-18,205,350.0,0.5068056762235736,put,1.49,1.51,1.5,0.02,18.0,1400.0,0.4577690942382813
2026-02-25 10:43:14,690.6,2026-09-18,205,360.0,0.5212858384013901,put,1.62,1.64,1.63,0.0199999999999997,56.0,382.0,0.4466608068847656
2026-02-25 10:43:14,690.6,2026-09-18,205,380.0,0.5502461627570229,put,1.89,1.9,1.895,0.01,41.0,2540.0,0.4239559558105469
2026-02-25 10:43:14,690.6,2026-09-18,205,390.0,0.5647263249348392,put,2.04,2.05,2.045,0.0099999999999997,10.0,254.0,0.4130918066406249
2026-02-25 10:43:14,690.6,2026-09-18,205,400.0,0.5792064871126557,put,2.2,2.21,2.205,0.0099999999999997,11.0,12807.0,0.4024107611083984
2026-02-25 10:43:14,690.6,2026-09-18,205,430.0,0.6226469736461048,put,2.75,2.77,2.76,0.02,357.0,748.0,0.3714052117919921
2026-02-25 10:43:14,690.6,2026-09-18,205,450.0,0.6516072980017376,put,3.2,3.23,3.215,0.0299999999999998,278.0,3972.0,0.3516300189208984
2026-02-25 10:43:14,690.6,2026-09-18,205,470.0,0.6805676223573703,put,3.75,3.77,3.76,0.02,60.0,502.0,0.3324346542358398
2026-02-25 10:43:14,690.6,2026-09-18,205,495.0,0.7167680278019114,put,4.62,4.64,4.63,0.0199999999999995,79.0,799.0,0.3099129067993164
2026-02-25 10:43:14,690.6,2026-09-18,205,500.0,0.7240081088908196,put,4.83,4.85,4.84,0.0199999999999995,26.0,4042.0,0.305671005859375
2026-02-25 10:43:14,690.6,2026-09-18,205,505.0,0.7312481899797277,put,5.03,5.06,5.045,0.0299999999999993,54.0,5206.0,0.3012765185546875
2026-02-25 10:43:14,690.6,2026-09-18,205,510.0,0.7384882710686359,put,5.27,5.29,5.279999999999999,0.0200000000000004,264.0,2311.0,0.2970651348876952
2026-02-25 10:43:14,690.6,2026-09-18,205,520.0,0.7529684332464524,put,5.76,5.79,5.775,0.0300000000000002,25.0,3809.0,0.2887796952819824
2026-02-25 10:43:14,690.6,2026-09-18,205,525.0,0.7602085143353605,put,6.04,6.06,6.05,0.0199999999999995,50.0,7656.0,0.2846751220703124
2026-02-25 10:43:14,690.6,2026-09-18,205,535.0,0.774688676513177,put,6.62,6.64,6.63,0.0199999999999995,13.0,2272.0,0.2764964929199218
2026-02-25 10:43:14,690.6,2026-09-18,205,540.0,0.7819287576020851,put,6.93,6.95,6.9399999999999995,0.0200000000000004,15.0,4447.0,0.2724224369812011
2026-02-25 10:43:14,690.6,2026-09-18,205,545.0,0.7891688386909933,put,7.26,7.29,7.275,0.0300000000000002,17.0,6535.0,0.2685009674072265
2026-02-25 10:43:14,690.6,2026-09-18,205,560.0,0.8108890819577179,put,8.41,8.44,8.425,0.0299999999999993,21.0,2571.0,0.2570264727783203
2026-02-25 10:43:14,690.6,2026-09-18,205,595.0,0.8615696495800753,put,11.92,11.95,11.935,0.0299999999999993,182.0,5913.0,0.2305985144042968
2026-02-25 10:43:14,690.6,2026-09-18,205,600.0,0.8688097306689835,put,12.51,12.55,12.53,0.0400000000000009,481.0,15294.0,0.2267228207397461
2026-02-25 10:43:14,690.6,2026-09-18,205,610.0,0.8832898928467998,put,13.86,13.9,13.88,0.0400000000000009,13.0,4671.0,0.2192918647766113
2026-02-25 10:43:14,690.6,2026-09-18,205,615.0,0.8905299739357081,put,14.59,14.63,14.61,0.0400000000000009,24.0,4844.0,0.2155687574768066
2026-02-25 10:43:14,690.6,2026-09-18,205,625.0,0.9050101361135244,put,16.13,16.17,16.15,0.0400000000000027,209.0,3170.0,0.2078021115112304
2026-02-25 10:43:14,690.6,2026-09-18,205,635.0,0.9194902982913408,put,17.88,17.92,17.9,0.0400000000000027,33.0,5462.0,0.2001880519104004
2026-02-25 10:43:14,690.6,2026-09-18,205,645.0,0.9339704604691572,put,19.77,19.82,19.795,0.0500000000000007,33.0,2274.0,0.1921925263977051
2026-02-25 10:43:14,690.6,2026-09-18,205,650.0,0.9412105415580654,put,20.74,20.79,20.765,0.0500000000000007,59.0,6380.0,0.1878285563659668
2026-02-25 10:43:14,690.6,2026-09-18,205,655.0,0.9484506226469736,put,21.9,21.95,21.924999999999997,0.0500000000000007,12.0,1281.0,0.1841512249755859
2026-02-25 10:43:14,690.6,2026-09-18,205,680.0,0.9846510280915146,put,28.33,28.39,28.36,0.0600000000000022,12.0,5320.0,0.1630256427764892
2026-02-25 10:43:14,690.6,2026-09-18,205,685.0,0.9918911091804228,put,29.83,29.9,29.865,0.0700000000000002,66.0,11826.0,0.1585548622894287
2026-02-25 10:43:14,690.6,2026-09-18,205,690.0,0.999131190269331,put,31.49,31.55,31.52,0.0600000000000022,126.0,4291.0,0.1542442974853515
2026-02-25 10:43:14,690.6,2026-09-18,205,715.0,1.035331595713872,put,41.4,41.5,41.45,0.1000000000000014,10.0,342.0,0.131394489364624
2026-02-25 10:43:14,690.6,2026-09-18,205,725.0,1.0498117578916883,put,46.56,46.87,46.715,0.3099999999999951,30.0,545.0,0.1236812486267089
2026-02-25 10:43:14,690.6,2026-09-30,217,625.0,0.9050101361135244,call,91.97,92.47,92.22,0.5,73.0,248.0,0.2635419105529785
2026-02-25 10:43:14,690.6,2026-09-30,217,630.0,0.9122502172024326,call,87.9,88.39,88.14500000000001,0.4899999999999949,18.0,607.0,0.2588269918823243
2026-02-25 10:43:14,690.6,2026-09-30,217,635.0,0.9194902982913408,call,83.97,84.45,84.21000000000001,0.480000000000004,10.0,496.0,0.2546537548065186
2026-02-25 10:43:14,690.6,2026-09-30,217,645.0,0.9339704604691572,call,76.01,76.45,76.23,0.4399999999999977,27.0,35.0,0.2449645206451416
2026-02-25 10:43:14,690.6,2026-09-30,217,664.0,0.9614827686070084,call,61.68,62.18,61.93,0.5,86.0,103.0,0.2285157105255127
2026-02-25 10:43:14,690.6,2026-09-30,217,673.0,0.9745149145670432,call,54.99,55.45,55.22,0.4600000000000008,10.0,35.0,0.2194139338684081
2026-02-25 10:43:14,690.6,2026-09-30,217,685.0,0.9918911091804228,call,46.65,47.05,46.849999999999994,0.3999999999999986,47.0,320.0,0.2084048276519774
2026-02-25 10:43:14,690.6,2026-09-30,217,686.0,0.9933391253982043,call,45.94,46.37,46.155,0.4299999999999997,18.0,37.0,0.2074893094635009
2026-02-25 10:43:14,690.6,2026-09-30,217,700.0,1.0136113524471473,call,37.11,37.18,37.145,0.0700000000000002,27.0,1411.0,0.1945652443695068
2026-02-25 10:43:14,690.6,2026-09-30,217,705.0,1.0208514335360557,call,34.04,34.1,34.07,0.0600000000000022,56.0,768.0,0.1900792052459717
2026-02-25 10:43:14,690.6,2026-09-30,217,735.0,1.064291920069505,call,18.41,18.48,18.445,0.0700000000000002,14.0,148.0,0.1659171543884277
2026-02-25 10:43:14,690.6,2026-09-30,217,740.0,1.0715320011584129,call,16.37,16.43,16.4,0.0599999999999987,10.0,504.0,0.1625602543640136
2026-02-25 10:43:14,690.6,2026-09-30,217,745.0,1.0787720822473212,call,14.45,14.5,14.475,0.0500000000000007,20.0,284.0,0.1591652077484131
2026-02-25 10:43:14,690.6,2026-09-30,217,770.0,1.114972487691862,call,7.26,7.31,7.285,0.0499999999999998,19.0,624.0,0.1457910128784179
2026-02-25 10:43:14,690.6,2026-09-30,217,810.0,1.1728931364031276,call,2.06,2.09,2.075,0.0299999999999998,10.0,462.0,0.1342097077941894
2026-02-25 10:43:14,690.6,2026-09-30,217,845.0,1.223573704025485,call,0.69,0.71,0.7,0.02,10.0,172.0,0.1322108264160156
2026-02-25 10:43:14,690.6,2026-09-30,217,850.0,1.2308137851143932,call,0.59,0.61,0.6,0.02,11.0,2368.0,0.1322108264160156
2026-02-25 10:43:14,690.6,2026-09-30,217,870.0,1.259774109470026,call,0.33,0.34,0.335,0.01,302.0,963.0,0.1329432409667968
2026-02-25 10:43:14,690.6,2026-09-30,217,885.0,1.2814943527367506,call,0.22,0.23,0.225,0.01,20.0,149.0,0.1344080700683594
2026-02-25 10:43:14,690.6,2026-09-30,217,895.0,1.295974514914567,call,0.17,0.18,0.175,0.0099999999999999,115.0,105.0,0.1356287609863281
2026-02-25 10:43:14,690.6,2026-09-30,217,470.0,0.6805676223573703,put,4.01,4.04,4.025,0.0300000000000002,206.0,1181.0,0.3281317187499999
2026-02-25 10:43:14,690.6,2026-09-30,217,485.0,0.702287865624095,put,4.54,4.57,4.555,0.0300000000000002,14.0,169.0,0.3149177395629882
2026-02-25 10:43:14,690.6,2026-09-30,217,540.0,0.7819287576020851,put,7.36,7.4,7.380000000000001,0.04,10.0,300.0,0.2697063996887207
2026-02-25 10:43:14,690.6,2026-09-30,217,550.0,0.7964089197799015,put,8.1,8.14,8.120000000000001,0.0400000000000009,12.0,378.0,0.2621838919067383
2026-02-25 10:43:14,690.6,2026-09-30,217,580.0,0.8398494063133507,put,10.82,10.87,10.845,0.0499999999999989,11.0,115.0,0.2398757653808593
2026-02-25 10:43:14,690.6,2026-09-30,217,595.0,0.8615696495800753,put,12.56,12.61,12.585,0.0499999999999989,14.0,107.0,0.2289810989379883
2026-02-25 10:43:14,690.6,2026-09-30,217,600.0,0.8688097306689835,put,13.19,13.24,13.215,0.0500000000000007,20.0,1388.0,0.2252732502746581
2026-02-25 10:43:14,690.6,2026-09-30,217,613.0,0.8876339415001447,put,15.03,15.08,15.055,0.0500000000000007,15.0,20.0,0.2158586715698242
2026-02-25 10:43:14,690.6,2026-09-30,217,620.0,0.8977700550246163,put,16.11,16.17,16.14,0.0600000000000022,12.0,206.0,0.2107088817596435
2026-02-25 10:43:14,690.6,2026-09-30,217,625.0,0.9050101361135244,put,16.92,16.98,16.950000000000003,0.0599999999999987,10.0,645.0,0.2069018519592285
2026-02-25 10:43:14,690.6,2026-09-30,217,629.0,0.910802200984651,put,17.61,17.67,17.64,0.0600000000000022,10.0,13.0,0.203911159210205
2026-02-25 10:43:14,690.6,2026-09-30,217,631.0,0.9136982334202144,put,17.93,17.99,17.96,0.0599999999999987,200.0,8.0,0.2022021919250488
2026-02-25 10:43:14,690.6,2026-09-30,217,634.0,0.9180422820735592,put,18.47,18.53,18.5,0.0600000000000022,54.0,66.0,0.1999133964538574
2026-02-25 10:43:14,690.6,2026-09-30,217,635.0,0.9194902982913408,put,18.67,18.74,18.705,0.0699999999999967,24.0,92.0,0.1992877923583984
2026-02-25 10:43:14,690.6,2026-09-30,217,636.0,0.9209383145091224,put,18.87,18.93,18.9,0.0599999999999987,10.0,31.0,0.1985477484893798
2026-02-25 10:43:14,690.6,2026-09-30,217,639.0,0.9252823631624674,put,19.44,19.5,19.47,0.0599999999999987,54.0,55.0,0.1962360650634765
2026-02-25 10:43:14,690.6,2026-09-30,217,641.0,0.9281783955980306,put,19.83,19.89,19.86,0.0600000000000022,20.0,91.0,0.194694942779541
2026-02-25 10:43:14,690.6,2026-09-30,217,650.0,0.9412105415580654,put,21.69,21.75,21.72,0.0599999999999987,12.0,1433.0,0.1876912286376953
2026-02-25 10:43:14,690.6,2026-09-30,217,653.0,0.9455545902114104,put,22.33,22.4,22.365,0.0700000000000002,83.0,84.0,0.185280364074707
2026-02-25 10:43:14,690.6,2026-09-30,217,657.0,0.9513466550825368,put,23.78,23.86,23.82,0.0799999999999983,17.0,21.0,0.1849141567993164
2026-02-25 10:43:14,690.6,2026-09-30,217,658.0,0.9527946713003186,put,23.43,23.5,23.465,0.0700000000000002,399.0,404.0,0.1810689804077148
2026-02-25 10:43:14,690.6,2026-09-30,217,664.0,0.9614827686070084,put,24.89,24.96,24.925,0.0700000000000002,178.0,952.0,0.1762625099182129
2026-02-25 10:43:14,690.6,2026-09-30,217,670.0,0.9701708659136982,put,26.42,26.49,26.455,0.0699999999999967,10.0,606.0,0.1712500478363037
2026-02-25 10:43:14,690.6,2026-09-30,217,677.0,0.9803069794381696,put,28.4,28.49,28.445,0.0899999999999998,11.0,279.0,0.1657035334777832
2026-02-25 10:43:14,690.6,2026-09-30,217,678.0,0.9817549956559514,put,28.7,28.78,28.74,0.0800000000000018,10.0,217.0,0.1648566791534424
2026-02-25 10:43:14,690.6,2026-09-30,217,679.0,0.9832030118737328,put,28.98,29.07,29.025,0.0899999999999998,60.0,136.0,0.1639945661926269
2026-02-25 10:43:14,690.6,2026-09-30,217,680.0,0.9846510280915146,put,29.27,29.35,29.31,0.0800000000000018,10.0,969.0,0.1630714186859131
2026-02-25 10:43:14,690.6,2026-09-30,217,684.0,0.9904430929626412,put,30.44,30.53,30.485,0.0899999999999998,20.0,297.0,0.1594627511596679
2026-02-25 10:43:14,690.6,2026-09-30,217,685.0,0.9918911091804228,put,30.83,30.92,30.875,0.0900000000000034,135.0,571.0,0.1589668454742432
2026-02-25 10:43:14,690.6,2026-09-30,217,686.0,0.9933391253982043,put,31.09,31.17,31.130000000000003,0.0800000000000018,10.0,118.0,0.1577843011474609
2026-02-25 10:43:14,690.6,2026-09-30,217,690.0,0.999131190269331,put,32.47,32.56,32.515,0.0900000000000034,16.0,1444.0,0.1546944272613525
2026-02-25 10:43:14,690.6,2026-09-30,217,705.0,1.0208514335360557,put,38.03,38.12,38.075,0.0899999999999963,41.0,66.0,0.1415262239837646
2026-02-25 10:43:14,690.6,2026-12-18,296,665.0,0.96293078482479,call,70.76,71.2,70.98,0.4399999999999977,41.0,1542.0,0.2359390371704101
2026-02-25 10:43:14,690.6,2026-12-18,296,690.0,0.999131190269331,call,53.58,53.97,53.775,0.3900000000000005,82.0,1463.0,0.2161714736175537
2026-02-25 10:43:14,690.6,2026-12-18,296,700.0,1.0136113524471473,call,47.18,47.52,47.35,0.3400000000000034,10.0,7396.0,0.208267499923706
2026-02-25 10:43:14,690.6,2026-12-18,296,705.0,1.0208514335360557,call,44.26,44.33,44.295,0.0700000000000002,45.0,4232.0,0.2040255989837646
2026-02-25 10:43:14,690.6,2026-12-18,296,710.0,1.0280915146249638,call,41.34,41.42,41.38,0.0799999999999983,26.0,5666.0,0.2005924057769774
2026-02-25 10:43:14,690.6,2026-12-18,296,715.0,1.035331595713872,call,38.39,38.48,38.435,0.0899999999999963,26.0,1957.0,0.196724341430664
2026-02-25 10:43:14,690.6,2026-12-18,296,725.0,1.0498117578916883,call,32.85,32.93,32.89,0.0799999999999983,19.0,1420.0,0.189285756149292
2026-02-25 10:43:14,690.6,2026-12-18,296,735.0,1.064291920069505,call,27.77,27.84,27.805,0.0700000000000002,136.0,2005.0,0.1822438954162598
2026-02-25 10:43:14,690.6,2026-12-18,296,740.0,1.0715320011584129,call,25.31,25.38,25.345,0.0700000000000002,129.0,3469.0,0.1784750122070312
2026-02-25 10:43:14,690.6,2026-12-18,296,750.0,1.0860121633362294,call,21.02,21.09,21.055,0.0700000000000002,10.0,33340.0,0.1723562989807129
2026-02-25 10:43:14,690.6,2026-12-18,296,760.0,1.1004923255140455,call,17.12,17.18,17.15,0.0599999999999987,51.0,4644.0,0.166123145980835
2026-02-25 10:43:14,690.6,2026-12-18,296,770.0,1.114972487691862,call,13.81,13.86,13.835,0.0499999999999989,133.0,9082.0,0.1607444766235352
2026-02-25 10:43:14,690.6,2026-12-18,296,775.0,1.1222125687807702,call,12.36,12.4,12.38,0.0400000000000009,95.0,6639.0,0.158310724105835
2026-02-25 10:43:14,690.6,2026-12-18,296,800.0,1.1584129742253113,call,6.87,6.91,6.890000000000001,0.04,33.0,8393.0,0.1487817056274414
2026-02-25 10:43:14,690.6,2026-12-18,296,815.0,1.1801332174920358,call,4.69,4.73,4.710000000000001,0.04,215.0,2656.0,0.1444024769592285
2026-02-25 10:43:14,690.6,2026-12-18,296,840.0,1.2163336229365769,call,2.48,2.51,2.495,0.0299999999999998,12.0,3554.0,0.1399774723815918
2026-02-25 10:43:14,690.6,2026-12-18,296,870.0,1.259774109470026,call,1.19,1.21,1.2,0.02,17.0,691.0,0.1381922119140625
2026-02-25 10:43:14,690.6,2026-12-18,296,890.0,1.2887344338256588,call,0.74,0.76,0.75,0.02,201.0,721.0,0.1382837637329101
2026-02-25 10:43:14,690.6,2026-12-18,296,900.0,1.3032145960034751,call,0.59,0.61,0.6,0.02,53.0,6782.0,0.13868048828125
2026-02-25 10:43:14,690.6,2026-12-18,296,910.0,1.3176947581812917,call,0.47,0.49,0.48,0.02,101.0,3749.0,0.1391687646484375
2026-02-25 10:43:14,690.6,2026-12-18,296,915.0,1.3249348392701998,call,0.42,0.44,0.43,0.02,103.0,1345.0,0.1394129028320312
2026-02-25 10:43:14,690.6,2026-12-18,296,925.0,1.3394150014480162,call,0.34,0.35,0.345,0.0099999999999999,30.0,582.0,0.1397791101074219
2026-02-25 10:43:14,690.6,2026-12-18,296,930.0,1.3466550825369243,call,0.3,0.32,0.31,0.02,10.0,91.0,0.1403284210205078
2026-02-25 10:43:14,690.6,2026-12-18,296,935.0,1.3538951636258325,call,0.27,0.28,0.275,0.01,105.0,2207.0,0.1401453173828125
2026-02-25 10:43:14,690.6,2026-12-18,296,220.0,0.3185635679119606,put,0.69,0.71,0.7,0.02,26.0,590.0,0.5522505712890625
2026-02-25 10:43:14,690.6,2026-12-18,296,230.0,0.333043730089777,put,0.77,0.79,0.78,0.02,97.0,429.0,0.5395553857421876
2026-02-25 10:43:14,690.6,2026-12-18,296,245.0,0.3547639733565015,put,0.91,0.92,0.915,0.01,12.0,265.0,0.521367091064453
2026-02-25 10:43:14,690.6,2026-12-18,296,260.0,0.3764842166232262,put,1.06,1.08,1.07,0.02,10.0,2633.0,0.5043994873046875
2026-02-25 10:43:14,690.6,2026-12-18,296,280.0,0.4054445409788589,put,1.29,1.31,1.3,0.02,250.0,813.0,0.4829153271484375
2026-02-25 10:43:14,690.6,2026-12-18,296,290.0,0.4199247031566753,put,1.42,1.44,1.43,0.02,267.0,1382.0,0.4722953161621094
2026-02-25 10:43:14,690.6,2026-12-18,296,300.0,0.4344048653344917,put,1.56,1.57,1.565,0.01,10.0,1705.0,0.4615532360839844
2026-02-25 10:43:14,690.6,2026-12-18,296,320.0,0.4633651896901245,put,1.85,1.87,1.86,0.02,100.0,1546.0,0.4412897668457031
2026-02-25 10:43:14,690.6,2026-12-18,296,355.0,0.5140457573124819,put,2.44,2.46,2.45,0.02,83.0,829.0,0.4064390411376953
2026-02-25 10:43:14,690.6,2026-12-18,296,400.0,0.5792064871126557,put,3.4,3.42,3.41,0.02,22.0,18251.0,0.3641726181030273
2026-02-25 10:43:14,690.6,2026-12-18,296,420.0,0.6081668114682884,put,3.95,3.97,3.96,0.02,179.0,3704.0,0.3467777725219726
2026-02-25 10:43:14,690.6,2026-12-18,296,445.0,0.6443672169128294,put,4.77,4.79,4.779999999999999,0.0200000000000004,167.0,1047.0,0.3259344750976562
2026-02-25 10:43:14,690.6,2026-12-18,296,450.0,0.6516072980017376,put,4.95,4.98,4.965,0.0300000000000002,29.0,12959.0,0.3219672296142577
2026-02-25 10:43:14,690.6,2026-12-18,296,500.0,0.7240081088908196,put,7.38,7.41,7.395,0.0300000000000002,55.0,8784.0,0.2841410697937011
2026-02-25 10:43:14,690.6,2026-12-18,296,505.0,0.7312481899797277,put,7.71,7.74,7.725,0.0300000000000002,15.0,1307.0,0.2807689111328124
2026-02-25 10:43:14,690.6,2026-12-18,296,550.0,0.7964089197799015,put,11.31,11.34,11.325,0.0299999999999993,25.0,13152.0,0.2502058622741699
2026-02-25 10:43:14,690.6,2026-12-18,296,595.0,0.8615696495800753,put,16.84,16.88,16.86,0.0399999999999991,24.0,2560.0,0.2216569534301757
2026-02-25 10:43:14,690.6,2026-12-18,296,600.0,0.8688097306689835,put,17.63,17.67,17.65,0.0400000000000027,23.0,16555.0,0.2186433727264404
2026-02-25 10:43:14,690.6,2026-12-18,296,665.0,0.96293078482479,put,31.08,31.16,31.119999999999997,0.0800000000000018,30.0,1876.0,0.1756292765045166
2026-02-25 10:43:14,690.6,2026-12-18,296,680.0,0.9846510280915146,put,35.33,35.41,35.37,0.0799999999999983,30.0,6272.0,0.1645286184692382
2026-02-25 10:43:14,690.6,2026-12-18,296,685.0,0.9918911091804228,put,36.87,36.95,36.91,0.0800000000000054,1453.0,4870.0,0.160691071395874
2026-02-25 10:43:14,690.6,2026-12-18,296,695.0,1.0063712713582391,put,40.29,40.37,40.33,0.0799999999999983,11.0,2027.0,0.1532830033874512
2026-02-25 10:43:14,690.6,2026-12-18,296,710.0,1.0280915146249638,put,46.03,46.15,46.09,0.1199999999999974,40.0,11667.0,0.1416711810302734
2026-02-25 10:43:14,690.6,2026-12-18,296,735.0,1.064291920069505,put,57.73,58.14,57.935,0.4100000000000037,10.0,6680.0,0.1213695652008056
2026-02-25 10:43:14,690.6,2026-12-31,309,703.0,1.0179554011004923,call,46.31,46.39,46.35,0.0799999999999983,105.0,177.0,0.2044833580780028
2026-02-25 10:43:14,690.6,2026-12-31,309,704.0,1.019403417318274,call,45.65,45.72,45.685,0.0700000000000002,64.0,129.0,0.2035144346618652
2026-02-25 10:43:14,690.6,2026-12-31,309,740.0,1.0715320011584129,call,26.07,26.14,26.105,0.0700000000000002,64.0,788.0,0.1778646667480468
2026-02-25 10:43:14,690.6,2026-12-31,309,745.0,1.0787720822473212,call,23.81,23.87,23.84,0.0600000000000022,205.0,525.0,0.1746069478607178
2026-02-25 10:43:14,690.6,2026-12-31,309,750.0,1.0860121633362294,call,21.72,21.78,21.75,0.0600000000000022,103.0,2059.0,0.1717001776123047
2026-02-25 10:43:14,690.6,2026-12-31,309,780.0,1.1294526498696784,call,11.58,11.63,11.605,0.0500000000000007,15.0,221.0,0.1557549024963379
2026-02-25 10:43:14,690.6,2026-12-31,309,785.0,1.1366927309585868,call,10.36,10.4,10.38,0.0400000000000009,36.0,84.0,0.1537407624816894
2026-02-25 10:43:14,690.6,2026-12-31,309,790.0,1.143932812047495,call,9.25,9.29,9.27,0.0399999999999991,32.0,237.0,0.1519249847412109
2026-02-25 10:43:14,690.6,2026-12-31,309,795.0,1.1511728931364031,call,8.24,8.27,8.254999999999999,0.0299999999999993,81.0,122.0,0.1501549829101562
2026-02-25 10:43:14,690.6,2026-12-31,309,815.0,1.1801332174920358,call,5.06,5.1,5.08,0.04,500.0,1078.0,0.1442956665039062
2026-02-25 10:43:14,690.6,2026-12-31,309,895.0,1.295974514914567,call,0.74,0.76,0.75,0.02,100.0,120.0,0.1378260046386719
2026-02-25 10:43:14,690.6,2026-12-31,309,545.0,0.7891688386909933,put,11.26,11.31,11.285,0.0500000000000007,11.0,45.0,0.2515333636474609
2026-02-25 10:43:14,690.6,2026-12-31,309,550.0,0.7964089197799015,put,11.75,11.8,11.775,0.0500000000000007,116.0,825.0,0.2482832740783691
2026-02-25 10:43:14,690.6,2026-12-31,309,565.0,0.8181291630466261,put,13.37,13.42,13.395,0.0500000000000007,14.0,28.0,0.2387008503723144
2026-02-25 10:43:14,690.6,2026-12-31,309,585.0,0.8470894874022589,put,15.96,16.01,15.985,0.0500000000000007,10.0,51.0,0.2264634239196777
2026-02-25 10:43:14,690.6,2026-12-31,309,600.0,0.8688097306689835,put,18.19,18.26,18.225,0.0700000000000002,31.0,501.0,0.217231948852539
2026-02-25 10:43:14,690.6,2026-12-31,309,620.0,0.8977700550246163,put,21.59,21.66,21.625,0.0700000000000002,70.0,629.0,0.2044223235321044
2026-02-25 10:43:14,690.6,2026-12-31,309,623.0,0.9021141036779612,put,22.15,22.22,22.185,0.0700000000000002,15.0,121.0,0.2024768473815917
2026-02-25 10:43:14,690.6,2026-12-31,309,653.0,0.9455545902114104,put,28.71,28.8,28.755000000000003,0.0899999999999998,71.0,125.0,0.183151784286499
2026-02-25 10:43:14,690.6,2026-12-31,309,664.0,0.9614827686070084,put,31.54,31.64,31.59,0.1000000000000014,140.0,70.0,0.1757131990051269
2026-02-25 10:43:14,690.6,2026-12-31,309,680.0,0.9846510280915146,put,36.09,36.18,36.135000000000005,0.0899999999999963,73.0,888.0,0.1641318939208984
2026-02-25 10:43:14,690.6,2026-12-31,309,684.0,0.9904430929626412,put,37.33,37.44,37.385,0.1099999999999994,10.0,522.0,0.1612403823089599
2026-02-25 10:43:14,690.6,2026-12-31,309,692.0,1.0020272227048943,put,39.97,40.08,40.025,0.1099999999999994,15.0,19.0,0.1552742554473877
2026-02-25 10:43:14,690.6,2026-12-31,309,700.0,1.0136113524471473,put,42.85,42.97,42.91,0.1199999999999974,13.0,87.0,0.1493386458587646
2026-02-25 10:43:14,690.6,2026-12-31,309,740.0,1.0715320011584129,put,61.37,61.85,61.61,0.480000000000004,15.0,19.0,0.1187832263183593
2026-02-25 10:43:14,690.6,2027-01-15,324,650.0,0.9412105415580654,call,84.05,84.47,84.25999999999999,0.4200000000000017,46.0,6087.0,0.2463454272460937
2026-02-25 10:43:14,690.6,2027-01-15,324,690.0,0.999131190269331,call,56.08,56.46,56.27,0.3800000000000025,31.0,1717.0,0.2162706547546386
2026-02-25 10:43:14,690.6,2027-01-15,324,700.0,1.0136113524471473,call,49.75,50.13,49.94,0.3800000000000025,25.0,7601.0,0.2091296128845214
2026-02-25 10:43:14,690.6,2027-01-15,324,705.0,1.0208514335360557,call,46.7,46.77,46.735,0.0700000000000002,21.0,1912.0,0.2044146942138671
2026-02-25 10:43:14,690.6,2027-01-15,324,715.0,1.035331595713872,call,40.78,40.84,40.81,0.0600000000000022,17.0,1954.0,0.197174471206665
2026-02-25 10:43:14,690.6,2027-01-15,324,730.0,1.0570518389805963,call,32.59,32.65,32.620000000000005,0.0599999999999951,257.0,3752.0,0.1867146759033203
2026-02-25 10:43:14,690.6,2027-01-15,324,740.0,1.0715320011584129,call,27.74,27.8,27.77,0.0600000000000022,26.0,2782.0,0.1804433763122558
2026-02-25 10:43:14,690.6,2027-01-15,324,745.0,1.0787720822473212,call,25.42,25.48,25.450000000000003,0.0599999999999987,18.0,4139.0,0.1771780281066894
2026-02-25 10:43:14,690.6,2027-01-15,324,750.0,1.0860121633362294,call,23.17,23.23,23.200000000000003,0.0599999999999987,31.0,5221.0,0.1738058694458008
2026-02-25 10:43:14,690.6,2027-01-15,324,755.0,1.0932522444251376,call,21.18,21.24,21.21,0.0599999999999987,19.0,2833.0,0.1711279787445068
2026-02-25 10:43:14,690.6,2027-01-15,324,760.0,1.1004923255140455,call,19.2,19.25,19.225,0.0500000000000007,179.0,2298.0,0.1680228462219238
2026-02-25 10:43:14,690.6,2027-01-15,324,765.0,1.107732406602954,call,17.43,17.49,17.46,0.0599999999999987,40.0,1432.0,0.1655204298400879
2026-02-25 10:43:14,690.6,2027-01-15,324,780.0,1.1294526498696784,call,12.77,12.82,12.795,0.0500000000000007,15.0,2486.0,0.15821154296875
2026-02-25 10:43:14,690.6,2027-01-15,324,785.0,1.1366927309585868,call,11.42,11.47,11.445,0.0500000000000007,16.0,1092.0,0.1558769715881348
2026-02-25 10:43:14,690.6,2027-01-15,324,795.0,1.1511728931364031,call,9.16,9.19,9.175,0.0299999999999993,215.0,1655.0,0.1520928297424316
2026-02-25 10:43:14,690.6,2027-01-15,324,800.0,1.1584129742253113,call,8.21,8.24,8.225000000000001,0.0299999999999993,40.0,16483.0,0.1506127420043945
2026-02-25 10:43:14,690.6,2027-01-15,324,810.0,1.1728931364031276,call,6.48,6.52,6.5,0.0399999999999991,16.0,1093.0,0.147469462890625
2026-02-25 10:43:14,690.6,2027-01-15,324,820.0,1.187373298580944,call,5.11,5.15,5.130000000000001,0.04,203.0,1896.0,0.1449517878723144
2026-02-25 10:43:14,690.6,2027-01-15,324,840.0,1.2163336229365769,call,3.15,3.19,3.17,0.04,65.0,1458.0,0.1412134219360352
2026-02-25 10:43:14,690.6,2027-01-15,324,855.0,1.2380538662033014,call,2.21,2.24,2.225,0.0300000000000002,120.0,7611.0,0.1395960064697265
2026-02-25 10:43:14,690.6,2027-01-15,324,860.0,1.2452939472922095,call,1.95,1.99,1.97,0.04,404.0,4772.0,0.1391687646484375
2026-02-25 10:43:14,690.6,2027-01-15,324,870.0,1.259774109470026,call,1.57,1.59,1.58,0.02,10.0,8633.0,0.1387720401000977
2026-02-25 10:43:14,690.6,2027-01-15,324,895.0,1.295974514914567,call,0.89,0.92,0.905,0.03,10.0,2130.0,0.13868048828125
2026-02-25 10:43:14,690.6,2027-01-15,324,900.0,1.3032145960034751,call,0.8,0.82,0.81,0.0199999999999999,154.0,34324.0,0.1386194537353515
2026-02-25 10:43:14,690.6,2027-01-15,324,915.0,1.3249348392701998,call,0.58,0.61,0.595,0.03,22.0,454.0,0.1394739373779297
2026-02-25 10:43:14,690.6,2027-01-15,324,930.0,1.3466550825369243,call,0.43,0.45,0.44,0.02,35.0,153.0,0.1402063519287109
2026-02-25 10:43:14,690.6,2027-01-15,324,940.0,1.361135244714741,call,0.36,0.37,0.365,0.01,50.0,254.0,0.1408166973876953
2026-02-25 10:43:14,690.6,2027-01-15,324,945.0,1.3683753258036488,call,0.32,0.34,0.33,0.02,50.0,168.0,0.1413660083007812
2026-02-25 10:43:14,690.6,2027-01-15,324,955.0,1.3828554879814654,call,0.27,0.28,0.275,0.01,150.0,237.0,0.1419763537597656
2026-02-25 10:43:14,690.6,2027-01-15,324,965.0,1.3973356501592815,call,0.22,0.24,0.2299999999999999,0.0199999999999999,10.0,114.0,0.1433191137695312
2026-02-25 10:43:14,690.6,2027-01-15,324,975.0,1.411815812337098,call,0.18,0.2,0.19,0.02,10.0,54.0,0.1440515283203124
2026-02-25 10:43:14,690.6,2027-01-15,324,990.0,1.4335360556038228,call,0.14,0.16,0.15,0.0199999999999999,30.0,1946.0,0.1460046337890624
2026-02-25 10:43:14,690.6,2027-01-15,324,995.0,1.440776136692731,call,0.13,0.15,0.14,0.0199999999999999,53.0,1033.0,0.1467370483398437
2026-02-25 10:43:14,690.6,2027-01-15,324,1000.0,1.4480162177816391,call,0.13,0.14,0.135,0.01,31.0,17755.0,0.147469462890625
2026-02-25 10:43:14,690.6,2027-01-15,324,1010.0,1.4624963799594557,call,0.1,0.12,0.11,0.0199999999999999,20.0,579.0,0.1486901538085937
2026-02-25 10:43:14,690.6,2027-01-15,324,1050.0,1.520417028670721,call,0.07,0.08,0.075,0.0099999999999999,10.0,486.0,0.1557701611328125
2026-02-25 10:43:14,690.6,2027-01-15,324,1060.0,1.5348971908485374,call,0.06,0.08,0.07,0.02,10.0,3398.0,0.1586998193359375
2026-02-25 10:43:14,690.6,2027-01-15,324,1080.0,1.5638575152041705,call,0.06,0.07,0.065,0.01,525.0,867.0,0.163094306640625
2026-02-25 10:43:14,690.6,2027-01-15,324,1100.0,1.592817839559803,call,0.04,0.06,0.05,0.0199999999999999,50.0,270.0,0.1665122412109375
2026-02-25 10:43:14,690.6,2027-01-15,324,1180.0,1.708659136982334,call,0.02,0.04,0.03,0.02,100.0,871.0,0.1826253613281249
2026-02-25 10:43:14,690.6,2027-01-15,324,1200.0,1.737619461337967,call,0.02,0.04,0.03,0.02,20.0,299.0,0.187508125
2026-02-25 10:43:14,690.6,2027-01-15,324,1230.0,1.7810599478714162,call,0.01,0.03,0.02,0.0199999999999999,20.0,2594.0,0.190437783203125
2026-02-25 10:43:14,690.6,2027-01-15,324,1280.0,1.853460758760498,call,0.01,0.03,0.02,0.0199999999999999,50.0,1446.0,0.2021564160156249
2026-02-25 10:43:14,690.6,2027-01-15,324,1310.0,1.896901245293947,call,0.01,0.03,0.02,0.0199999999999999,100.0,591.0,0.2089922851562499
2026-02-25 10:43:14,690.6,2027-01-15,324,50.0,0.0724008108890819,put,0.02,0.04,0.03,0.02,194.0,22419.0,0.8789074609374999
2026-02-25 10:43:14,690.6,2027-01-15,324,55.0,0.0796408919779901,put,0.03,0.04,0.035,0.01,253.0,4844.0,0.8554701953125
2026-02-25 10:43:14,690.6,2027-01-15,324,60.0,0.0868809730668983,put,0.04,0.05,0.045,0.01,96.0,11719.0,0.8437515624999999
2026-02-25 10:43:14,690.6,2027-01-15,324,65.0,0.0941210541558065,put,0.04,0.06,0.05,0.0199999999999999,15.0,223.0,0.82226740234375
2026-02-25 10:43:14,690.6,2027-01-15,324,75.0,0.1086012163336229,put,0.06,0.07,0.065,0.01,10.0,144.0,0.789064609375
2026-02-25 10:43:14,690.6,2027-01-15,324,85.0,0.1230813785114393,put,0.08,0.09,0.0849999999999999,0.0099999999999999,32.0,52.0,0.7617211328125001
2026-02-25 10:43:14,690.6,2027-01-15,324,130.0,0.1882421083116131,put,0.2,0.22,0.21,0.0199999999999999,10.0,1025.0,0.6630893066406252
2026-02-25 10:43:14,690.6,2027-01-15,324,135.0,0.1954821894005212,put,0.22,0.24,0.2299999999999999,0.0199999999999999,20.0,50.0,0.6543003320312502
2026-02-25 10:43:14,690.6,2027-01-15,324,145.0,0.2099623515783376,put,0.27,0.28,0.275,0.01,15.0,91.0,0.6381872119140625
2026-02-25 10:43:14,690.6,2027-01-15,324,170.0,0.2461627570228786,put,0.4,0.42,0.41,0.0199999999999999,24.0,133.0,0.6008340698242189
2026-02-25 10:43:14,690.6,2027-01-15,324,185.0,0.2678830002896032,put,0.5,0.51,0.505,0.01,10.0,1048.0,0.5800823242187501
2026-02-25 10:43:14,690.6,2027-01-15,324,200.0,0.2896032435563278,put,0.61,0.63,0.62,0.02,20.0,9743.0,0.5610395458984375
2026-02-25 10:43:14,690.6,2027-01-15,324,205.0,0.296843324645236,put,0.65,0.67,0.66,0.02,10.0,331.0,0.5546919531250001
2026-02-25 10:43:14,690.6,2027-01-15,324,210.0,0.3040834057341442,put,0.69,0.71,0.7,0.02,10.0,23.0,0.5483443603515626
2026-02-25 10:43:14,690.6,2027-01-15,324,230.0,0.333043730089777,put,0.86,0.88,0.87,0.02,10.0,101.0,0.523442265625
2026-02-25 10:43:14,690.6,2027-01-15,324,235.0,0.3402838111786851,put,0.91,0.93,0.92,0.02,13.0,127.0,0.5177050183105469
2026-02-25 10:43:14,690.6,2027-01-15,324,250.0,0.3620040544454098,put,1.07,1.09,1.08,0.02,36.0,2900.0,0.5008594836425782
2026-02-25 10:43:14,690.6,2027-01-15,324,255.0,0.3692441355343179,put,1.13,1.15,1.14,0.02,10.0,300.0,0.4962208581542969
2026-02-25 10:43:14,690.6,2027-01-15,324,260.0,0.3764842166232262,put,1.19,1.2,1.1949999999999998,0.01,60.0,385.0,0.49023947265625
2026-02-25 10:43:14,690.6,2027-01-15,324,265.0,0.3837242977121343,put,1.32,1.34,1.33,0.02,10.0,235.0,0.4892629199218751
2026-02-25 10:43:14,690.6,2027-01-15,324,285.0,0.4126846220677671,put,1.5,1.52,1.51,0.02,10.0,1466.0,0.4637504797363281
2026-02-25 10:43:14,690.6,2027-01-15,324,290.0,0.4199247031566753,put,1.58,1.6,1.59,0.02,10.0,39.0,0.45898978515625
2026-02-25 10:43:14,690.6,2027-01-15,324,295.0,0.4271647842455835,put,1.65,1.67,1.66,0.02,10.0,75.0,0.4538018487548828
2026-02-25 10:43:14,690.6,2027-01-15,324,300.0,0.4344048653344917,put,1.72,1.74,1.73,0.02,17.0,4601.0,0.4485528778076171
2026-02-25 10:43:14,690.6,2027-01-15,324,355.0,0.5140457573124819,put,2.68,2.7,2.6900000000000004,0.02,10.0,67.0,0.3951476501464844
2026-02-25 10:43:14,690.6,2027-01-15,324,370.0,0.5357660005792064,put,3.0,3.02,3.01,0.02,10.0,612.0,0.3813843600463866
2026-02-25 10:43:14,690.6,2027-01-15,324,390.0,0.5647263249348392,put,3.48,3.51,3.495,0.0299999999999998,10.0,497.0,0.363836928100586
2026-02-25 10:43:14,690.6,2027-01-15,324,405.0,0.5864465682015638,put,3.87,3.9,3.885,0.0299999999999998,10.0,193.0,0.3506534661865234
2026-02-25 10:43:14,690.6,2027-01-15,324,410.0,0.593686649290472,put,4.03,4.06,4.045,0.0299999999999993,10.0,6876.0,0.3466862207031249
2026-02-25 10:43:14,690.6,2027-01-15,324,420.0,0.6081668114682884,put,4.34,4.37,4.355,0.0300000000000002,10.0,780.0,0.3383855224609374
2026-02-25 10:43:14,690.6,2027-01-15,324,440.0,0.6371271358239212,put,5.03,5.07,5.050000000000001,0.04,198.0,2479.0,0.3223334368896483
2026-02-25 10:43:14,690.6,2027-01-15,324,465.0,0.6733275412684622,put,6.11,6.15,6.130000000000001,0.04,107.0,2184.0,0.3034890208435058
2026-02-25 10:43:14,690.6,2027-01-15,324,480.0,0.6950477845351868,put,6.87,6.91,6.890000000000001,0.04,38.0,4448.0,0.2925180612182616
2026-02-25 10:43:14,690.6,2027-01-15,324,485.0,0.702287865624095,put,7.14,7.18,7.16,0.04,17.0,645.0,0.2888712471008299
2026-02-25 10:43:14,690.6,2027-01-15,324,505.0,0.7312481899797277,put,8.42,8.46,8.440000000000001,0.0400000000000009,12.0,1145.0,0.2752758020019531
2026-02-25 10:43:14,690.6,2027-01-15,324,510.0,0.7384882710686359,put,8.77,8.82,8.795,0.0500000000000007,10.0,1870.0,0.2719799365234374
2026-02-25 10:43:14,690.6,2027-01-15,324,515.0,0.7457283521575442,put,9.14,9.19,9.165,0.0499999999999989,34.0,1481.0,0.2686535537719726
2026-02-25 10:43:14,690.6,2027-01-15,324,530.0,0.7674485954242687,put,10.35,10.4,10.375,0.0500000000000007,13.0,1121.0,0.2587812159729004
2026-02-25 10:43:14,690.6,2027-01-15,324,540.0,0.7819287576020851,put,11.27,11.32,11.295,0.0500000000000007,20.0,6243.0,0.2524641404724121
2026-02-25 10:43:14,690.6,2027-01-15,324,545.0,0.7891688386909933,put,11.75,11.81,11.78,0.0600000000000005,10.0,1684.0,0.2493208613586425
2026-02-25 10:43:14,690.6,2027-01-15,324,555.0,0.8036490008688097,put,12.82,12.88,12.85,0.0600000000000005,145.0,4123.0,0.2432250360870361
2026-02-25 10:43:14,690.6,2027-01-15,324,565.0,0.8181291630466261,put,13.97,14.03,14.0,0.0599999999999987,1902.0,3804.0,0.2370681762695312
2026-02-25 10:43:14,690.6,2027-01-15,324,590.0,0.854329568491167,put,17.32,17.39,17.355,0.0700000000000002,10.0,1264.0,0.2218705743408202
2026-02-25 10:43:14,690.6,2027-01-15,324,600.0,0.8688097306689835,put,18.9,18.97,18.935,0.0700000000000002,228.0,24976.0,0.2159197061157226
2026-02-25 10:43:14,690.6,2027-01-15,324,605.0,0.8760498117578916,put,19.69,19.77,19.73,0.0799999999999983,12.0,2206.0,0.2127306510925293
2026-02-25 10:43:14,690.6,2027-01-15,324,630.0,0.9122502172024326,put,24.35,24.43,24.39,0.0799999999999983,26.0,3117.0,0.197174471206665
2026-02-25 10:43:14,690.6,2027-01-15,324,635.0,0.9194902982913408,put,25.45,25.53,25.49,0.0800000000000018,11.0,1872.0,0.1942295543670654
2026-02-25 10:43:14,690.6,2027-01-15,324,645.0,0.9339704604691572,put,27.62,27.71,27.665,0.0899999999999998,32.0,3737.0,0.1875767888641357
2026-02-25 10:43:14,690.6,2027-01-15,324,680.0,0.9846510280915146,put,37.02,37.13,37.075,0.1099999999999994,18.0,5589.0,0.1640174541473389
2026-02-25 10:43:14,690.6,2027-01-15,324,685.0,0.9918911091804228,put,38.61,38.72,38.665,0.1099999999999994,10.0,7152.0,0.1604850798034668
2026-02-25 10:43:14,690.6,2027-01-15,324,690.0,0.999131190269331,put,40.31,40.43,40.370000000000005,0.1199999999999974,53.0,12593.0,0.1570900331878662
2026-02-25 10:43:14,690.6,2027-01-15,324,695.0,1.0063712713582391,put,41.99,42.11,42.05,0.1199999999999974,21.0,3666.0,0.1532372274780273
2026-02-25 10:43:14,690.6,2027-01-15,324,700.0,1.0136113524471473,put,43.87,44.0,43.935,0.1300000000000025,29.0,13369.0,0.1498192929077148
2026-02-25 10:43:14,690.6,2027-01-15,324,705.0,1.0208514335360557,put,45.79,45.92,45.855,0.1300000000000025,20.0,1188.0,0.1461267028808593
2026-02-25 10:43:14,690.6,2027-01-15,324,710.0,1.0280915146249638,put,47.76,47.89,47.825,0.1300000000000025,20.0,4805.0,0.1422052333068847
2026-02-25 10:43:14,690.6,2027-01-15,324,715.0,1.035331595713872,put,49.78,49.92,49.85,0.1400000000000005,38.0,3360.0,0.1380701428222656
2026-02-25 10:43:14,690.6,2027-01-15,324,720.0,1.0425716768027802,put,52.11,52.25,52.18,0.1400000000000005,30.0,2162.0,0.1346216909790039
2026-02-25 10:43:14,690.6,2027-01-15,324,730.0,1.0570518389805963,put,56.91,57.06,56.985,0.1500000000000056,35.0,408.0,0.1267177172851562
2026-02-25 10:43:14,690.6,2027-01-15,324,740.0,1.0715320011584129,put,62.17,62.64,62.405,0.4699999999999988,42.0,160.0,0.119576675415039
2026-02-25 10:43:14,690.6,2027-03-19,387,680.0,0.9846510280915146,call,69.82,70.29,70.055,0.4700000000000131,10.0,254.0,0.2303925228118896
2026-02-25 10:43:14,690.6,2027-03-19,387,700.0,1.0136113524471473,call,56.89,57.34,57.115,0.4500000000000028,72.0,528.0,0.216781819076538
2026-02-25 10:43:14,690.6,2027-03-19,387,705.0,1.0208514335360557,call,53.92,54.33,54.125,0.4099999999999966,23.0,882.0,0.2136766865539551
2026-02-25 10:43:14,690.6,2027-03-19,387,735.0,1.064291920069505,call,37.0,37.08,37.04,0.0799999999999983,10.0,723.0,0.1930088634490966
2026-02-25 10:43:14,690.6,2027-03-19,387,750.0,1.0860121633362294,call,29.67,29.74,29.705,0.0699999999999967,12.0,426.0,0.1836858365631103
2026-02-25 10:43:14,690.6,2027-03-19,387,755.0,1.0932522444251376,call,27.39,27.46,27.425,0.0700000000000002,99.0,585.0,0.1805807040405273
2026-02-25 10:43:14,690.6,2027-03-19,387,775.0,1.1222125687807702,call,19.55,19.61,19.58,0.0599999999999987,10.0,2318.0,0.1698081066894531
2026-02-25 10:43:14,690.6,2027-03-19,387,780.0,1.1294526498696784,call,17.9,17.96,17.93,0.0600000000000022,13.0,1786.0,0.167526940536499
2026-02-25 10:43:14,690.6,2027-03-19,387,800.0,1.1584129742253113,call,12.22,12.28,12.25,0.0599999999999987,10.0,6975.0,0.1588829229736328
2026-02-25 10:43:14,690.6,2027-03-19,387,815.0,1.1801332174920358,call,9.06,9.11,9.085,0.0499999999999989,120.0,908.0,0.1538475729370117
2026-02-25 10:43:14,690.6,2027-03-19,387,845.0,1.223573704025485,call,4.84,4.88,4.859999999999999,0.04,15.0,32.0,0.1465997206115722
2026-02-25 10:43:14,690.6,2027-03-19,387,850.0,1.2308137851143932,call,4.35,4.38,4.365,0.0300000000000002,21.0,1065.0,0.1456231678771972
2026-02-25 10:43:14,690.6,2027-03-19,387,915.0,1.3249348392701998,call,1.17,1.19,1.18,0.02,150.0,343.0,0.1414880773925781
2026-02-25 10:43:14,690.6,2027-03-19,387,950.0,1.3756154068925572,call,0.63,0.65,0.64,0.02,18.0,158.0,0.143013941040039
2026-02-25 10:43:14,690.6,2027-03-19,387,975.0,1.411815812337098,call,0.41,0.43,0.42,0.02,100.0,137.0,0.1445398046875
2026-02-25 10:43:14,690.6,2027-03-19,387,990.0,1.4335360556038228,call,0.32,0.34,0.33,0.02,30.0,45.0,0.1456384265136718
2026-02-25 10:43:14,690.6,2027-03-19,387,1000.0,1.4480162177816391,call,0.28,0.29,0.285,0.0099999999999999,10.0,929.0,0.1463708410644531
2026-02-25 10:43:14,690.6,2027-03-19,387,1070.0,1.549377353026354,call,0.11,0.13,0.12,0.02,20.0,22.0,0.155281884765625
2026-02-25 10:43:14,690.6,2027-03-19,387,1090.0,1.5783376773819866,call,0.09,0.11,0.1,0.02,512.0,525.0,0.1584556811523437
2026-02-25 10:43:14,690.6,2027-03-19,387,1140.0,1.6507384882710685,call,0.07,0.09,0.08,0.0199999999999999,10.0,0.0,0.168953623046875
2026-02-25 10:43:14,690.6,2027-03-19,387,1200.0,1.737619461337967,call,0.04,0.06,0.05,0.0199999999999999,100.0,1239.0,0.17774259765625
2026-02-25 10:43:14,690.6,2027-03-19,387,1310.0,1.896901245293947,call,0.02,0.04,0.03,0.02,32.0,36.0,0.196297099609375
2026-02-25 10:43:14,690.6,2027-03-19,387,1320.0,1.9113814074717637,call,0.02,0.04,0.03,0.02,35.0,41.0,0.198250205078125
2026-02-25 10:43:14,690.6,2027-03-19,387,1330.0,1.92586156964958,call,0.02,0.04,0.03,0.02,24.0,43.0,0.2002033105468749
2026-02-25 10:43:14,690.6,2027-03-19,387,330.0,0.4778453518679409,put,2.75,2.76,2.755,0.0099999999999997,29.0,3245.0,0.3981993774414062
2026-02-25 10:43:14,690.6,2027-03-19,387,335.0,0.4850854329568491,put,2.84,2.86,2.8499999999999996,0.02,14.0,2016.0,0.393560751953125
2026-02-25 10:43:14,690.6,2027-03-19,387,345.0,0.4995655951346655,put,3.07,3.09,3.08,0.02,33.0,604.0,0.3848328118896483
2026-02-25 10:43:14,690.6,2027-03-19,387,355.0,0.5140457573124819,put,3.3,3.33,3.315,0.0300000000000002,100.0,102.0,0.3762269409179687
2026-02-25 10:43:14,690.6,2027-03-19,387,380.0,0.5502461627570229,put,3.96,3.99,3.975,0.0300000000000002,10.0,39.0,0.3551089880371093
2026-02-25 10:43:14,690.6,2027-03-19,387,400.0,0.5792064871126557,put,4.58,4.61,4.595000000000001,0.0300000000000002,100.0,176.0,0.3390874197387695
2026-02-25 10:43:14,690.6,2027-03-19,387,405.0,0.5864465682015638,put,4.75,4.78,4.765000000000001,0.0300000000000002,20.0,14.0,0.3351812088012695
2026-02-25 10:43:14,690.6,2027-03-19,387,415.0,0.6009267303793803,put,5.11,5.14,5.125,0.0299999999999993,32.0,154.0,0.3275213732910156
2026-02-25 10:43:14,690.6,2027-03-19,387,420.0,0.6081668114682884,put,5.3,5.33,5.3149999999999995,0.0300000000000002,15.0,275.0,0.3237372314453124
2026-02-25 10:43:14,690.6,2027-03-19,387,425.0,0.6154068925571966,put,5.51,5.54,5.525,0.0300000000000002,11.0,439.0,0.3201667105102538
2026-02-25 10:43:14,690.6,2027-03-19,387,430.0,0.6226469736461048,put,5.71,5.74,5.725,0.0300000000000002,20.0,469.0,0.3163825686645507
2026-02-25 10:43:14,690.6,2027-03-19,387,495.0,0.7167680278019114,put,9.38,9.42,9.4,0.0399999999999991,96.0,433.0,0.2724682128906249
2026-02-25 10:43:14,690.6,2027-03-19,387,500.0,0.7240081088908196,put,9.76,9.81,9.785,0.0500000000000007,81.0,1327.0,0.2694622615051269
2026-02-25 10:43:14,690.6,2027-03-19,387,515.0,0.7457283521575442,put,10.98,11.03,11.005,0.0499999999999989,62.0,485.0,0.2601392346191406
2026-02-25 10:43:14,690.6,2027-03-19,387,530.0,0.7674485954242687,put,12.39,12.43,12.41,0.0399999999999991,15.0,662.0,0.2511671563720703
2026-02-25 10:43:14,690.6,2027-03-19,387,540.0,0.7819287576020851,put,13.43,13.48,13.455,0.0500000000000007,14.0,479.0,0.2453841331481933
2026-02-25 10:43:14,690.6,2027-03-19,387,545.0,0.7891688386909933,put,14.0,14.04,14.02,0.0399999999999991,80.0,843.0,0.2425307681274414
2026-02-25 10:43:14,690.6,2027-03-19,387,550.0,0.7964089197799015,put,14.54,14.6,14.57,0.0600000000000005,15.0,1991.0,0.2395553340148925
2026-02-25 10:43:14,690.6,2027-03-19,387,570.0,0.8253692441355343,put,17.14,17.19,17.165,0.0500000000000007,11.0,977.0,0.2283402362060547
2026-02-25 10:43:14,690.6,2027-03-19,387,580.0,0.8398494063133507,put,18.57,18.63,18.6,0.0599999999999987,15.0,882.0,0.2226869113922119
2026-02-25 10:43:14,690.6,2027-03-19,387,585.0,0.8470894874022589,put,19.35,19.41,19.380000000000003,0.0599999999999987,18.0,1330.0,0.2199479861450194
2026-02-25 10:43:14,690.6,2027-03-19,387,615.0,0.8905299739357081,put,24.61,24.67,24.64,0.0600000000000022,11.0,122.0,0.2029803823852539
2026-02-25 10:43:14,690.6,2027-03-19,387,620.0,0.8977700550246163,put,25.61,25.66,25.635,0.0500000000000007,10.0,635.0,0.2000965000915527
2026-02-25 10:43:14,690.6,2027-03-19,387,655.0,0.9484506226469736,put,33.56,33.65,33.605000000000004,0.0899999999999963,13.0,1667.0,0.179070099029541
2026-02-25 10:43:14,690.6,2027-03-19,387,725.0,1.0498117578916883,put,57.84,58.0,57.92,0.1599999999999966,20.0,1223.0,0.1322260850524902
2026-02-25 10:43:14,690.6,2027-06-17,477,735.0,1.064291920069505,call,45.58,45.68,45.629999999999995,0.1000000000000014,17.0,533.0,0.201607105102539
2026-02-25 10:43:14,690.6,2027-06-17,477,745.0,1.0787720822473212,call,40.39,40.49,40.44,0.1000000000000014,11.0,196.0,0.1957783059692383
2026-02-25 10:43:14,690.6,2027-06-17,477,755.0,1.0932522444251376,call,35.6,35.7,35.650000000000006,0.1000000000000014,55.0,361.0,0.1903767486572266
2026-02-25 10:43:14,690.6,2027-06-17,477,780.0,1.1294526498696784,call,25.05,25.13,25.09,0.0799999999999983,19.0,502.0,0.1774450542449951
2026-02-25 10:43:14,690.6,2027-06-17,477,790.0,1.143932812047495,call,21.49,21.57,21.53,0.0800000000000018,62.0,333.0,0.1728293167114258
2026-02-25 10:43:14,690.6,2027-06-17,477,820.0,1.187373298580944,call,13.08,13.15,13.115,0.0700000000000002,10.0,332.0,0.1611564598083495
2026-02-25 10:43:14,690.6,2027-06-17,477,845.0,1.223573704025485,call,8.34,8.39,8.365,0.0500000000000007,20.0,23.0,0.1537026158905029
2026-02-25 10:43:14,690.6,2027-06-17,477,865.0,1.252534028381118,call,5.76,5.82,5.79,0.0600000000000005,263.0,536.0,0.1495293788146973
2026-02-25 10:43:14,690.6,2027-06-17,477,880.0,1.2742542716478424,call,4.35,4.4,4.375,0.0500000000000007,10.0,620.0,0.1470422210693359
2026-02-25 10:43:14,690.6,2027-06-17,477,890.0,1.2887344338256588,call,3.62,3.67,3.645,0.0499999999999998,15.0,1764.0,0.1458825646972656
2026-02-25 10:43:14,690.6,2027-06-17,477,895.0,1.295974514914567,call,3.3,3.35,3.325,0.0500000000000002,48.0,1750.0,0.1453637710571289
2026-02-25 10:43:14,690.6,2027-06-17,477,915.0,1.3249348392701998,call,2.31,2.35,2.33,0.04,80.0,230.0,0.1439599765014648
2026-02-25 10:43:14,690.6,2027-06-17,477,940.0,1.361135244714741,call,1.52,1.55,1.535,0.03,18.0,177.0,0.1434717001342773
2026-02-25 10:43:14,690.6,2027-06-17,477,960.0,1.3900955690703736,call,1.11,1.14,1.125,0.0299999999999998,290.0,298.0,0.1439294592285156
2026-02-25 10:43:14,690.6,2027-06-17,477,975.0,1.411815812337098,call,0.97,1.0,0.985,0.03,177.0,191.0,0.1464623928833007
2026-02-25 10:43:14,690.6,2027-06-17,477,1005.0,1.4552562988705473,call,0.64,0.66,0.65,0.02,48.0,13.0,0.1479577392578125
2026-02-25 10:43:14,690.6,2027-06-17,477,1010.0,1.4624963799594557,call,0.54,0.56,0.55,0.02,300.0,433.0,0.1463708410644531
2026-02-25 10:43:14,690.6,2027-06-17,477,1060.0,1.5348971908485374,call,0.35,0.37,0.36,0.02,10.0,14.0,0.1538170556640625
2026-02-25 10:43:14,690.6,2027-06-17,477,1080.0,1.5638575152041705,call,0.22,0.24,0.2299999999999999,0.0199999999999999,20.0,2.0,0.1518639501953125
2026-02-25 10:43:14,690.6,2027-06-17,477,1090.0,1.5783376773819866,call,0.19,0.22,0.205,0.03,34.0,35.0,0.1532067102050781
2026-02-25 10:43:14,690.6,2027-06-17,477,1120.0,1.6217781639154358,call,0.14,0.16,0.15,0.0199999999999999,1575.0,2088.0,0.1557701611328125
2026-02-25 10:43:14,690.6,2027-06-17,477,1130.0,1.6362583260932522,call,0.13,0.15,0.14,0.0199999999999999,624.0,630.0,0.157234990234375
2026-02-25 10:43:14,690.6,2027-06-17,477,1170.0,1.6941789748045175,call,0.1,0.12,0.11,0.0199999999999999,10.0,1109.0,0.1633384448242187
2026-02-25 10:43:14,690.6,2027-06-17,477,1230.0,1.7810599478714162,call,0.07,0.1,0.085,0.03,10.0,43.0,0.1740805249023437
2026-02-25 10:43:14,690.6,2027-06-17,477,1310.0,1.896901245293947,call,0.05,0.08,0.065,0.03,10.0,10.0,0.1870198486328125
2026-02-25 10:43:14,690.6,2027-06-17,477,50.0,0.0724008108890819,put,0.03,0.06,0.045,0.03,20.0,354.0,0.7500025
2026-02-25 10:43:14,690.6,2027-06-17,477,90.0,0.1303214596003475,put,0.14,0.16,0.15,0.0199999999999999,10.0,16.0,0.6445348046875
2026-02-25 10:43:14,690.6,2027-06-17,477,150.0,0.2172024326672458,put,0.49,0.5,0.495,0.01,19.0,334.0,0.5507857421875001
2026-02-25 10:43:14,690.6,2027-06-17,477,200.0,0.2896032435563278,put,0.99,1.01,1.0,0.02,11.0,227.0,0.4936574072265626
2026-02-25 10:43:14,690.6,2027-06-17,477,205.0,0.296843324645236,put,1.05,1.07,1.06,0.02,10.0,56.0,0.4881642980957031
2026-02-25 10:43:14,690.6,2027-06-17,477,230.0,0.333043730089777,put,1.38,1.4,1.39,0.02,10.0,149.0,0.461919443359375
2026-02-25 10:43:14,690.6,2027-06-17,477,255.0,0.3692441355343179,put,1.78,1.8,1.79,0.02,10.0,41.0,0.438054935913086
2026-02-25 10:43:14,690.6,2027-06-17,477,295.0,0.4271647842455835,put,2.66,2.69,2.675,0.0299999999999998,18.0,93.0,0.4054624884033203
2026-02-25 10:43:14,690.6,2027-06-17,477,305.0,0.4416449464233999,put,2.57,2.6,2.585,0.0300000000000002,81.0,80.0,0.3887390228271484
2026-02-25 10:43:14,690.6,2027-06-17,477,340.0,0.4923255140457573,put,3.64,3.66,3.65,0.02,25.0,43.0,0.3648439981079102
2026-02-25 10:43:14,690.6,2027-06-17,477,360.0,0.5212858384013901,put,4.23,4.26,4.245,0.0299999999999993,10.0,16.0,0.3494938098144531
2026-02-25 10:43:14,690.6,2027-06-17,477,370.0,0.5357660005792064,put,4.55,4.58,4.5649999999999995,0.0300000000000002,15.0,130.0,0.3418950088500976
2026-02-25 10:43:14,690.6,2027-06-17,477,385.0,0.557486243845931,put,5.07,5.11,5.09,0.04,37.0,258.0,0.3309087905883788
2026-02-25 10:43:14,690.6,2027-06-17,477,395.0,0.5719664060237475,put,5.46,5.5,5.48,0.04,10.0,10.0,0.3238287832641601
2026-02-25 10:43:14,690.6,2027-06-17,477,400.0,0.5792064871126557,put,5.67,5.7,5.6850000000000005,0.0300000000000002,10.0,159.0,0.3202887796020507
2026-02-25 10:43:14,690.6,2027-06-17,477,435.0,0.629887054735013,put,7.35,7.39,7.369999999999999,0.04,10.0,10.0,0.2971872039794921
2026-02-25 10:43:14,690.6,2027-06-17,477,445.0,0.6443672169128294,put,7.92,7.97,7.945,0.0499999999999998,1261.0,1264.0,0.2909921975708007
2026-02-25 10:43:14,690.6,2027-06-17,477,475.0,0.6878077034462786,put,9.93,9.98,9.955,0.0500000000000007,40.0,220.0,0.2729564892578124
2026-02-25 10:43:14,690.6,2027-06-17,477,485.0,0.702287865624095,put,10.7,10.75,10.725,0.0500000000000007,32.0,79.0,0.2670971728515625
2026-02-25 10:43:14,690.6,2027-06-17,477,500.0,0.7240081088908196,put,11.99,12.05,12.02,0.0600000000000005,11.0,457.0,0.2586896641540527
2026-02-25 10:43:14,690.6,2027-06-17,477,505.0,0.7312481899797277,put,12.46,12.52,12.49,0.0599999999999987,10.0,24.0,0.2559583682250976
2026-02-25 10:43:14,690.6,2027-06-17,477,550.0,0.7964089197799015,put,17.55,17.62,17.585,0.0700000000000002,19.0,2018.0,0.2319183864593505
2026-02-25 10:43:14,690.6,2027-06-17,477,555.0,0.8036490008688097,put,18.2,18.27,18.235,0.0700000000000002,12.0,560.0,0.2291642025756836
2026-02-25 10:43:14,690.6,2027-06-17,477,560.0,0.8108890819577179,put,18.93,19.01,18.97,0.0800000000000018,14.0,64.0,0.2267533380126953
2026-02-25 10:43:14,690.6,2027-06-17,477,600.0,0.8688097306689835,put,25.54,25.63,25.585,0.0899999999999998,21.0,763.0,0.2060931442260741
2026-02-25 10:43:14,690.6,2027-06-17,477,625.0,0.9050101361135244,put,30.66,30.77,30.715,0.1099999999999994,56.0,1530.0,0.1929783461761474
2026-02-25 10:43:14,690.6,2027-06-17,477,630.0,0.9122502172024326,put,31.8,31.91,31.855,0.1099999999999994,11.0,870.0,0.19033860206604
2026-02-25 10:43:14,690.6,2027-06-17,477,635.0,0.9194902982913408,put,32.97,33.08,33.025,0.1099999999999994,12.0,364.0,0.1876454527282715
2026-02-25 10:43:14,690.6,2027-06-17,477,650.0,0.9412105415580654,put,36.68,36.8,36.739999999999995,0.1199999999999974,11.0,796.0,0.1793676424407958
2026-02-25 10:43:14,690.6,2027-06-17,477,655.0,0.9484506226469736,put,37.97,38.09,38.03,0.1200000000000045,20.0,182.0,0.1764456135559082
2026-02-25 10:43:14,690.6,2027-06-17,477,700.0,1.0136113524471473,put,52.14,52.31,52.225,0.1700000000000017,42.0,521.0,0.149948991317749
2026-02-25 10:43:14,690.6,2027-06-17,477,710.0,1.0280915146249638,put,56.07,56.24,56.155,0.1700000000000017,18.0,2303.0,0.1439676058197021
2026-02-25 10:43:14,690.6,2027-12-17,660,735.0,1.064291920069505,call,61.77,61.93,61.85,0.1599999999999966,598.0,735.0,0.2155115375900268
2026-02-25 10:43:14,690.6,2027-12-17,660,740.0,1.0715320011584129,call,59.08,59.23,59.155,0.1499999999999985,18.0,1271.0,0.2130129358673095
2026-02-25 10:43:14,690.6,2027-12-17,660,745.0,1.0787720822473212,call,56.47,56.62,56.545,0.1499999999999985,38.0,315.0,0.2106249592590331
2026-02-25 10:43:14,690.6,2027-12-17,660,760.0,1.1004923255140455,call,48.92,49.07,48.995000000000005,0.1499999999999985,10.0,704.0,0.2034076242065429
2026-02-25 10:43:14,690.6,2027-12-17,660,780.0,1.1294526498696784,call,39.79,39.94,39.864999999999995,0.1499999999999985,10.0,1840.0,0.194343994140625
2026-02-25 10:43:14,690.6,2027-12-17,660,785.0,1.1366927309585868,call,37.63,37.77,37.7,0.1400000000000005,16.0,1276.0,0.1920094227600098
2026-02-25 10:43:14,690.6,2027-12-17,660,855.0,1.2380538662033014,call,15.52,15.63,15.575,0.1100000000000012,72.0,373.0,0.1664435773468018
2026-02-25 10:43:14,690.6,2027-12-17,660,870.0,1.259774109470026,call,12.5,12.61,12.555,0.1099999999999994,14.0,809.0,0.1623008575439453
2026-02-25 10:43:14,690.6,2027-12-17,660,880.0,1.2742542716478424,call,10.79,10.9,10.845,0.1100000000000012,12.0,517.0,0.1598671050262451
2026-02-25 10:43:14,690.6,2027-12-17,660,885.0,1.2814943527367506,call,10.05,10.15,10.1,0.0999999999999996,339.0,504.0,0.1588447763824463
2026-02-25 10:43:14,690.6,2027-12-17,660,900.0,1.3032145960034751,call,8.05,8.14,8.095,0.0899999999999998,16.0,7733.0,0.155884600906372
2026-02-25 10:43:14,690.6,2027-12-17,660,940.0,1.361135244714741,call,4.51,4.59,4.55,0.08,90.0,181.0,0.1508721388244629
2026-02-25 10:43:14,690.6,2027-12-17,660,955.0,1.3828554879814654,call,3.65,3.72,3.685,0.0700000000000002,10.0,686.0,0.1497124824523926
2026-02-25 10:43:14,690.6,2027-12-17,660,970.0,1.40457573124819,call,2.99,3.05,3.02,0.0599999999999996,10.0,938.0,0.1490868783569335
2026-02-25 10:43:14,690.6,2027-12-17,660,975.0,1.411815812337098,call,2.8,2.87,2.835,0.0700000000000002,10.0,16.0,0.1490563610839843
2026-02-25 10:43:14,690.6,2027-12-17,660,1070.0,1.549377353026354,call,1.15,1.2,1.1749999999999998,0.05,11.0,10.0,0.1557701611328125
2026-02-25 10:43:14,690.6,2027-12-17,660,1190.0,1.7231392991601506,call,0.36,0.4,0.38,0.04,10.0,14.0,0.1619956848144531
2026-02-25 10:43:14,690.6,2027-12-17,660,1310.0,1.896901245293947,call,0.15,0.19,0.1699999999999999,0.04,67.0,207.0,0.1722494885253906
2026-02-25 10:43:14,690.6,2027-12-17,660,1320.0,1.9113814074717637,call,0.14,0.18,0.16,0.0399999999999999,23.0,18.0,0.1731039721679687
2026-02-25 10:43:14,690.6,2027-12-17,660,75.0,0.1086012163336229,put,0.13,0.16,0.145,0.03,20.0,20.0,0.596683720703125
2026-02-25 10:43:14,690.6,2027-12-17,660,90.0,0.1303214596003475,put,0.2,0.23,0.215,0.03,10.0,11.0,0.5688519677734375
2026-02-25 10:43:14,690.6,2027-12-17,660,140.0,0.2027222704894294,put,0.59,0.62,0.605,0.03,295.0,323.0,0.5014698291015626
2026-02-25 10:43:14,690.6,2027-12-17,660,290.0,0.4199247031566753,put,3.4,3.43,3.415,0.0300000000000002,22.0,64.0,0.3670107244873046
2026-02-25 10:43:14,690.6,2027-12-17,660,360.0,0.5212858384013901,put,5.86,5.92,5.890000000000001,0.0599999999999996,16.0,5995.0,0.3190223127746581
2026-02-25 10:43:14,690.6,2027-12-17,660,425.0,0.6154068925571966,put,9.49,9.56,9.525,0.0700000000000002,40.0,631.0,0.2813182220458984
2026-02-25 10:43:14,690.6,2027-12-17,660,435.0,0.629887054735013,put,10.2,10.28,10.239999999999998,0.08,16.0,138.0,0.2759929579162597
2026-02-25 10:43:14,690.6,2027-12-17,660,450.0,0.6516072980017376,put,11.39,11.47,11.43,0.08,1152.0,10374.0,0.2683026051330566
2026-02-25 10:43:14,690.6,2027-12-17,660,490.0,0.7095279467130031,put,15.16,15.26,15.21,0.0999999999999996,57.0,640.0,0.2485197829437256
2026-02-25 10:43:14,690.6,2027-12-17,660,500.0,0.7240081088908196,put,16.3,16.4,16.35,0.0999999999999978,44.0,15359.0,0.2438964160919189
2026-02-25 10:43:14,690.6,2027-12-17,660,545.0,0.7891688386909933,put,22.35,22.47,22.41,0.1199999999999974,11.0,1929.0,0.2233735500335693
2026-02-25 10:43:14,690.6,2027-12-17,660,605.0,0.8760498117578916,put,33.43,33.58,33.504999999999995,0.1499999999999985,36.0,1183.0,0.1964878325653076
2026-02-25 10:43:14,690.6,2027-12-17,660,710.0,1.0280915146249638,put,64.12,64.38,64.25,0.2599999999999909,85.0,336.0,0.1444787701416015
2026-02-25 10:43:14,690.6,2028-01-21,695,755.0,1.0932522444251376,call,53.68,53.89,53.785,0.2100000000000008,19.0,622.0,0.2068484467315673
2026-02-25 10:43:14,690.6,2028-01-21,695,815.0,1.1801332174920358,call,28.51,28.69,28.6,0.1799999999999997,11.0,245.0,0.181725101776123
2026-02-25 10:43:14,690.6,2028-01-21,695,820.0,1.187373298580944,call,26.84,27.01,26.925,0.1700000000000017,13.0,532.0,0.1798254015350341
2026-02-25 10:43:14,690.6,2028-01-21,695,830.0,1.2018534607587603,call,23.71,23.87,23.79,0.1600000000000001,20.0,81.0,0.1762091046905517
2026-02-25 10:43:14,690.6,2028-01-21,695,850.0,1.2308137851143932,call,18.33,18.49,18.409999999999997,0.1600000000000001,100.0,591.0,0.1698386239624023
2026-02-25 10:43:14,690.6,2028-01-21,695,900.0,1.3032145960034751,call,9.11,9.25,9.18,0.1400000000000005,10.0,1826.0,0.1574486111450195
2026-02-25 10:43:14,690.6,2028-01-21,695,910.0,1.3176947581812917,call,7.89,8.03,7.959999999999999,0.1399999999999996,30.0,248.0,0.1556938679504394
2026-02-25 10:43:14,690.6,2028-01-21,695,925.0,1.3394150014480162,call,6.39,6.52,6.455,0.1299999999999999,10.0,184.0,0.1536110640716552
2026-02-25 10:43:14,690.6,2028-01-21,695,940.0,1.361135244714741,call,5.18,5.3,5.24,0.1200000000000001,20.0,148.0,0.1519249847412109
2026-02-25 10:43:14,690.6,2028-01-21,695,945.0,1.3683753258036488,call,4.84,4.96,4.9,0.1200000000000001,18.0,23.0,0.1515130015563965
2026-02-25 10:43:14,690.6,2028-01-21,695,955.0,1.3828554879814654,call,5.12,5.25,5.1850000000000005,0.1299999999999999,11.0,167.0,0.1572807661437988
2026-02-25 10:43:14,690.6,2028-01-21,695,990.0,1.4335360556038228,call,2.68,2.78,2.73,0.0999999999999996,26.0,646.0,0.1493310165405273
2026-02-25 10:43:14,690.6,2028-01-21,695,995.0,1.440776136692731,call,2.53,2.63,2.58,0.1,25.0,281.0,0.149422568359375
2026-02-25 10:43:14,690.6,2028-01-21,695,1015.0,1.4697364610483636,call,2.0,2.08,2.04,0.08,25.0,7.0,0.1493920510864257
2026-02-25 10:43:14,690.6,2028-01-21,695,1025.0,1.48421662322618,call,1.78,1.87,1.825,0.09,10.0,750.0,0.149697223815918
2026-02-25 10:43:14,690.6,2028-01-21,695,1080.0,1.5638575152041705,call,1.03,1.09,1.06,0.06,11.0,33.0,0.1522606747436523
2026-02-25 10:43:14,690.6,2028-01-21,695,1180.0,1.708659136982334,call,0.44,0.5,0.47,0.06,128.0,172.0,0.1599205102539062
2026-02-25 10:43:14,690.6,2028-01-21,695,1220.0,1.7665797856935996,call,0.33,0.38,0.355,0.0499999999999999,23.0,17.0,0.163094306640625
2026-02-25 10:43:14,690.6,2028-01-21,695,1240.0,1.7955401100492323,call,0.28,0.34,0.31,0.06,11.0,112.0,0.165047412109375
2026-02-25 10:43:14,690.6,2028-01-21,695,1340.0,1.9403417318273963,call,0.16,0.17,0.165,0.01,15.0,6488.0,0.1711508666992187
2026-02-25 10:43:14,690.6,2028-01-21,695,65.0,0.0941210541558065,put,0.1,0.15,0.125,0.0499999999999999,257.0,262.0,0.6103554589843752
2026-02-25 10:43:14,690.6,2028-01-21,695,135.0,0.1954821894005212,put,0.59,0.63,0.61,0.04,54.0,55.0,0.5002491381835938
2026-02-25 10:43:14,690.6,2028-01-21,695,140.0,0.2027222704894294,put,0.65,0.69,0.6699999999999999,0.0399999999999999,30.0,73.0,0.4969532727050781
2026-02-25 10:43:14,690.6,2028-01-21,695,235.0,0.3402838111786851,put,2.21,2.26,2.235,0.0499999999999998,12.0,859.0,0.4054014538574219
2026-02-25 10:43:14,690.6,2028-01-21,695,285.0,0.4126846220677671,put,3.49,3.55,3.52,0.0599999999999996,162.0,675.0,0.3664919308471679
2026-02-25 10:43:14,690.6,2028-01-21,695,340.0,0.4923255140457573,put,5.39,5.47,5.43,0.08,22.0,33.0,0.3284979260253906
2026-02-25 10:43:14,690.6,2028-01-21,695,420.0,0.6081668114682884,put,9.67,9.78,9.725,0.1099999999999994,100.0,317.0,0.2812266702270507
2026-02-25 10:43:14,690.6,2028-01-21,695,430.0,0.6226469736461048,put,10.39,10.52,10.455,0.129999999999999,24.0,45.0,0.2760539924621581
2026-02-25 10:43:14,690.6,2028-01-21,695,480.0,0.6950477845351868,put,14.82,14.96,14.89,0.1400000000000005,11.0,34.0,0.2510756045532226
2026-02-25 10:43:14,690.6,2028-01-21,695,525.0,0.7602085143353605,put,20.29,20.45,20.369999999999997,0.1600000000000001,19.0,105.0,0.230453557357788
2026-02-25 10:43:14,690.6,2028-01-21,695,560.0,0.8108890819577179,put,25.73,25.91,25.82,0.1799999999999997,52.0,2198.0,0.2150118172454833
2026-02-25 10:43:14,690.6,2028-01-21,695,600.0,0.8688097306689835,put,33.45,33.68,33.565,0.2299999999999968,30.0,553.0,0.1975330491638183
2026-02-25 10:43:14,690.6,2028-01-21,695,645.0,0.9339704604691572,put,44.33,44.59,44.46,0.2600000000000051,10.0,356.0,0.1770025537872314
2026-02-25 10:43:14,690.6,2028-01-21,695,650.0,0.9412105415580654,put,45.7,45.96,45.83,0.259999999999998,18.0,4060.0,0.1746145771789551
2026-02-25 10:43:14,690.6,2028-01-21,695,720.0,1.0425716768027802,put,69.51,69.89,69.7,0.3799999999999954,10.0,320.0,0.139306092376709
2026-02-25 10:43:14,690.6,2028-01-21,695,750.0,1.0860121633362294,put,83.48,83.87,83.67500000000001,0.3900000000000005,15.0,718.0,0.1228038770294189
2026-02-25 10:43:14,690.6,2028-01-21,695,760.0,1.1004923255140455,put,88.79,89.22,89.005,0.4299999999999926,10.0,68.0,0.1170590003967285
2026-02-25 10:43:14,690.6,2028-06-16,842,755.0,1.0932522444251376,call,65.75,65.98,65.86500000000001,0.2300000000000039,65.0,32.0,0.2170717331695556
2026-02-25 10:43:14,690.6,2028-06-16,842,770.0,1.114972487691862,call,58.34,58.57,58.455,0.2299999999999968,29.0,63.0,0.2107889896011352
2026-02-25 10:43:14,690.6,2028-06-16,842,815.0,1.1801332174920358,call,38.97,39.19,39.08,0.2199999999999988,16.0,24.0,0.1931500058364868
2026-02-25 10:43:14,690.6,2028-06-16,842,845.0,1.223573704025485,call,28.64,28.83,28.735,0.1899999999999977,105.0,159.0,0.1826406199645995
2026-02-25 10:43:14,690.6,2028-06-16,842,850.0,1.2308137851143932,call,27.18,27.38,27.28,0.1999999999999993,200.0,6670.0,0.1812139374542236
2026-02-25 10:43:14,690.6,2028-06-16,842,855.0,1.2380538662033014,call,25.73,25.91,25.82,0.1799999999999997,16.0,67.0,0.179596521987915
2026-02-25 10:43:14,690.6,2028-06-16,842,865.0,1.252534028381118,call,23.02,23.2,23.11,0.1799999999999997,18.0,37.0,0.1766363465118408
2026-02-25 10:43:14,690.6,2028-06-16,842,890.0,1.2887344338256588,call,17.25,17.43,17.34,0.1799999999999997,174.0,206.0,0.1700598741912842
2026-02-25 10:43:14,690.6,2028-06-16,842,935.0,1.3538951636258325,call,9.92,10.07,9.995,0.1500000000000003,68.0,73.0,0.1605766316223144
2026-02-25 10:43:14,690.6,2028-06-16,842,960.0,1.3900955690703736,call,7.29,7.43,7.359999999999999,0.1399999999999996,40.0,21.0,0.157059515914917
2026-02-25 10:43:14,690.6,2028-06-16,842,995.0,1.440776136692731,call,4.8,4.92,4.859999999999999,0.1200000000000001,100.0,153.0,0.1538780902099609
2026-02-25 10:43:14,690.6,2028-06-16,842,1020.0,1.4769765421372718,call,3.71,3.88,3.795,0.1699999999999999,19.0,40.0,0.1539238661193848
2026-02-25 10:43:14,690.6,2028-06-16,842,1050.0,1.520417028670721,call,2.63,2.73,2.6799999999999997,0.1,41.0,231.0,0.1522301574707031
2026-02-25 10:43:14,690.6,2028-06-16,842,1100.0,1.592817839559803,call,1.66,1.74,1.7,0.08,40.0,480.0,0.1534508483886719
2026-02-25 10:43:14,690.6,2028-06-16,842,1150.0,1.665218650448885,call,1.18,1.26,1.22,0.08,500.0,644.0,0.1574180938720703
2026-02-25 10:43:14,690.6,2028-06-16,842,1160.0,1.6796988126267014,call,1.1,1.17,1.135,0.0699999999999998,20.0,21.0,0.1579063702392578
2026-02-25 10:43:14,690.6,2028-06-16,842,1190.0,1.7231392991601506,call,0.98,1.05,1.015,0.07,150.0,199.0,0.1618736157226562
2026-02-25 10:43:14,690.6,2028-06-16,842,75.0,0.1086012163336229,put,0.19,0.25,0.22,0.06,10.0,10.0,0.5512740185546876
2026-02-25 10:43:14,690.6,2028-06-16,842,135.0,0.1954821894005212,put,0.78,0.82,0.8,0.0399999999999999,44.0,7.0,0.4722953161621094
2026-02-25 10:43:14,690.6,2028-06-16,842,140.0,0.2027222704894294,put,0.86,0.9,0.88,0.04,132.0,3.0,0.4676566906738281
2026-02-25 10:43:14,690.6,2028-06-16,842,155.0,0.224442513756154,put,1.07,1.12,1.0950000000000002,0.05,100.0,349.0,0.4519097778320313
2026-02-25 10:43:14,690.6,2028-06-16,842,165.0,0.2389226759339704,put,1.24,1.28,1.26,0.04,941.0,942.0,0.4417780432128906
2026-02-25 10:43:14,690.6,2028-06-16,842,220.0,0.3185635679119606,put,2.36,2.4,2.38,0.04,15.0,20.0,0.3933776483154296
2026-02-25 10:43:14,690.6,2028-06-16,842,225.0,0.3258036490008688,put,2.48,2.53,2.505,0.0499999999999998,13.0,15.0,0.3896240237426758
2026-02-25 10:43:14,690.6,2028-06-16,842,230.0,0.333043730089777,put,2.61,2.65,2.63,0.04,13.0,15.0,0.3855347091674803
2026-02-25 10:43:14,690.6,2028-06-16,842,250.0,0.3620040544454098,put,3.16,3.21,3.185,0.0499999999999998,382.0,397.0,0.3707338317871094
2026-02-25 10:43:14,690.6,2028-06-16,842,265.0,0.3837242977121343,put,3.62,3.68,3.65,0.06,20.0,2110.0,0.360235889892578
2026-02-25 10:43:14,690.6,2028-06-16,842,305.0,0.4416449464233999,put,5.03,5.09,5.0600000000000005,0.0599999999999996,250.0,256.0,0.3331060342407227
2026-02-25 10:43:14,690.6,2028-06-16,842,320.0,0.4633651896901245,put,5.66,5.73,5.695,0.0700000000000002,150.0,167.0,0.3238898178100585
2026-02-25 10:43:14,690.6,2028-06-16,842,375.0,0.5430060816681147,put,8.43,8.57,8.5,0.1400000000000005,171.0,124.0,0.2920450434875487
2026-02-25 10:43:14,690.6,2028-06-16,842,475.0,0.6878077034462786,put,17.04,17.2,17.119999999999997,0.1600000000000001,10.0,41.0,0.2441558129119873
2026-02-25 10:43:14,690.6,2028-06-16,842,480.0,0.6950477845351868,put,17.64,17.8,17.72,0.1600000000000001,10.0,47.0,0.2420501210784912
2026-02-25 10:43:14,690.6,2028-06-16,842,520.0,0.7529684332464524,put,22.96,23.14,23.05,0.1799999999999997,20.0,36.0,0.2250596293640136
2026-02-25 10:43:14,690.6,2028-06-16,842,530.0,0.7674485954242687,put,24.51,24.71,24.61,0.1999999999999993,30.0,106.0,0.2210542372894287
2026-02-25 10:43:14,690.6,2028-06-16,842,550.0,0.7964089197799015,put,27.87,28.08,27.975,0.2099999999999973,10.0,128.0,0.2129595306396484
2026-02-25 10:43:14,690.6,2028-06-16,842,570.0,0.8253692441355343,put,31.59,31.81,31.7,0.2199999999999988,500.0,538.0,0.2048571946716308
2026-02-25 10:43:14,690.6,2028-06-16,842,620.0,0.8977700550246163,put,42.73,42.99,42.86,0.2600000000000051,20.0,31.0,0.1845098029327392
2026-02-25 10:43:14,690.6,2028-06-16,842,695.0,1.0063712713582391,put,65.08,65.43,65.255,0.3500000000000085,15.0,48.0,0.1510781304168701
2026-02-25 10:43:14,690.6,2028-06-16,842,765.0,1.107732406602954,put,96.1,96.54,96.32,0.4400000000000119,12.0,167.0,0.1161129649353027
2026-02-25 10:43:14,690.6,2028-12-15,1024,755.0,1.0932522444251376,call,80.02,80.34,80.18,0.3200000000000074,12.0,15.0,0.2280159901809692
2026-02-25 10:43:14,690.6,2028-12-15,1024,785.0,1.1366927309585868,call,65.15,65.46,65.305,0.309999999999988,18.0,31.0,0.2162706547546386
2026-02-25 10:43:14,690.6,2028-12-15,1024,800.0,1.1584129742253113,call,58.31,58.61,58.46,0.2999999999999971,29.0,1152.0,0.2106325885772705
2026-02-25 10:43:14,690.6,2028-12-15,1024,895.0,1.295974514914567,call,25.54,25.8,25.67,0.2600000000000015,24.0,67.0,0.1808019542694091
2026-02-25 10:43:14,690.6,2028-12-15,1024,900.0,1.3032145960034751,call,24.35,24.56,24.455,0.2099999999999973,10.0,1185.0,0.1794897115325927
2026-02-25 10:43:14,690.6,2028-12-15,1024,1000.0,1.4480162177816391,call,8.46,8.67,8.565000000000001,0.209999999999999,10.0,2084.0,0.1608207698059082
2026-02-25 10:43:14,690.6,2028-12-15,1024,1070.0,1.549377353026354,call,4.1,4.27,4.185,0.1699999999999999,400.0,404.0,0.1554039538574219
2026-02-25 10:43:14,690.6,2028-12-15,1024,1170.0,1.6941789748045175,call,1.73,1.84,1.785,0.1100000000000001,51.0,581.0,0.1551903329467773
2026-02-25 10:43:14,690.6,2028-12-15,1024,1200.0,1.737619461337967,call,1.4,1.49,1.4449999999999998,0.09,61.0,126.0,0.1561974029541015
2026-02-25 10:43:14,690.6,2028-12-15,1024,1320.0,1.9113814074717637,call,0.69,0.77,0.73,0.08,125.0,377.0,0.1630332720947265
2026-02-25 10:43:14,690.6,2028-12-15,1024,210.0,0.3040834057341442,put,2.65,2.71,2.6799999999999997,0.06,10.0,12.0,0.3781800463867187
2026-02-25 10:43:14,690.6,2028-12-15,1024,220.0,0.3185635679119606,put,2.95,3.01,2.98,0.0599999999999996,14.0,0.0,0.3710390045166015
2026-02-25 10:43:14,690.6,2028-12-15,1024,230.0,0.333043730089777,put,3.27,3.33,3.3,0.06,13.0,15.0,0.3641421008300781
2026-02-25 10:43:14,690.6,2028-12-15,1024,260.0,0.3764842166232262,put,4.31,4.4,4.355,0.0900000000000007,10.0,1.0,0.3443058734130859
2026-02-25 10:43:14,690.6,2028-12-15,1024,280.0,0.4054445409788589,put,5.11,5.2,5.155,0.0899999999999998,10.0,31.0,0.3316106878662109
2026-02-25 10:43:14,690.6,2028-12-15,1024,290.0,0.4199247031566753,put,5.55,5.64,5.595,0.0899999999999998,100.0,108.0,0.3255835264587401
2026-02-25 10:43:14,690.6,2028-12-15,1024,320.0,0.4633651896901245,put,6.98,7.1,7.04,0.1199999999999992,10.0,83.0,0.3081581636047363
2026-02-25 10:43:14,690.6,2028-12-15,1024,460.0,0.666087460179554,put,18.32,18.54,18.43,0.2199999999999988,11.0,1.0,0.2413100772094726
2026-02-25 10:43:14,690.6,2028-12-15,1024,470.0,0.6805676223573703,put,19.52,19.75,19.635,0.2300000000000004,11.0,89.0,0.2371597280883788
2026-02-25 10:43:14,690.6,2028-12-15,1024,480.0,0.6950477845351868,put,20.84,21.08,20.96,0.2399999999999984,24.0,69.0,0.2332916637420654
2026-02-25 10:43:14,690.6,2028-12-15,1024,515.0,0.7457283521575442,put,25.93,26.2,26.065,0.2699999999999996,18.0,39.0,0.2196046668243408
2026-02-25 10:43:14,690.6,2028-12-15,1024,585.0,0.8470894874022589,put,39.5,39.82,39.66,0.3200000000000003,27.0,267.0,0.1938747910690307
2026-02-25 10:43:14,690.6,2028-12-15,1024,590.0,0.854329568491167,put,40.61,40.95,40.78,0.3400000000000034,25.0,581.0,0.1919712761688232
2026-02-25 10:43:14,690.6,2028-12-15,1024,625.0,0.9050101361135244,put,49.37,49.74,49.555,0.3700000000000045,10.0,49.0,0.1788564781188965
2026-02-25 10:43:14,690.6,2028-12-15,1024,695.0,1.0063712713582391,put,71.05,71.52,71.285,0.4699999999999988,30.0,104.0,0.150299939956665
2026-02-25 10:43:14,690.6,2028-12-15,1024,705.0,1.0208514335360557,put,74.76,75.25,75.005,0.4899999999999949,28.0,282.0,0.1460198924255371
